{"type":"FeatureCollection","features":[{"type":"Feature","properties":{"buffer_m":5},"geometry":{"type":"Polygon","coordinates":[[[77.56894230014973,13.014263541513236],[77.56713757270029,13.014128868836274],[77.56701915001418,13.0141200318785],[77.56684573460221,13.014110563101479],[77.56667159815377,13.014108008724095],[77.56649749964441,13.014112398016705],[77.5663237269176,13.014123724473293],[77.56629483706749,13.014126768351293],[77.56615056769466,13.014141968789916],[77.5659783078295,13.01416710160769],[77.56580723374826,13.014199079875674],[77.56563762731471,13.014237852329034],[77.56546976925188,13.014283353095253],[77.56530393720077,13.014335508157782],[77.56514040631258,13.014394230597105],[77.56497944555514,13.014459422736266],[77.56482132197851,13.014530977782364],[77.56466629652793,13.014608777795116],[77.56451503563534,13.014692465126968],[77.56246834477857,13.015879237861665],[77.56208424241905,13.016101959434774],[77.56168385913271,13.01633412149567],[77.56143248275967,13.016479881967797],[77.56109493674485,13.016675607866311],[77.56108328317166,13.016682365185423],[77.56091767269145,13.01677839434463],[77.56085020392949,13.016817516074672],[77.56080084114893,13.016846139059952],[77.5607258148777,13.016889643007882],[77.56051764194326,13.017010351986675],[77.5603311096966,13.017118512622476],[77.56025166154748,13.017164580594313],[77.56011894635607,13.017241535435804],[77.56005416628363,13.017279098130553],[77.55994003661435,13.017345276165708],[77.56007867156997,13.017575239870967],[77.56226204873407,13.016309209383802],[77.56385371586477,13.015386281753003],[77.56465334255435,13.014922618495847],[77.56472475142611,13.014883110069945],[77.56479575085756,13.014843828175227],[77.5649408901753,13.014770990054426],[77.56508892782882,13.014703999675543],[77.56523961994154,13.014642965632955],[77.56539271780125,13.014587989503815],[77.56554796655084,13.014539162980071],[77.56570511122945,13.014496566163187],[77.56586389126919,13.014460269416531],[77.5660240441782,13.01443033242106],[77.56618530530784,13.014406804207763],[77.5663474083477,13.014389724856947],[77.5665100852696,13.01437912196787],[77.56667306755051,13.014375012478512],[77.56683608461186,13.014377403518871],[77.5668524310268,13.014378296116723],[77.56699934015899,13.014386318106043],[77.56758140357455,13.014429752663146],[77.5693869538866,13.01456448588259],[77.56939955804214,13.014565426425921],[77.56951979203997,13.014574012601171],[77.57067930260497,13.014653090903344],[77.57132134447346,13.014696877982557],[77.57284038334396,13.014800476016504],[77.5729474893314,13.014807780615445],[77.57291212157106,13.014835253098742],[77.57287161380387,13.01487580317797],[77.57283661944837,13.014921002726792],[77.5728076907055,13.01497013987096],[77.57278527913742,13.015022435665026],[77.57278334036847,13.015029250165481],[77.57276973573771,13.015077068528914],[77.57276130516271,13.015133174794183],[77.57276014636724,13.01518846655278],[77.57277880280482,13.015620276349852],[77.572788452351,13.015843618481464],[77.57279578616829,13.01601336225662],[77.57280645053352,13.01626019273227],[77.57281167529887,13.016381121763322],[77.57281334677926,13.016419808761311],[77.57281795417069,13.016526448453458],[77.57282447201916,13.016677306344642],[77.57296720979703,13.016671348279402],[77.57296317830405,13.016578038881429],[77.57295676170949,13.016429526018937],[77.57295315295974,13.016346001068452],[77.57292347152926,13.015659020751011],[77.57290300975939,13.015185430599908],[77.57290396320158,13.015143625868138],[77.5729091583448,13.01511032950159],[77.57291018898223,13.015103724008798],[77.57292161275879,13.015064949806407],[77.57292809007755,13.015050362939535],[77.57293804097122,13.015027953611137],[77.57295919521583,13.014993355754735],[77.57298471865812,13.014961735028747],[77.57301418032344,13.014933619012982],[77.57304708563895,13.01490947517593],[77.57308288081565,13.014889703726682],[77.57312096995467,13.01487463231251],[77.57316071525011,13.014864508470643],[77.57320145429343,13.014859501032994],[77.57324563819776,13.014859705386115],[77.57370557877373,13.014859477244178],[77.57402357212483,13.01488116099167],[77.57417458415631,13.01489033499331],[77.57444222543502,13.014906594237727],[77.57447715945328,13.014908197324946],[77.57486139737131,13.014925829619855],[77.57528081795708,13.014938853844242],[77.57537920152198,13.01494045035694],[77.57550759800459,13.01494253390232],[77.57557600750891,13.014943644013082],[77.57570039118225,13.014945662440653],[77.57604256716616,13.014946145257095],[77.57605216115967,13.014946158794343],[77.57612002189524,13.014946254546931],[77.57612416978779,13.014946198938468],[77.57621458930647,13.014944986734658],[77.57653943798114,13.014940631670164],[77.5765527019183,13.014940355539563],[77.5765672541136,13.0149400525899],[77.57686564306232,13.014933840684787],[77.57733434737237,13.014924083129497],[77.57771213632238,13.014916218263574],[77.57777281257317,13.014914955096192],[77.57777952405084,13.014914815375816],[77.57791194642957,13.01491205858713],[77.57824740668819,13.0149080879009],[77.57826246858268,13.014908044868818],[77.57838348454978,13.01490769912443],[77.57913562603723,13.0149055502448],[77.57942310457545,13.014902356238705],[77.57944777475916,13.014902082142683],[77.57958866280552,13.014898190858997],[77.57976001523211,13.014893458158657],[77.57986237299306,13.014888939986795],[77.58007186798223,13.014879692672585],[77.5809354181612,13.014834426910703],[77.58121565606828,13.014819737338822],[77.58258149388169,13.014748142553646],[77.58269314168243,13.014742290174937],[77.58276998260371,13.01473826231051],[77.58285081611896,13.014734025161873],[77.58294902433066,13.014728877262362],[77.58311174459588,13.014720347755901],[77.58323179086116,13.014714055144468],[77.58328841957636,13.01471108676796],[77.58331188377348,13.014709856816507],[77.5833626029286,13.014707266736762],[77.58340955471273,13.014705174327556],[77.583410365054,13.014705200780684],[77.58344254965571,13.014706251428262],[77.58347273921494,13.014712424437048],[77.58349589029409,13.014721435999716],[77.5835014159152,13.014723586848932],[77.58352773330805,13.014739415484954],[77.58355091248252,13.014759450528302],[77.5835628394253,13.014774032004585],[77.58356920460602,13.014781813858898],[77.58357315565573,13.014786554020764],[77.58360731182077,13.014827955657966],[77.58364403551113,13.014863123259511],[77.58364817695112,13.01486708921476],[77.58365337353621,13.014871015455942],[77.58369343333032,13.014901282335565],[77.5837336441784,13.014924888502657],[77.5837399891267,13.014928601075164],[77.58377179609133,13.01494801559819],[77.58379788990489,13.014969978895067],[77.5838202895299,13.014995590545217],[77.5838384702923,13.01502425881317],[77.5838520037642,13.01505531798672],[77.58385580926638,13.015069857896114],[77.58386056877168,13.015088042821686],[77.5838641350425,13.015123377269465],[77.58386617325647,13.01521269004049],[77.58386823531721,13.015303007039567],[77.58386947596269,13.015357392680702],[77.58387025294653,13.015392996226343],[77.58387189187603,13.015482812232042],[77.58387307107981,13.01557254634777],[77.58387379354375,13.01566228399979],[77.5838740574216,13.015752024415065],[77.58387386452247,13.015841765088116],[77.5838734520293,13.01589866001037],[77.5838732139089,13.015931503780715],[77.58387210555105,13.016021238120002],[77.58387053942381,13.016110996741116],[77.58386897637762,13.016181970812626],[77.58386852359311,13.016200811509995],[77.58386777540132,13.0162319723917],[77.58386626670821,13.016290679227899],[77.58386358064558,13.016380433373556],[77.58386043632726,13.01647021932912],[77.583859255468,13.016500923129557],[77.58385684086232,13.01655981203812],[77.58385677764598,13.016561247727626],[77.58385476876161,13.016606870990652],[77.58385282466436,13.016649732024879],[77.58384873046317,13.016739982053808],[77.58384626795677,13.016794262579062],[77.58384465873712,13.01683056150988],[77.58384095741755,13.016921336477695],[77.58383771648508,13.017012203887067],[77.58383519849015,13.017093918691899],[77.58383493506018,13.017103250833845],[77.58383262590684,13.017193971879642],[77.58383136744585,13.017253212665855],[77.58383074963422,13.017284735341965],[77.5838289817644,13.017375057556858],[77.58382721296093,13.017465380672869],[77.58382544510148,13.017555702887005],[77.58382367631725,13.017646025543167],[77.5838229481472,13.017683208962307],[77.58382190751954,13.017736347767723],[77.58382013967515,13.017826669981016],[77.58381837089723,13.017916993095152],[77.58381660306323,13.018007315307727],[77.58381542790896,13.018067325214892],[77.5838148343041,13.018097637975137],[77.58381306554148,13.0181879610884],[77.58381129772266,13.018278283299999],[77.58380952897038,13.018368606412643],[77.5838077611617,13.018458928623492],[77.58380599241971,13.018549251722217],[77.5838042246117,13.018639573042304],[77.58380245588833,13.018729895707384],[77.58380068716141,13.018820218818147],[77.58379891937832,13.018910541027488],[77.58379715066148,13.019000864137729],[77.58379538288872,13.01909118634631],[77.58379361418308,13.019181509411911],[77.58379230088138,13.019248607911278],[77.58379217689256,13.019254943612985],[77.58379185358304,13.019272268866086],[77.58379078302328,13.019354203706074],[77.58379070553727,13.019363852325025],[77.58379048923081,13.019455120203734],[77.58379120679515,13.019546652191108],[77.58379285663737,13.019638173914334],[77.58379544049887,13.019729674011232],[77.5837989527903,13.019821013500387],[77.58380134120608,13.019872458927615],[77.58380311702801,13.019908471313762],[77.58380329385945,13.019912057327444],[77.58380446691172,13.019935852649425],[77.5838082102824,13.020003752165323],[77.58381453217159,13.020095602843439],[77.58382230493574,13.02018746678655],[77.58383151803075,13.020279202544847],[77.58384216939965,13.020370788515883],[77.58385425692768,13.020462202582076],[77.58386777667948,13.020553423825918],[77.58388272572479,13.020644430086058],[77.58389910192706,13.020735200874324],[77.58391689947878,13.02082571348153],[77.58393611545043,13.020915947345264],[77.58395674492519,13.021005880408348],[77.58397878302361,13.02109549168793],[77.58400222406726,13.021184760722479],[77.58402706407544,13.021273665511998],[77.58404307598956,13.021327698426115],[77.58405329530835,13.021362183970483],[77.58408088145106,13.021450198286564],[77.58410317975748,13.021518028939633],[77.5841097456592,13.021537601474552],[77.58413853480631,13.021623418658514],[77.58414427552813,13.021640529552114],[77.584165366169,13.02170631055701],[77.58418952255333,13.021790347211292],[77.58419450038707,13.021809140509157],[77.5842105458022,13.021874165152873],[77.58421103349349,13.02187626051432],[77.58421449195164,13.021891170204995],[77.58423078602587,13.021961415267864],[77.58425121946374,13.022049504970559],[77.58427165364536,13.022137593807772],[77.58429208700336,13.022225682982777],[77.58431252043377,13.022313773241091],[77.58433295393633,13.022401862855263],[77.58434639466923,13.022459804116979],[77.58435301370095,13.022488795021166],[77.58437151617677,13.022575250496846],[77.58438817684616,13.022661663917646],[77.58440310102009,13.022748560652758],[77.58441258477293,13.02281017913052],[77.58441637946301,13.022836069956782],[77.5844294714541,13.022925399396957],[77.58442957381911,13.022926095460656],[77.58444109815792,13.022999496757027],[77.58444386912407,13.023017145709213],[77.58446004610988,13.023108048339008],[77.58446436267549,13.023130647415702],[77.5844782734305,13.023199651593313],[77.58449821243916,13.02329015220107],[77.58451997616659,13.02338017536406],[77.58453138681314,13.023424143684922],[77.58454512623847,13.023485136513278],[77.58456510670322,13.023573834912408],[77.58461387003025,13.023790307809945],[77.58462802825973,13.023853159817008],[77.58465726426085,13.02398294591259],[77.58466050119586,13.023997315496594],[77.58468053116836,13.024086233674977],[77.58469229223046,13.02413044478286],[77.58497668994417,13.02405948494688],[77.58495489977689,13.023986605792278],[77.58492841018398,13.023898008989436],[77.58481331462298,13.023513061635848],[77.58476905087684,13.023365017594367],[77.58475816043833,13.02332305485328],[77.58475408097851,13.02330618042672],[77.5847374225571,13.023237273923602],[77.58471845342163,13.023151173719661],[77.58470801289633,13.023099382206679],[77.58470519630819,13.023085410174033],[77.58470138229289,13.023065446244852],[77.58468588557692,13.022978363918094],[77.5846721458439,13.022890853352452],[77.58465912718803,13.022802027131991],[77.58465521033327,13.02277529990658],[77.58464528702815,13.02271082699206],[77.58462961088614,13.02261955743988],[77.58461204301885,13.022528439949268],[77.58459270323158,13.022438071624087],[77.5845856360735,13.022407117911316],[77.58457540792712,13.022363023299238],[77.58457210390267,13.022348779303805],[77.58457040808379,13.022341468581061],[77.584551670343,13.02226068966049],[77.58453123608,13.022172600873548],[77.5845164543487,13.022108876286225],[77.5845108026595,13.022084511646867],[77.58449036928083,13.021996422507483],[77.58446993588774,13.021908332351098],[77.58445015493402,13.021823055019704],[77.58444930625255,13.021819406872114],[77.58443240319852,13.021750910278547],[77.58442628036823,13.021727791876499],[77.58440044979204,13.021637932964776],[77.58437778185565,13.021567233525715],[77.58437153804084,13.021548620252334],[77.58434274914218,13.021462803948312],[77.58433641098894,13.021443911089303],[77.58433088634301,13.021427105661669],[77.58431484771667,13.021378317742982],[77.58428830329424,13.021293627719848],[77.58426312031361,13.021208645985471],[77.58423927374682,13.021123293743424],[77.58422829907205,13.021081501734871],[77.58421676850423,13.021037592861983],[77.5841956111657,13.020951562048904],[77.5841758055874,13.02086522267827],[77.58415735751497,13.020778594664817],[77.58414027071842,13.020691697254943],[77.58412454919099,13.020604554191769],[77.58411019760689,13.020517182893881],[77.58410652120145,13.020492378809054],[77.58409721716886,13.020429606079432],[77.58408561356461,13.020341843413895],[77.58407538699144,13.020253915382382],[77.5840665422755,13.020165844552421],[77.5840590796112,13.020077650567638],[77.58405319190666,13.019992103959202],[77.5840529944099,13.01998923438897],[77.58404937628974,13.019923614784897],[77.58404823674601,13.019900500318018],[77.58404630073588,13.019861238622484],[77.58404397111207,13.01981106354573],[77.58404054094626,13.019721854346262],[77.58403802541686,13.019632746052784],[77.5840368044586,13.01956507519096],[77.58403641731468,13.019543617974486],[77.58403571947268,13.019454478263512],[77.58403583318493,13.019406295955292],[77.5840359304853,13.01936506768004],[77.58403599762839,13.01935667451835],[77.58403705267712,13.019275987971161],[77.58403736014884,13.019259475683953],[77.58403879621629,13.01918610258384],[77.58404056486692,13.019095779488666],[77.58404233258388,13.019005457294423],[77.58404410123585,13.018915134644576],[77.58404586990159,13.018824811548289],[77.58404763763382,13.018734489352946],[77.58404940630084,13.018644166715449],[77.58405050070542,13.018588278467567],[77.5840511749917,13.018553844508213],[77.58405294273915,13.01846352231195],[77.58405434347381,13.018391989939179],[77.58405471143045,13.018373199214079],[77.58405589947533,13.018312496989974],[77.58405647918809,13.018282877017079],[77.58405824788969,13.0181925539185],[77.58405993177917,13.018106517398435],[77.58406001565756,13.018102231721027],[77.58406178436057,13.018011909067985],[77.58406233994639,13.017983536961271],[77.58406243545578,13.017978659583695],[77.58406355307748,13.017921585968171],[77.58406532086065,13.017831263769551],[77.58406708958739,13.017740940682538],[77.58406837244638,13.017675396333406],[77.58406885739038,13.017650619373292],[77.5840706261188,13.017560296718603],[77.58407239486122,13.017469973617343],[77.58407360338359,13.017408226891392],[77.58407416267751,13.017379651023496],[77.58407435879613,13.017369636035887],[77.58407593142539,13.017289328162503],[77.5840765444426,13.017258002029191],[77.58407778806733,13.017199450092695],[77.5840800772501,13.017109548493073],[77.58408032249088,13.017100844568994],[77.58408137330531,13.017066745972963],[77.58408281390366,13.017019999010548],[77.58408601276,13.016930298778979],[77.58408967293863,13.016840539706005],[77.58409125542093,13.016804851975502],[77.58409371492156,13.016750616669626],[77.58409780908096,13.016660366332047],[77.58409976029512,13.016617348650838],[77.58410095931448,13.016590119598563],[77.5841018549329,13.01656978060587],[77.58410429644503,13.01651023962691],[77.58410550396276,13.016478834363285],[77.58410868334332,13.016388049527746],[77.58411140208236,13.016297202960425],[77.58411292855634,13.016237804850944],[77.58411368181982,13.01620644785177],[77.58411414067648,13.016187373239859],[77.58411514060886,13.016141940279129],[77.58411571974864,13.016115626459596],[77.58411730609791,13.01602473382855],[77.58411842872056,13.015933803361035],[77.58411908856283,13.015842868387487],[77.58411928379662,13.015751930595801],[77.58411901538327,13.01566099425108],[77.5841182842556,13.015570059589654],[77.58411708859411,13.015479129447627],[77.58411543146693,13.015388296170826],[77.58411464072408,13.015352059488874],[77.58411339861554,13.015297651569295],[77.5841113374148,13.015207334296367],[77.58410952190096,13.015127818166684],[77.58410932447781,13.015117662740103],[77.58411069368289,13.015081614623103],[77.58411723334908,13.01504832382172],[77.58412886856173,13.015016409608593],[77.58414532350028,13.014986621646266],[77.5841662069874,13.01495965642462],[77.58419102522848,13.014936141522425],[77.58422162750601,13.014914936668044],[77.5842381153325,13.014904088396479],[77.58426159241371,13.014888641499537],[77.58430081252766,13.01485653310095],[77.58433639096033,13.014820587739193],[77.58435310336775,13.014799722279601],[77.58436793850296,13.014781200596257],[77.58439344618037,13.014741401537373],[77.58440016132312,13.014731631782507],[77.58441211377882,13.014714242343707],[77.58443298473854,13.014692778919049],[77.58445721198302,13.014675068215157],[77.58448410691936,13.014661603994856],[77.58451290893679,13.014652759816341],[77.58454474819168,13.014648521027935],[77.58455095469024,13.014648213023053],[77.58471644536846,13.014639988516976],[77.5848361803604,13.014634037963324],[77.58526400900132,13.014612775863883],[77.5855218759386,13.014599960470145],[77.58569537848607,13.014587859305589],[77.58571607362978,13.014585582454867],[77.58586039203777,13.014569704746421],[77.58586870341335,13.014568790340453],[77.5860410920736,13.014542816722525],[77.58621225942717,13.014509981584931],[77.5863819202349,13.014470340772133],[77.58646015822721,13.01444872409731],[77.58654979372238,13.014423958362615],[77.58671560013542,13.01437091307533],[77.58687906658824,13.014311291717279],[77.58703992024795,13.014245193908124],[77.58719789460308,13.014172728476506],[77.58725160515888,13.014145424370252],[77.58735272854705,13.014094017645615],[77.58750416339741,13.014009189292452],[77.5876519498412,13.013918386819945],[77.58779584124815,13.013821760469655],[77.58780762873882,13.013813133017658],[77.58793559957019,13.01371946913046],[77.58807099384119,13.013611684141228],[77.58809082853054,13.013594534000596],[77.58820179881403,13.013498583116496],[77.58832779749717,13.013380354752016],[77.58843662680906,13.013269568134758],[77.58844878065285,13.013257195702694],[77.58856454945416,13.013129308791648],[77.58860325607824,13.013082871202982],[77.58867490951113,13.01299690626269],[77.58877939937452,13.012860574987613],[77.58887548355163,13.012729746444398],[77.58899423667809,13.012568051782425],[77.5891635147631,13.01233324228856],[77.58917523548578,13.012316363349584],[77.58926029128173,13.01219387503164],[77.58932856371426,13.012095556330166],[77.58974049241053,13.011490995274128],[77.58978320178927,13.011428313486215],[77.59020012170728,13.010816427137694],[77.5903435193157,13.010605971759421],[77.59050936657432,13.010362568484435],[77.59078710402405,13.009954951225819],[77.59083446001503,13.00988544990655],[77.59087726841841,13.009822622786617],[77.59091150776513,13.009772371916176],[77.59099101277867,13.009745131074155],[77.59103980734847,13.009673517677518],[77.59113592266395,13.00953245394277],[77.59120498883998,13.009431088903613],[77.59124943202751,13.0093658618172],[77.59133323143428,13.00924287353733],[77.59138490739734,13.00916703126106],[77.59146427038971,13.009048829125167],[77.59155362758705,13.008915741759289],[77.59159197953576,13.008858620900623],[77.59166584381015,13.008745296942498],[77.59175011541218,13.008616005866815],[77.59179485737927,13.008547361899677],[77.59179548019783,13.008546377229182],[77.59180860961429,13.008525619739856],[77.59198692179297,13.008243709787996],[77.59199333686391,13.00823356761853],[77.5920400764928,13.008158543633979],[77.59216417732912,13.007959343522865],[77.59221926823447,13.007870914510203],[77.59223167497454,13.00785099986589],[77.592234448893,13.00784496608183],[77.59229420355119,13.007710795178287],[77.59237275469229,13.007534419345504],[77.59238085273162,13.007516236306813],[77.59240969835533,13.007469934420447],[77.59258190567891,13.00719351384286],[77.59281907335651,13.006812821401468],[77.59291394533524,13.006654712123527],[77.59298210673245,13.006531999238591],[77.5930036099706,13.006493286352958],[77.59308777687929,13.006329039862848],[77.59316635413094,13.006162152186008],[77.59323925544919,13.0059928072951],[77.59329978223221,13.005838109210329],[77.5933064020901,13.005821189769216],[77.59336771896179,13.005647488011412],[77.59342314027188,13.005471892182006],[77.59347250545507,13.005294950646928],[77.59347775025216,13.005274850134322],[77.59354825012018,13.00500466170585],[77.59362181853858,13.004731678366438],[77.5936997084604,13.004460032537725],[77.59370552795534,13.004440897402105],[77.59378199831997,13.004189454479954],[77.59381102910797,13.004096667932748],[77.59423042780206,13.00275620976764],[77.59428153978315,13.002592848571243],[77.59482281020988,13.000862870932048],[77.59491434686228,13.000570306708696],[77.59503381106292,13.00018848205042],[77.59521801196956,12.999599749628645],[77.59537880861929,12.999085820555171],[77.59538930243004,12.999052280836416],[77.59539230232673,12.999042692737184],[77.59541331959883,12.998975518532822],[77.59544076790449,12.998887789824927],[77.59544820837729,12.998864009010395],[77.59546212902215,12.998819516639385],[77.59547738435414,12.9987840085014],[77.59549114883548,12.998754910936178],[77.5955775481021,12.998572266329182],[77.59557917691617,12.998568823081657],[77.59562168000858,12.998478973237672],[77.5957446580241,12.998085911259896],[77.59576974093852,12.998005741321434],[77.59585083103359,12.997746561394031],[77.59588981436613,12.997614057631052],[77.59589540690138,12.997595048687069],[77.59589961763655,12.997578689581516],[77.59593485550086,12.997441787133221],[77.59596902486307,12.997287311180934],[77.5959978787973,12.997131796934708],[77.59602132615161,12.99697579117149],[77.59602204145642,12.99697040574791],[77.59602339277788,12.996960231847304],[77.59608502168052,12.996496236949636],[77.59609702883746,12.996405836841843],[77.59616269921733,12.995911414259465],[77.59616384329725,12.995902800651164],[77.59616649629973,12.995882826586204],[77.59613207354137,12.995802030917222],[77.5961370815033,12.995782204456209],[77.59614755486628,12.995740740538777],[77.59616965751476,12.995674968911088],[77.5961748216482,12.995659601817938],[77.59620825402573,12.995580714090902],[77.59623067351268,12.995537367300251],[77.59624765827257,12.995504528242448],[77.59629281127856,12.995431478537952],[77.5963021616796,12.995418646706362],[77.59634345260478,12.995361981949625],[77.59639929393836,12.99529643499089],[77.59646001722858,12.995235209318393],[77.59652527361736,12.995178654807798],[77.59659469199522,12.9951270926393],[77.59666787570367,12.995080817014276],[77.59674440853476,12.995040090118401],[77.5968238528732,12.99500514399074],[77.59690575531141,12.994976176334976],[77.59698067888058,12.994955793569407],[77.59698965116613,12.994953352682058],[77.59707506177931,12.994936802238941],[77.59716150088289,12.994926618927106],[77.59724847578804,12.994922859586824],[77.59733549216133,12.994925548133953],[77.5974220547366,12.994934666186209],[77.597507669727,12.994950164116153],[77.59752999392174,12.994955942525184],[77.59756855628147,12.99496592403127],[77.5975918504976,12.994971953521171],[77.59767494420522,12.99500019111339],[77.59780490622698,12.995049819820288],[77.59803261933575,12.995133085111],[77.59826300489229,12.995209974222135],[77.59832367988724,12.995228324526188],[77.59847358593086,12.99527366151324],[77.59849555993186,12.995280307242759],[77.5985774080878,12.995302544750464],[77.59873008920098,12.99534402702217],[77.59896607187338,12.995401000768211],[77.59914306425087,12.995441083169633],[77.5994802446227,12.995517442384882],[77.59950406653611,12.995523291147297],[77.59960711063518,12.995548590561029],[77.5997323154345,12.99558417123586],[77.59982967538798,12.995615684149895],[77.59985610452304,12.995624238581522],[77.59991720717957,12.995646487895804],[77.59992743225153,12.995650211151784],[77.59996296016736,12.99566314793409],[77.59997830989062,12.995668737229842],[77.60009915884609,12.995717767503018],[77.60010565728673,12.995720542199987],[77.60011281429567,12.995723598091503],[77.60011537878346,12.99572469307352],[77.60021257905966,12.995766195537076],[77.60029056672198,12.995795915968163],[77.60037161550683,12.995819691560891],[77.6004543456635,12.995837041093104],[77.60053822769125,12.995847854156757],[77.60062272248719,12.99585205925161],[77.60064344897785,12.995851463978461],[77.6007072907823,12.995849630415929],[77.60079138926235,12.995840582637475],[77.60087356910222,12.995825146573203],[77.60101155806456,12.995793570122899],[77.60185520965976,12.995600514661827],[77.60192598575856,12.99558431874334],[77.60206525831491,12.995551030314704],[77.60227998469888,12.995499707181795],[77.60263244128521,12.995408236588196],[77.60298299627708,12.995309994707814],[77.60299841396302,12.995305350838601],[77.6031836443846,12.995249558688696],[77.60333151604237,12.995205019149052],[77.60367786432406,12.995093351141417],[77.60386946336942,12.995027459541966],[77.604021909473,12.994975032779596],[77.60429267702658,12.99487601567721],[77.6043635179487,12.994850109830269],[77.60461219541327,12.994753673633237],[77.60470234606969,12.99471871354342],[77.60515545435348,12.994537930641542],[77.60520316477238,12.99451889495333],[77.60572214480413,12.994311830285541],[77.6058672641637,12.99425392999991],[77.6061931559624,12.994123904424889],[77.6065196108164,12.993993654199869],[77.60660764022569,12.993958531884347],[77.60682059393753,12.99387356678565],[77.60682452772907,12.993872113361833],[77.60694944824849,12.993825958794021],[77.60708008372674,12.993785187695194],[77.60720355541196,12.99375350396454],[77.60721270752462,12.993751155466015],[77.60724600023372,12.993744410034642],[77.60734696143545,12.99372395429901],[77.60748247801116,12.99370365787625],[77.60761888933607,12.993690321304163],[77.60762206598888,12.993690174241175],[77.60775642812897,12.993683953951239],[77.60776941066659,12.993683685523449],[77.60779236759542,12.993683210864376],[77.60802841012723,12.993678330432116],[77.60811997679743,12.993676437193196],[77.60821327297651,12.993674508194784],[77.60821576979012,12.993674376008935],[77.60831241527083,12.993666191935882],[77.60834536066982,12.99366129161698],[77.6083641817378,12.993658492159737],[77.6083975239337,12.993653532820904],[77.60840906128458,12.993651816748317],[77.608504561929,12.993631374566386],[77.60853704907268,12.993622238114442],[77.60859852252477,12.993604949760327],[77.60863453552278,12.993592311373611],[77.60869055268032,12.993572652735377],[77.60870232617803,12.993567661289358],[77.60873426787619,12.993554119411746],[77.60878027039747,12.99353461636248],[77.60885660049235,12.993496363838394],[77.60886730422733,12.993490999703901],[77.60887744882021,12.993485079444723],[77.60889559136102,12.993474491682186],[77.60895129355833,12.993441984567712],[77.6089653507723,12.993432529318648],[77.60885975535746,12.993534703299185],[77.60877679884472,12.993614971908677],[77.60874157660587,12.993649052899205],[77.60860524740677,12.993780964847723],[77.60854041891344,12.99384369281011],[77.60847811854165,12.99390397456538],[77.60860285994022,12.99402794748437],[77.60864290390113,12.993989201031978],[77.60876345384055,12.993872557164883],[77.60879585446013,12.99384120639356],[77.60890591005665,12.99373471683026],[77.60893144765366,12.993713232671011],[77.60895841338146,12.993696291071146],[77.60898750451105,12.993683190514265],[77.60901813908067,12.99367418517213],[77.6090501403172,12.993669405716282],[77.60908248826902,12.993669078450448],[77.60911456387744,12.99367320774361],[77.60914573735647,12.993681713754968],[77.60916477559117,12.993689878280412],[77.60917539432957,12.99369443211438],[77.60920295101107,12.993711114759234],[77.60922910513519,12.99373245271102],[77.60924300798183,12.993745524662186],[77.60928864572806,12.993783211185935],[77.60934010897773,12.99381562443014],[77.60939540758443,12.993841282146752],[77.60943720397887,12.993854546662819],[77.60945362028974,12.993859756548161],[77.60951377964382,12.993870737229324],[77.60957488336827,12.993874039882417],[77.60963591221619,12.993869609017779],[77.60965294263573,12.993866173744845],[77.60969585006328,12.993857518718556],[77.60975369595197,12.993837972484062],[77.60980849002512,12.993811298229302],[77.60985931930043,12.99377794121635],[77.60987393382497,12.993765403966343],[77.60989294251235,12.993749097129632],[77.60990534161684,12.993738460404943],[77.60992877522013,12.99371242378923],[77.60994579432736,12.993693514194053],[77.60995907882315,12.993674230830958],[77.6099800082425,12.993643850334378],[77.61000741976835,12.993590295869232],[77.61001329462383,12.993573810874404],[77.61002757563392,12.99353373799475],[77.61004014614794,12.993475115317032],[77.6100438118086,12.993429295250513],[77.61004492361984,12.993415397817495],[77.61004182946732,12.993355574734963],[77.61003904126927,12.993340519003365],[77.61003117746166,12.993298055958817],[77.60999266014029,12.993146415846578],[77.60996974923341,12.99305621714233],[77.60995905675938,12.993001287889575],[77.60995603212889,12.99296313253983],[77.6099547350879,12.992946770522643],[77.60995659821725,12.992892118045445],[77.60996462417619,12.99283800738914],[77.6099727462823,12.992807510519626],[77.60997871341337,12.992785105145652],[77.6099986903769,12.992734064955613],[77.61002430698771,12.992685516531504],[77.61004607565765,12.992653531265558],[77.61005524548708,12.992640057799534],[77.61009112241813,12.99259824803316],[77.61013242236525,12.9925597367753],[77.61020525500673,12.9924989973219],[77.6103263337786,12.99239802256241],[77.61033173175655,12.992393520868799],[77.61033187113735,12.992393404635573],[77.61034665583148,12.9923829819868],[77.6104039232334,12.992342610813253],[77.61043019230468,12.992324415326536],[77.61058862034376,12.992214678851047],[77.61059989415656,12.992206869952406],[77.61067306519789,12.992156187432855],[77.61089300328611,12.992003845519136],[77.61090279113007,12.991997399062637],[77.61095992174181,12.99195977177675],[77.6109978624854,12.991934783295667],[77.61109719984186,12.991875814618059],[77.61110545413774,12.99187091469992],[77.61121599138774,12.991812082722111],[77.61125764210583,12.991792343826926],[77.61132922717081,12.991758418599527],[77.61144491297591,12.991710040908371],[77.6114605250042,12.991704347962315],[77.61155915291906,12.991668383166358],[77.61156279001943,12.991667056893037],[77.61162269442943,12.991648309527069],[77.61163738230674,12.991643712887132],[77.6116628436449,12.991635744641991],[77.61168259875261,12.99162956218836],[77.61168658157587,12.991628515489596],[77.61180460015139,12.991597499829643],[77.6118965188813,12.991575603885886],[77.61203236417144,12.991543244204198],[77.61227435535673,12.991485599528492],[77.6123247573359,12.991473593282137],[77.61236354472642,12.991463236199662],[77.61245146702599,12.99143975902079],[77.61246839095818,12.99143424185409],[77.6125766890534,12.991398936899765],[77.61269942678373,12.991351414412375],[77.6127929306236,12.99130923619144],[77.61281930873936,12.991297337407433],[77.61286523363466,12.991273533332606],[77.61293540686816,12.991237160709723],[77.61312002562461,12.991134990829424],[77.6133642342143,12.990999843334832],[77.61357062731106,12.990885623315224],[77.6138332206743,12.990740301501644],[77.61404014738876,12.990625786172512],[77.61433715331657,12.990461420099031],[77.6144236747784,12.990413538250099],[77.61450228927015,12.990370032198086],[77.61469504863933,12.99026034770403],[77.61473136608548,12.990238524019823],[77.61488506963319,12.99014616131128],[77.6149937135388,12.990079104941763],[77.61501806812512,12.990064072988025],[77.6151059660799,12.990009821276876],[77.61525891151626,12.989915421451443],[77.61528452733413,12.989899611049974],[77.6153789953061,12.98984130424258],[77.61538585167342,12.989837072407408],[77.61543232900219,12.989808386021995],[77.61547676702469,12.989781677246656],[77.6154885178327,12.989774614608148],[77.6155428213884,12.989741976309178],[77.6155505465915,12.989737333197166],[77.61556252266676,12.989730135165367],[77.6155678545402,12.98972693052657],[77.61560761718094,12.989703031816054],[77.6156177112502,12.989696964934344],[77.61570798763043,12.989645564348688],[77.61575488692858,12.989618861335188],[77.61576442522619,12.98961343052279],[77.61579851347189,12.989594021727303],[77.61580255738897,12.989591719245615],[77.61580572726716,12.989589921213625],[77.61586680853856,12.989557024920595],[77.61587370946174,12.989553308318127],[77.61592533793505,12.989525502980456],[77.61597179222113,12.989500484283528],[77.61599608635625,12.989487400289322],[77.61606060322629,12.989453627707455],[77.61609899119522,12.989433532795507],[77.61616682938711,12.989398021604535],[77.61616685574653,12.989398007806162],[77.61624788039526,12.989355593913746],[77.61626151708344,12.989348455530175],[77.61626219915097,12.989348098488952],[77.61629082716038,12.989333112613274],[77.61630689686369,12.989324700621765],[77.61632792159378,12.989314152970918],[77.61634904399793,12.98930398064553],[77.61644200516477,12.98925921153593],[77.61650226382143,12.989228776917274],[77.61656842013718,12.989195363589731],[77.61658702664539,12.98918596606882],[77.61668996118554,12.989128997913182],[77.61672947275152,12.989107130607636],[77.61677218443458,12.98908133486232],[77.6168217260614,12.989051414168786],[77.61686874352706,12.989023017943248],[77.6168871597578,12.989010920554984],[77.61697989134275,12.9889500063531],[77.61700463651121,12.988933751566098],[77.61702926276936,12.988916202319835],[77.61713695178494,12.988839460614486],[77.61726515240198,12.988740550787524],[77.61729451052729,12.988716996112887],[77.61739087044191,12.98863968441759],[77.61740373728954,12.988629361060596],[77.61742843767759,12.988609543391739],[77.61754054535677,12.988513210482544],[77.61755841114353,12.98849785860624],[77.6177142932747,12.988363910786806],[77.6178583607061,12.98824380129417],[77.6179679602699,12.988157828883399],[77.61800575673453,12.988128180469664],[77.61808906376281,12.988066746385824],[77.6181566110338,12.988016934205486],[77.61831078924456,12.987910160680558],[77.61846815335659,12.98780795630051],[77.61848635405956,12.987796888465292],[77.6184880707812,12.987795844528193],[77.61862885501708,12.987710233729713],[77.61873050070504,12.98765046741736],[77.61886577813222,12.987570926677456],[77.61893761867934,12.987531758894352],[77.61901123093706,12.987497598540196],[77.61908527566722,12.987468883765988],[77.61910574616279,12.987464116804347],[77.61912495254461,12.987463897899747],[77.61914374778952,12.98746782332773],[77.61916122794136,12.987475712978823],[77.61917654344295,12.987487197838664],[77.61918893955941,12.987501733923496],[77.61919779413115,12.98751861840538],[77.61920329333707,12.9875394364703],[77.61923637392118,12.9877651347642],[77.6192380835234,12.98777679883555],[77.61924885165,12.987850266335354],[77.61925032421897,12.987860313204774],[77.61926261217748,12.987944150032236],[77.61953266492523,12.987906085777476],[77.61951649407017,12.98779575629272],[77.61951532346869,12.987787769587712],[77.61947728579021,12.987528248529141],[77.6194765175278,12.987506165877692],[77.6194801672973,12.987486849525345],[77.6194879704791,12.987468779101285],[77.61949954319618,12.987452810702116],[77.61951432430989,12.987439692024019],[77.6195316080952,12.98743002592645],[77.61955300547056,12.98742351328463],[77.61955430425073,12.987423265213295],[77.61959219373104,12.987415542899425],[77.6196098766037,12.987412983050508],[77.61963015884011,12.987410046906586],[77.61966433220232,12.98740904585102],[77.61966716202949,12.987408962955698],[77.6197005226694,12.987411810111507],[77.61970549183064,12.987412239776413],[77.61974094845299,12.987417323380448],[77.619992289654,12.987453359500604],[77.62031622012861,12.987499803129877],[77.62145085885433,12.987662482298244],[77.62185011332181,12.987719725527649],[77.62188093168956,12.987724144120394],[77.62195027593322,12.987730539265659],[77.62202111735105,12.987729912420223],[77.62209151956347,12.987722160622727],[77.62213825045907,12.987712171719599],[77.62216073486454,12.987707365594114],[77.62222803188652,12.987685685122681],[77.62229270031911,12.987657349557164],[77.62235405503598,12.987622659240223],[77.62241144923291,12.987581983763151],[77.62246427695273,12.987535753097507],[77.62251198269877,12.987484457465603],[77.62255406331565,12.98742863839922],[77.62259007663646,12.98736888770343],[77.62261598167132,12.987313646014519],[77.62261964451166,12.987305835119987],[77.6226424570541,12.98724014500692],[77.62265419651175,12.987189944483776],[77.62265827335034,12.987172511017686],[77.62266375340103,12.987128913974244],[77.62266692946324,12.98710364652117],[77.62266831086758,12.987035423189367],[77.6226589426245,12.986744306593014],[77.62265039153048,12.986478582758908],[77.62263759819022,12.986081031835907],[77.62262336960495,12.985638880906874],[77.62261708630096,12.985443628276816],[77.62260476796173,12.985060837927206],[77.62259993238057,12.98491057303845],[77.62259168564219,12.984654307013143],[77.62258906601795,12.984572902628905],[77.62258884212333,12.984556294010826],[77.62258874073845,12.984548773226262],[77.62258861215257,12.984539234662014],[77.62258689495316,12.984411851952004],[77.62258871223764,12.984335804139723],[77.62258988811986,12.984286597064935],[77.62259014507059,12.98427584445607],[77.62259073303606,12.9842512398941],[77.62259483234654,12.984184409497583],[77.62260056971223,12.984090874151855],[77.6226026052501,12.984070302038955],[77.62260630573311,12.984032903198838],[77.6226163916961,12.983930969662675],[77.62262468672992,12.983870345702282],[77.62263358608463,12.983805305085024],[77.6226381784188,12.983771742173642],[77.62264625234863,12.983725626310138],[77.62266590017836,12.983613403806373],[77.62269447873375,12.983479741485151],[77.62269960467239,12.983455767395013],[77.62270259063408,12.983442973980729],[77.62277854313471,12.983117553937618],[77.62277913329721,12.983115025374177],[77.62278835298193,12.983071936803015],[77.62281445117685,12.982949965827252],[77.62284369730872,12.982783357271396],[77.62284510675401,12.982773113293796],[77.62285720686712,12.98268516856319],[77.622866749008,12.982615815409211],[77.62288119962248,12.982471310096884],[77.62288357424596,12.982447563998688],[77.62289160036188,12.982319529221801],[77.62289167383067,12.982318357226289],[77.62289269700688,12.982302035242082],[77.62289412670746,12.98227922826824],[77.62289511026749,12.98225692759972],[77.62289633537031,12.98222915032128],[77.62289695716892,12.982215052015198],[77.62289842324725,12.982181811000913],[77.62289934988901,12.982160800853304],[77.62289982238508,12.982156920473717],[77.62290092509632,12.982147864441583],[77.62290203092219,12.982138782831655],[77.62290370796126,12.982125010124967],[77.62290428041234,12.982122933653033],[77.62291226625459,12.98209396632745],[77.62291418045659,12.982089638137968],[77.62291711160034,12.982083010548417],[77.62292531000786,12.98206447318323],[77.62294255967679,12.982037154217425],[77.6229435870868,12.982035957044934],[77.62296364704056,12.982012582515594],[77.62298226112817,12.981996377308112],[77.62298394204495,12.98199491392167],[77.6229881230316,12.981991274003404],[77.623015470683,12.98197367221934],[77.62302975614537,12.981967151514691],[77.62304067944797,12.98196216549254],[77.62304511273788,12.9819601418847],[77.62307643149427,12.981950963027456],[77.62310643459992,12.981946653951004],[77.62311184200182,12.981945877334388],[77.62315679184397,12.98193993630965],[77.62316243928554,12.981939189886418],[77.62318462451405,12.981933095642095],[77.6231856699905,12.981932808451491],[77.62319340289487,12.981930684235765],[77.62321366082809,12.981925119415964],[77.62322140472381,12.981922312888642],[77.6232523967175,12.981913005276896],[77.62325649838793,12.981912350678162],[77.6232604414831,12.981911721386869],[77.62328257296183,12.98190818935323],[77.62331313290115,12.981907424849647],[77.62334516047727,12.981910903697184],[77.62335971107277,12.981913428127559],[77.62345698887303,12.981930305171378],[77.62357694693904,12.981951118872898],[77.62409454683842,12.982040926670694],[77.62415110677921,12.982050138015238],[77.62438584990448,12.98208836824912],[77.62459167636202,12.982117529599664],[77.62467835129036,12.982129809643768],[77.62471962478278,12.98213478821843],[77.62473156136446,12.982136228056817],[77.62474094628624,12.982137360103856],[77.62497167927079,12.982165192043857],[77.6251130075181,12.982179279732952],[77.62524191962194,12.982192129772907],[77.6252654590279,12.982194476195794],[77.62585140879585,12.982246767673553],[77.62598337072667,12.982258544253584],[77.62621245268153,12.982278988043358],[77.62635425311016,12.982288269551685],[77.62649690497399,12.982290849714387],[77.62663951661554,12.982286685275794],[77.62665267862248,12.98228567691027],[77.62678175882456,12.98227578783892],[77.62682587871805,12.982270299286222],[77.6269232992669,12.982258180085765],[77.62706325939203,12.98223400086397],[77.62712427297119,12.982221965858356],[77.6271526225297,12.982211869431215],[77.62730693090414,12.982181366645339],[77.62740841216679,12.98216130641682],[77.62745213851862,12.982097401088582],[77.6284109100685,12.981908287383341],[77.62870821223656,12.981849645765553],[77.62908141792413,12.981776032494297],[77.6291649233123,12.981759561403303],[77.62918501182493,12.981755599027561],[77.62919211125543,12.981754198694462],[77.62920658249988,12.981751344301621],[77.6292291358106,12.981746895754677],[77.62929829976004,12.981733253452893],[77.62944773435173,12.98170701565827],[77.62955523066046,12.98169274975492],[77.62959768222319,12.981687115981067],[77.62974835872544,12.98167350375274],[77.62989949051789,12.981666204886658],[77.63005080159805,12.981665231958939],[77.63018938521199,12.98167013951991],[77.63020201740184,12.981670586854314],[77.6303533557077,12.98168229805786],[77.63053089939149,12.981699780002568],[77.63089551816667,12.981735682407592],[77.63091415085248,12.981738027064138],[77.6310145309892,12.981750658466492],[77.63102171388016,12.981751960096284],[77.63113189428812,12.981771926165184],[77.63124788566813,12.981799500982005],[77.63136215370982,12.981833299131091],[77.63147435200304,12.981873218186648],[77.63158413943073,12.981919137157613],[77.63164261785053,12.981947424481596],[77.63169118449046,12.981970917255127],[77.63179571411571,12.9820287074573],[77.6317965952257,12.982029226459224],[77.6319256638198,12.982105251980018],[77.63204688057803,12.982172803763692],[77.63217177968012,12.982234788257783],[77.63218259052493,12.982239525429797],[77.63229958391226,12.982290790414758],[77.6324299969433,12.982340679925109],[77.63256271407903,12.982384340326455],[77.63269742625359,12.98242166996586],[77.63270467730499,12.98242331329209],[77.63283381888347,12.982452581010902],[77.63297157515143,12.98247700116948],[77.63297321556983,12.982477212416068],[77.63310981731772,12.982494803413886],[77.63328126324593,12.982512764401502],[77.633509693593,12.98253669518083],[77.6336577660484,12.982552207520836],[77.63381242866726,12.982568410258477],[77.63384339035568,12.982571653861275],[77.6339255914392,12.982625370412105],[77.6339719739337,12.982630285690819],[77.63415361895865,12.9826495348478],[77.63416854006336,12.98265111624414],[77.63417362899841,12.982656218946934],[77.63419077684595,12.98265801535004],[77.63419091072518,12.982658029375106],[77.6344385935304,12.982683976524784],[77.6345356651287,12.98269414570567],[77.63476524780961,12.982716664409399],[77.63478483995677,12.982718586112476],[77.6350341534607,12.982739720066473],[77.63503448999889,12.98273974859314],[77.63509902162767,12.982744360905258],[77.6352842389885,12.98275759930532],[77.63549539193008,12.982771290797254],[77.63565449403202,12.98278160723017],[77.63582030984455,12.982792358990483],[77.6359446425025,12.982800420917489],[77.6361221233732,12.982814841539367],[77.6362458123782,12.982828968883421],[77.63624634894234,12.982829030168086],[77.63624689899297,12.982829092992953],[77.63629863318427,12.982835001898996],[77.63646152152243,12.982859017073313],[77.636477611463,12.98286137033524],[77.63675881454692,12.982878664757186],[77.63676094186602,12.982878795590384],[77.63684455833311,12.982883938131605],[77.63684789180621,12.98288466266846],[77.63686528007952,12.982889051438045],[77.63687221678947,12.982890802251484],[77.63702431359506,12.982929191217215],[77.6371991003782,12.98297954055879],[77.63737205323997,12.983035652701737],[77.63754334145868,12.983097597998137],[77.63786711483014,12.983220819013923],[77.6380162464386,12.98327757522021],[77.63806120680393,12.983294686145378],[77.63832070394022,12.983393445041356],[77.63875513021442,12.983558778115345],[77.63880529060904,12.983577868057019],[77.63883121183574,12.983587733105182],[77.63901242118777,12.983656697394437],[77.63947714306367,12.983833560307342],[77.64029262356837,12.98414391423091],[77.64049895334598,12.9842224388009],[77.64077728558712,12.984325851639008],[77.64084111558053,12.984348425321187],[77.6409292195918,12.984379583587712],[77.64105744806446,12.984424931998907],[77.6413390203015,12.984519532687756],[77.64166743513587,12.98462698969303],[77.6419313667872,12.984713347865158],[77.64199858656266,12.984735342108419],[77.64203755367652,12.984748092109097],[77.64218766559557,12.984797208578664],[77.64232435691603,12.984843621282693],[77.64238143496651,12.984863001786382],[77.64257339721772,12.984932976608587],[77.64268915217711,12.984978112551012],[77.64276394301864,12.985007275492404],[77.64280993696752,12.985025802341271],[77.64283271146284,12.985034412351116],[77.64294604405332,12.985077258293023],[77.64308478501026,12.985123011339757],[77.64322542723635,12.985162796558688],[77.64330570900258,12.985181836240857],[77.6433336676655,12.9851884669378],[77.64336770284268,12.985196538745074],[77.64351134368172,12.9852241726925],[77.64365607437523,12.985245647066977],[77.6437628601907,12.985256852969652],[77.64380162277632,12.985260920642466],[77.64393710673126,12.985269307614852],[77.64394720743373,12.985269932886657],[77.64402794041779,12.985273201420744],[77.64428551706213,12.985283629600158],[77.64442276374767,12.985289186132762],[77.64448889548689,12.985293579050037],[77.64455409141138,12.985301313995658],[77.64458934766036,12.98530736080512],[77.64461764231801,12.985312213630039],[77.64465177486593,12.9853216847605],[77.6446830013876,12.985335662435364],[77.64471171593826,12.985354137621366],[77.64473725084072,12.985376688148241],[77.6447590098412,12.98540279492664],[77.64477648412782,12.98543185612676],[77.64478926070366,12.985463197037722],[77.64479703847351,12.985496088398286],[77.64479989708559,12.985533190279385],[77.64480100423836,12.985547438237642],[77.64480349509992,12.985579493153342],[77.64481507786827,12.98562806378565],[77.64483411232385,12.985674333087449],[77.64486015342554,12.98571721399168],[77.64489259569726,12.985755693101087],[77.64493067665643,12.985788861677593],[77.64494045789115,12.98579504403094],[77.64497350513439,12.985815931959937],[77.64502007033076,12.985836259863628],[77.64503050991921,12.985839039481998],[77.64506927317498,12.985849360487906],[77.64511994904173,12.985854921042382],[77.64517089683156,12.985852806489056],[77.64521773311809,12.985843687134912],[77.64525973036841,12.985834897753504],[77.64529929160727,12.985831588805732],[77.64533896308144,12.9858331501379],[77.64537812904777,12.985839557007344],[77.64541617847156,12.985850710802223],[77.6454183932454,12.985851669427683],[77.64545251823037,12.985866439821212],[77.64548658127084,12.985886500614834],[77.64551946285137,12.985911839024745],[77.64561976070088,12.985994897415782],[77.64572619080367,12.986073681689387],[77.64583685444357,12.986146646275433],[77.64595142049099,12.986213572194645],[77.6460695462131,12.986274260198709],[77.64619030478956,12.986328270141927],[77.64654820793064,12.986476894189561],[77.6467775715107,12.986572140471905],[77.6474645067518,12.986857399482433],[77.64757196484749,12.986903086054992],[77.64775101143641,12.986979208984106],[77.64839965629079,12.987261449541334],[77.64866943145194,12.987378835027954],[77.64911076580466,12.987570869933824],[77.64936228977191,12.987682524206582],[77.64998887428024,12.98796621465043],[77.6500855451202,12.98801092953711],[77.65019848768706,12.9880631708756],[77.65026328679168,12.988093143560574],[77.65050184244129,12.988205841357894],[77.65072604969777,12.988311760727175],[77.65098814371024,12.988435578452492],[77.65136969390184,12.988615829333954],[77.65156212833435,12.988706738673887],[77.65177479713527,12.988807207078004],[77.65179984904506,12.988819042031624],[77.65188403671216,12.988858560136991],[77.65197071616227,12.988898986928584],[77.65217490812127,12.988994220871287],[77.65265838039522,12.98921970952926],[77.65273405358667,12.989255003065878],[77.65314701460215,12.989447605682805],[77.65322469211648,12.989483834023787],[77.65352824899693,12.989625411188147],[77.65371605081579,12.989713000864604],[77.65409612733094,12.98989026634183],[77.6545554254318,12.990104480305956],[77.6548492681622,12.99024469031529],[77.65489846778323,12.990268700742782],[77.65492157748284,12.990279978751646],[77.65553448607871,12.990579090757361],[77.65576390668159,12.990691052732052],[77.65651546624758,12.991057829264145],[77.65653593186494,12.991067816906524],[77.65655713898306,12.991078166416296],[77.65656190287532,12.991080491293781],[77.65682528319981,12.991209026311239],[77.65725524935104,12.991418858639998],[77.6573688749506,12.991474310270489],[77.65775149228152,12.991661035400478],[77.65778690572844,12.991678317891411],[77.65819549970684,12.991877720159788],[77.65821919419767,12.991889283558825],[77.65826583494446,12.991921851315892],[77.65830914309271,12.991960072596337],[77.65833136069007,12.991984715445792],[77.6583477428167,12.992002885829788],[77.65838113013969,12.992049737439931],[77.65840886950343,12.992100018813128],[77.65843059909854,12.992153076589059],[77.65844603197152,12.992208220223677],[77.65845496770775,12.992264732572183],[77.65845728892842,12.99232187689306],[77.65845286822405,12.992380180275624],[77.65844965842902,12.992404027825321],[77.65844864758391,12.99241613125567],[77.65844346416975,12.99247819524536],[77.65844403662426,12.992510593334606],[77.65844479838746,12.992553705358045],[77.6584537405898,12.992628718303278],[77.65847020319974,12.992702498354946],[77.65847625156306,12.992720735011757],[77.65849402505351,12.99277432455892],[77.65852497582173,12.992843493564813],[77.65856275221454,12.992909329266658],[77.65856699329464,12.992915259916197],[77.65860698627003,12.992971185370488],[77.65865724611704,12.993028454949958],[77.65871304073288,12.993080576789819],[77.65877382414435,12.99312703756021],[77.65877743471428,12.993129272505286],[77.65883900095439,12.993167382047334],[77.65888054060042,12.993187768266868],[77.65888185382921,12.99318841275394],[77.65890793374534,12.993201211873387],[77.65897994543091,12.993228194025559],[77.6590543293391,12.993248062496164],[77.65909277717383,12.993254413806552],[77.65913035697454,12.993260621723618],[77.65920727943438,12.993265747981809],[77.65923158711253,12.993265004212864],[77.65923979832846,12.993264752965251],[77.65924581092142,12.99326456899123],[77.659284342192,12.993263390007156],[77.65934863320136,12.993255132370852],[77.65936078893154,12.993253571069939],[77.65943586689757,12.993236388864439],[77.65950884103283,12.99321201236762],[77.65956642085224,12.993186296996045],[77.65957899418362,12.993180681697316],[77.65964563695779,12.993142705494932],[77.65969768975899,12.993105844004951],[77.65970811849292,12.99309845883713],[77.65976497283599,12.993049115466961],[77.65978001052459,12.993034701449961],[77.6597867781206,12.993028214532472],[77.65983143310652,12.992990016478148],[77.65986151809722,12.992969664594106],[77.65987912523816,12.992957753721567],[77.65993022508114,12.992930995839826],[77.65998407675139,12.992910083003732],[77.66001508783414,12.992901874996324],[77.6600399895398,12.992895284017566],[77.66009724613228,12.992886784985513],[77.66015511351408,12.992884695882871],[77.66021285166927,12.9928890414408],[77.66026971884831,12.992899767686072],[77.66027493475622,12.99290136916745],[77.66032399349699,12.99291643205907],[77.66042374684515,12.992965111173204],[77.66071177751992,12.993105668642166],[77.66078252625661,12.993140193657046],[77.66092773478432,12.993209583634561],[77.66105956978281,12.99327258287927],[77.66113587928186,12.99330828168114],[77.66125820088249,12.993365505678714],[77.66145937648113,12.993459618835484],[77.66146896656969,12.993464105231999],[77.66151334688948,12.993484867054104],[77.66162261910421,12.993535445820513],[77.66163527945938,12.99354130591172],[77.66164891377309,12.993547616818596],[77.66166498088819,12.993555053794797],[77.66180385756446,12.993618651584685],[77.66183032953474,12.99363077427404],[77.66190099952564,12.993663137197341],[77.66191080357085,12.99366762690444],[77.66195718420921,12.993688866655985],[77.66200161810842,12.99370921490926],[77.66200806146506,12.993712165608082],[77.66208448902997,12.993747165179883],[77.66222015663338,12.993809293392822],[77.662240471075,12.993818596276641],[77.66238009354707,12.993882535599342],[77.66249533397169,12.993640542873298],[77.66226365480694,12.993534446376952],[77.6622217476982,12.993515255193445],[77.66178080386149,12.993313326823403],[77.66163085833217,12.993243921599426],[77.6615745532608,12.993217581294715],[77.66144998525047,12.993159306626634],[77.66117760018261,12.993031881058926],[77.66111339984636,12.993001201923454],[77.66090394719585,12.992901111696462],[77.66078617380334,12.992843636823052],[77.66035612474208,12.992633767558164],[77.66002764315355,12.992473464477111],[77.65966298393556,12.992295506265084],[77.65956233654767,12.992246389093944],[77.65885233217418,12.991899898171425],[77.65773965432336,12.991356897607597],[77.65713701833587,12.991062803786294],[77.65497067005394,12.990005599010072],[77.65493819856307,12.98999010481534],[77.65485792121035,12.989951799430814],[77.65467318747017,12.989863651320519],[77.65273206673845,12.98895832404189],[77.65267478070355,12.988931606172807],[77.65255347146409,12.988875028257839],[77.65250999593829,12.98885475152855],[77.65249607123016,12.988848257126676],[77.6524927442149,12.988846705426292],[77.65228233421291,12.988748571440395],[77.65200153167761,12.988617606791445],[77.65191836437329,12.988578567579799],[77.65177098769823,12.988508944331201],[77.65171107726808,12.988480641624626],[77.65139979178011,12.988333585064268],[77.65095088419744,12.988121513484758],[77.65075733730663,12.988030078640755],[77.65038156646028,12.987852558099867],[77.65020637888091,12.987771524869892],[77.65010378739517,12.987724071052252],[77.65007422218488,12.987710685219557],[77.64956598195869,12.987480576298896],[77.64947654677553,12.987440083963913],[77.6492715541753,12.987349085647743],[77.64922193692686,12.987327060042597],[77.64867941597038,12.987090996259937],[77.64862878484864,12.987068965453595],[77.64786150860287,12.986735105294285],[77.64780076483676,12.986709279712452],[77.64767473583382,12.986655697714928],[77.64757145363342,12.986611786658935],[77.6471228788311,12.986425510087273],[77.6468663085022,12.98631896589229],[77.64660185925521,12.986209149873053],[77.64634948957016,12.986104350050363],[77.64629804358059,12.986082986428343],[77.64619145402092,12.986035368572967],[77.64608817892363,12.98598248175052],[77.64598795074134,12.985924226423188],[77.64595160491658,12.985900422494904],[77.64589105906238,12.985860769269634],[77.6457977843279,12.985792293630709],[77.64570839653794,12.985718998084947],[77.64563594328885,12.985652783358969],[77.64562315381207,12.985641095108859],[77.64554187528977,12.98555837121513],[77.64551380278051,12.985528217698814],[77.64550711368491,12.98552103274254],[77.64548059805445,12.985488580684056],[77.64545931519086,12.985454287338444],[77.64544139961323,12.985414723321218],[77.64542194071748,12.98537300306646],[77.64539639490546,12.985334763037319],[77.64538560007017,12.985318732730436],[77.64537887310381,12.985308743199942],[77.64537667010858,12.985305471756917],[77.64537105694002,12.98529377919241],[77.6453670263199,12.985285383170888],[77.64536285708044,12.985276698396705],[77.64535338327822,12.985246271904094],[77.6453525849447,12.985241185332498],[77.64535185599188,12.985236540819534],[77.64534896469331,12.985218118949097],[77.64534844693021,12.985214820028164],[77.6453482141684,12.985189622576236],[77.64534815296759,12.985182997335677],[77.6453527270649,12.985149868588017],[77.64536652732536,12.985085232704732],[77.64540542763147,12.984903036460878],[77.64541316478352,12.984866798183738],[77.64544044462838,12.984739028359195],[77.6454596498317,12.984649077501022],[77.64551985177926,12.98436711137116],[77.64553826345862,12.984280877118856],[77.64554420045299,12.98425307018915],[77.64555033377808,12.984224343710332],[77.64563165640178,12.983843455277851],[77.64565752880712,12.983722277436748],[77.64567804276628,12.98362619679745],[77.64567969413649,12.983618462321889],[77.64568125396276,12.983611156607642],[77.6456846006116,12.9835954820054],[77.64569422328549,12.98355041256469],[77.64570848838432,12.983483599530905],[77.64544147075362,12.983428772311731],[77.6454070848481,12.983589823945382],[77.64540478074254,12.983600615576812],[77.64537210661543,12.983753649834993],[77.64531197527916,12.98403528412261],[77.6452733445457,12.984216217055991],[77.6452133722245,12.98449710657219],[77.64517122944261,12.98469448871972],[77.64514557939539,12.984814624629932],[77.64510076132544,12.985024536897491],[77.64509242483821,12.985050708771576],[77.64508019097195,12.9850729056472],[77.64507367351703,12.985080677660033],[77.64506386635239,12.98509237262525],[77.64504406842812,12.985108391021155],[77.64502153329566,12.985120380279838],[77.64499709715467,12.985127908177772],[77.64497165629996,12.985130704227922],[77.64494614063801,12.985128670453308],[77.64491859239982,12.98512108200733],[77.6448423661189,12.985094864238224],[77.64482716744283,12.985089636705393],[77.64473094652355,12.985063367033325],[77.64463317182106,12.98504335612794],[77.64457842424594,12.985035793349153],[77.64453426466456,12.98502969318597],[77.64443541639811,12.985022491058404],[77.64426199953873,12.98501547014293],[77.64395949522125,12.985003223021849],[77.64383588605494,12.98499557148668],[77.64382478929105,12.984994884585504],[77.64369108300211,12.984980852911518],[77.64362885369735,12.984971619969393],[77.64355812628963,12.984961126166498],[77.64342617039928,12.984935740083017],[77.64329546686321,12.984904742713178],[77.64316626281769,12.984868192789783],[77.64315116455596,12.984863213870382],[77.6430388033982,12.984826160787796],[77.64297222698791,12.984800990902075],[77.64291285978878,12.9847785465316],[77.64286731510391,12.984760200646198],[77.64286524049804,12.984759391698068],[77.64283689215725,12.984748337872151],[77.64277845976225,12.984725553415954],[77.64267152554194,12.984683856715401],[77.64256659525533,12.984645607046573],[77.64247378409479,12.984611775096845],[77.64227468150708,12.984544172213859],[77.64215180512949,12.984503966995739],[77.64145438510984,12.984275770782443],[77.64142589483248,12.98426644874817],[77.64132541673516,12.984232690926394],[77.64114811924843,12.984173123944709],[77.64087208057644,12.984075502148215],[77.64059750240327,12.983973483430503],[77.64057489145966,12.98396487820348],[77.63989764220902,12.983707132057809],[77.63891878659419,12.983334601173949],[77.63860127065476,12.983213761602],[77.63765886198763,12.982855101623567],[77.63764150926214,12.982848497558413],[77.63747481620024,12.98278821427771],[77.63746229162633,12.98278368486057],[77.63728057104855,12.982724727713622],[77.63709692260473,12.982671826081484],[77.63699627472774,12.982646422711383],[77.636953831974,12.982635710225312],[77.6369496973238,12.982630973153945],[77.63679027103919,12.982578299218115],[77.63664099950888,12.98253339350879],[77.63648826898275,12.982491890160503],[77.63631453532615,12.982467566300352],[77.63614239656654,12.982448666440813],[77.63597010220862,12.98243492007384],[77.63578044750217,12.982422622501176],[77.63530927606669,12.982392070847489],[77.63506424196001,12.98237455694595],[77.63481962543105,12.98235382169092],[77.63457516123614,12.982329842737892],[77.63420400180563,12.982290959773792],[77.63411021494314,12.982281134585657],[77.63410509154828,12.982280597854674],[77.6339786780073,12.982267354669066],[77.63384588832068,12.982303410206976],[77.63380142938786,12.982298752574135],[77.63329840506111,12.982246054443275],[77.6331526792986,12.982230787835055],[77.63313997502439,12.982229456902397],[77.63301370749434,12.982213196544595],[77.6328889386954,12.982191078557037],[77.63276540163086,12.982163080792963],[77.63264338567618,12.982129270338111],[77.63252317490027,12.982089724084966],[77.63240504794825,12.982044534878062],[77.63228928119432,12.981993807222935],[77.63217614448082,12.98193765972386],[77.6320654155294,12.98187595276938],[77.63193533165807,12.981799328661157],[77.6318188060053,12.981734906436087],[77.63177985741589,12.981716065785067],[77.63169826675221,12.981676597828853],[77.63160696450164,12.981638410641041],[77.63157463335446,12.98162488813111],[77.63144828249605,12.981579934150973],[77.63131959704403,12.981541872239005],[77.63118896873472,12.981510817357448],[77.63105679223936,12.98148686517447],[77.63092410574572,12.981470168030505],[77.63059805823424,12.981438063523196],[77.63037968786574,12.981416561524824],[77.63021770978987,12.981404026922242],[77.63019365258961,12.98140317500084],[77.63005483983754,12.981398259318171],[77.6298918663529,12.981399307636504],[77.62972908768398,12.981407168854606],[77.62956679836253,12.981421829929966],[77.62940529504269,12.981443264032354],[77.62924535704839,12.981471346090023],[77.62869498533571,12.981579904545963],[77.62806681914003,12.98170380762983],[77.62767228338745,12.981781628112158],[77.62757520924589,12.981800775569454],[77.62731898573237,12.981796020982703],[77.62710816280241,12.981837900469692],[77.62707698759586,12.98184409335216],[77.62699499257077,12.981860381473876],[77.62697305305277,12.981864200747813],[77.62696260681493,12.981861841806955],[77.6269241441037,12.981868010642005],[77.6268360990815,12.981882131727014],[77.62671889617909,12.981895539891285],[77.62665408659454,12.981900006344969],[77.62660118810781,12.981903651926773],[77.62648322523884,12.981906450237796],[77.62636525551049,12.981903929667775],[77.62624699630811,12.981896058483144],[77.62530157877558,12.981811687979395],[77.62524565342343,12.981806113321593],[77.62501556157527,12.981783177689254],[77.62473046368137,12.981748787200374],[77.6244944028002,12.981715342670435],[77.62444616871103,12.981708508982235],[77.62444250987424,12.981707913099207],[77.62440332621225,12.981701531595746],[77.62439854983432,12.981700753708427],[77.62425951059586,12.981678109592167],[77.62416734900167,12.981663100031751],[77.6241625624485,12.981662320487244],[77.62399018815363,12.981632412193317],[77.62396795625232,12.981628554783846],[77.62376288588986,12.981592973465505],[77.62371335392388,12.981584379280417],[77.62370812614147,12.981583472219118],[77.623633787861,12.981570338414704],[77.62359712476432,12.98156266843807],[77.6235647349415,12.981550560941642],[77.62354407430064,12.981539010130648],[77.6235346072516,12.981533717357022],[77.6235074562893,12.98151253006318],[77.62349370757195,12.981497901863836],[77.6234839257051,12.981487494267435],[77.62346457789047,12.981459198848242],[77.62345352753248,12.981435982055913],[77.62345322921095,12.981435355283038],[77.62345295847109,12.981434786459038],[77.62344819598809,12.981424780486917],[77.62344453562535,12.981417472720445],[77.62344137381734,12.981410231250669],[77.62343464402167,12.981394818040828],[77.62343187198623,12.981388469264937],[77.62342747731128,12.981381315054227],[77.62340411260531,12.98134327901319],[77.62337966757634,12.981313619268652],[77.62337028703742,12.981302237634182],[77.62333102727064,12.981266122199274],[77.6233235512289,12.981260933957385],[77.6232870752522,12.981235620269567],[77.62323925934461,12.981211311216807],[77.62318848285953,12.9811936594401],[77.62314325877203,12.981184528225187],[77.62313570920533,12.981183003888864],[77.62308194050838,12.981179545895143],[77.62302819573978,12.981183354027168],[77.62302153367875,12.98118474452741],[77.62297856928394,12.981193712022442],[77.62294616640484,12.98120054823556],[77.62293340591766,12.981203240385614],[77.62289055699803,12.981206410580858],[77.62288070946005,12.981205818122843],[77.62284766662091,12.981203830164532],[77.6228055302274,12.98119554460638],[77.62276753967004,12.98118259723305],[77.62276492838792,12.981181707294933],[77.62276232274878,12.981180405802917],[77.62272661602871,12.981162570634508],[77.622689915711,12.981137540780951],[77.62263063102004,12.981091389796127],[77.62262018115423,12.981083254954104],[77.62257335977517,12.981043899354933],[77.62256174800422,12.981034139108328],[77.62250786103083,12.980981448431555],[77.62250123607052,12.980973913255344],[77.62246254065386,12.9809299014013],[77.62245816686999,12.980924926694888],[77.62241294652881,12.980864894217056],[77.62237245901117,12.980801690502748],[77.62236733537446,12.9807921692722],[77.62235723198924,12.980773394197719],[77.6223369342024,12.980735674913813],[77.62232344730681,12.9807052656652],[77.62230623134167,12.980666448387655],[77.62230089019883,12.980653047479233],[77.622269593936,12.980574525266004],[77.62221551478022,12.980438840854829],[77.6221929655103,12.98038226481632],[77.62217112324808,12.980327462657225],[77.62212752786965,12.98021808200644],[77.622123950771,12.98020910707863],[77.62211411927832,12.980184439897984],[77.62208067831246,12.980100536632841],[77.62207342326963,12.980082333755837],[77.62191021938328,12.979672855780821],[77.62184376125523,12.979506112571675],[77.62182598595773,12.979461514412764],[77.62180862047477,12.979417944477586],[77.62179425360877,12.979385817616773],[77.62177580209136,12.97934455675083],[77.62174923968932,12.979296264882755],[77.62173656543845,12.979273222416431],[77.62172236922066,12.979251789961546],[77.62169154172561,12.97920524876978],[77.62161276425067,12.979105179993006],[77.62146738361804,12.979224817765731],[77.62153638272737,12.979312464307656],[77.62157301413414,12.979367768365323],[77.62160494173652,12.979425814907106],[77.6216252876315,12.979471310417043],[77.62163232756436,12.979487052429404],[77.62167901301703,12.979604186463341],[77.62171552519982,12.979695795712232],[77.62186091569534,12.98006058119159],[77.62198347878355,12.980368092591732],[77.62212988681236,12.980735431066934],[77.6221635634873,12.98081136102379],[77.62216558388475,12.980815916363603],[77.62220775797755,12.980894288455998],[77.62225582870204,12.980969329811503],[77.62230952416392,12.98104061473849],[77.6223685406576,12.981107737940135],[77.62243254284269,12.981170320560661],[77.62250051153019,12.981227451317125],[77.62257141934455,12.981282650172014],[77.62260423723261,12.981312234790671],[77.62263179525907,12.981344801131032],[77.62265465025273,12.981380715918815],[77.62267238235161,12.981419327364781],[77.6226846668624,12.98145993598283],[77.62269127745928,12.981501801159574],[77.62269214204984,12.981546711464452],[77.62269207976607,12.981581225595582],[77.6226956772852,12.981618198093848],[77.62270245560703,12.981652387369182],[77.62271121793326,12.981698199283835],[77.62271461573494,12.98174237350178],[77.62271422591164,12.981753342391675],[77.62271304229145,12.981786647225404],[77.62270651706424,12.981830481270201],[77.62269512004234,12.981873342529065],[77.62267815701333,12.981916848588131],[77.62265851426864,12.98196605285202],[77.62264304040022,12.982019047238452],[77.62263272179422,12.982073231784446],[77.62262774735191,12.982127078477381],[77.6226215811628,12.982266907436035],[77.62261158323798,12.98242638456724],[77.62259572210944,12.98258499634091],[77.62257399117351,12.98274293728682],[77.62255951307684,12.982825416179082],[77.62255578830397,12.982846635483325],[77.62254642106716,12.982899998804136],[77.622512962025,12.98305637115647],[77.62243343166215,12.983397119546085],[77.6223978538249,12.98356351308919],[77.62236844772144,12.983731476094587],[77.62234533664761,12.983900383069736],[77.62232855257702,12.984070005891535],[77.62232228805024,12.984172128793254],[77.62231811731827,12.984240119128815],[77.622314046125,12.984410491853286],[77.62231633761792,12.984580488003123],[77.62232160810403,12.984744271145301],[77.62232849257678,12.984958209771175],[77.62235541477618,12.98579483134587],[77.62235662118503,12.985832321143242],[77.62236902556587,12.986217793826903],[77.62238088629319,12.986586372197717],[77.62239552531663,12.9870412875952],[77.62239387723137,12.98709364379615],[77.62238581600319,12.987144009373296],[77.622371424558,12.987192994226845],[77.62235092993465,12.98723983382946],[77.622324654113,12.987283796420247],[77.62232380658412,12.98728487848453],[77.62229300860622,12.987324199140263],[77.62225648975861,12.987360415330436],[77.62221566822116,12.987391881809224],[77.62217118032103,12.987418113893156],[77.62212371869634,12.987438705293789],[77.62208141696021,12.987451161715436],[77.6220740203886,12.987453339754152],[77.6220228579464,12.98746179161884],[77.62197102181912,12.98746393106567],[77.62191787229281,12.9874596083812],[77.62184890071441,12.98744971968959],[77.62133732997574,12.987376374040085],[77.6211713180045,12.987352572334913],[77.62095737909098,12.987321899179795],[77.62095519546754,12.987321586106255],[77.6207429634517,12.987291157674917],[77.620696889214,12.98728328575792],[77.62064569634437,12.987274539307798],[77.62061851970513,12.987268380215191],[77.62054949959784,12.987252738058773],[77.62039885641946,12.987214318645677],[77.62035224703351,12.987202431580627],[77.62015732158946,12.987152718601427],[77.62010059146594,12.987138250385426],[77.62006760500746,12.987127832270227],[77.62004200787963,12.987115506210214],[77.6200383167848,12.987113728797578],[77.6200113982942,12.9870956167413],[77.61998741446484,12.98707387137686],[77.61996687221118,12.98704894500887],[77.61995020611695,12.987021356141737],[77.61994398949813,12.987006521904702],[77.61993740360279,12.98699080649138],[77.61993656900766,12.986988790214475],[77.61993397892985,12.98698237224168],[77.61992934474152,12.986972293445293],[77.61992428743288,12.986962521072059],[77.61991884058826,12.986953069680183],[77.61991302776211,12.986943944507091],[77.6199068796588,12.986935161025064],[77.6199004338571,12.986926738307826],[77.61989372482277,12.98691868188718],[77.61989167200684,12.986916407769979],[77.61988677423871,12.986910982004296],[77.61987961038068,12.98690363933445],[77.61987225834137,12.986896646992369],[77.61986474317705,12.986890001463053],[77.61985708594904,12.986883693142238],[77.61984929921717,12.98687770730943],[77.61984139630161,12.98687203314075],[77.61983339213138,12.986866660425202],[77.61982530432049,12.986861580700781],[77.61981714767553,12.986856783202857],[77.61980891920861,12.9868522466927],[77.61980061572024,12.986847959910781],[77.61979224807348,12.986843915445293],[77.61978382144133,12.986840105492318],[77.619775345022,12.98683652241543],[77.61976682198267,12.986833156024785],[77.61975825963613,12.986829999805241],[77.6197496600718,12.986827042508454],[77.61974101568974,12.986824274913287],[77.61973232628576,12.986821689983744],[77.6197235917525,12.986819283244213],[77.61971481888824,12.986817050827243],[77.61970600393171,12.986814985912833],[77.61969715563819,12.986813088055973],[77.61968827368439,12.986811348923238],[77.61967935891788,12.986809767104935],[77.61967041678926,12.986808336480225],[77.61966143687464,12.986807052439591],[77.6196524199704,12.98680591310857],[77.61964337289741,12.986804917521724],[77.61963429359635,12.986804061593473],[77.6196251869386,12.986803345968415],[77.61961605698112,12.986802766335918],[77.61960689818919,12.986802321763022],[77.61959772158035,12.986802011154591],[77.61958852601424,12.986801830991439],[77.61957931072247,12.98680178082793],[77.61957008411117,12.986801858313505],[77.61956084274027,12.986802061163168],[77.61955158318354,12.986802389260786],[77.61954231615343,12.986802842095619],[77.6195330390123,12.986803416759917],[77.61952375506502,12.986804115031523],[77.61951447149636,12.986804933454072],[77.61950518429947,12.986805872533234],[77.61949590066035,12.986806931705235],[77.6194866265762,12.986808108574548],[77.61947735595703,12.98680940306829],[77.6194680975321,12.986810815514533],[77.61945885429587,12.986812342874757],[77.61944962400123,12.986813986903881],[77.61944041525216,12.986815745553416],[77.61943122985551,12.986817617357696],[77.61942206593245,12.986819603292876],[77.61941293148733,12.986821702469024],[77.61940382656701,12.986823913608973],[77.61939475683695,12.986826237249986],[77.61938572462259,12.98682867064162],[77.61937672654919,12.98683121680429],[77.61936777472613,12.986833873218677],[77.6193588649947,12.98683663913623],[77.61935717943133,12.986837186451831],[77.61935000402133,12.986839516363665],[77.61934119516549,12.986842501336877],[77.61933243997218,12.986845596263674],[77.61932374201986,12.986848798785747],[77.61931509928343,12.986852111671165],[77.61930651934284,12.986855534008791],[77.61929800397009,12.986859064521308],[77.61928955070509,12.98686270674219],[77.61928116824176,12.986866458955522],[77.61927285518418,12.986870322028821],[77.61926461918651,12.986874296020963],[77.61925645991649,12.986878379968939],[77.61924837723616,12.98688257834688],[77.61924038079063,12.986886887144],[77.61923247051932,12.986891307399986],[77.61922464087138,12.986895844946863],[77.61921689528133,12.986900503312489],[77.61920923684731,12.986905283669259],[77.61920167053434,12.986910188245034],[77.61919849934182,12.986912323121949],[77.619194198999,12.986915218153666],[77.61918682532077,12.986920377308625],[77.61917955229694,12.986925667172791],[77.61917238330025,12.986931091558247],[77.61916532480825,12.986936649448284],[77.61915837802886,12.986942345848098],[77.61915153859908,12.986948189442975],[77.61914481007327,12.986954189379954],[77.61913820148803,12.986960346354458],[77.6191317150948,12.986966668155633],[77.61912536052105,12.986973157641408],[77.61911914201086,12.986979819888056],[77.61911306124671,12.98698666749974],[77.61910712502731,12.986993710277739],[77.61910134772462,12.987000949735556],[77.6190967870215,12.987007000023294],[77.61909573728431,12.987008392618147],[77.61909030489363,12.987016047276496],[77.6190850562215,12.987023926051847],[77.61907997273312,12.987032096185754],[77.61902046980302,12.987134865168187],[77.61900585893088,12.987156692623978],[77.61900369305386,12.987159928268323],[77.61898474282718,12.98718156065894],[77.61896312541883,12.987200614833387],[77.6189379733055,12.987217607232568],[77.61862800277,12.987399327435034],[77.6186263232357,12.987400312061775],[77.61861993110485,12.987404059448005],[77.61859314238195,12.987419764334764],[77.6185900027033,12.987421604221312],[77.61848773666219,12.987481734886622],[77.61846489749183,12.987495623429755],[77.61832068446894,12.987583319645385],[77.61820188747227,12.987660475194215],[77.61816628696845,12.987683596792488],[77.61815651687678,12.987689942211862],[77.61813650274082,12.987703802587859],[77.61799567350721,12.987801330960677],[77.61783829919675,12.987917385976925],[77.61777923573882,12.987963716616822],[77.6176845347314,12.988038002113152],[77.617635254474,12.988079087340038],[77.6175347783162,12.988162854875739],[77.61745424607169,12.988232055531197],[77.61745154178719,12.988234379299238],[77.61729004137032,12.98837315519872],[77.61728868200078,12.988374323293167],[77.61725376803705,12.988404324557616],[77.61725119341106,12.988406536911494],[77.6172483983633,12.988408937698827],[77.61723128583391,12.988424696055908],[77.61721782242286,12.988437094061759],[77.61716806011036,12.988482918515077],[77.61716075796289,12.988489642818973],[77.61714829299517,12.988501121391865],[77.61709523289954,12.988549982663464],[77.61698128661843,12.988650964367345],[77.61686382817271,12.988747328507102],[77.6167427035067,12.988839221830222],[77.61671700443107,12.988857223353188],[77.61661808968368,12.988926510518272],[77.61656352299153,12.988961726299463],[77.61649016746416,12.989009067856978],[77.61647925974799,12.989015535932621],[77.61640513230255,12.989059492148295],[77.61635874691429,12.98908699783274],[77.61625304143915,12.98914700510479],[77.6162481989311,12.989149754117594],[77.6162425438062,12.989152964439521],[77.61623710313648,12.989156858900369],[77.61620427564765,12.989174043150205],[77.61619705058541,12.989177825263257],[77.61619228708872,12.989180318817162],[77.61614011595678,12.98920762890951],[77.61610847898363,12.989224189958234],[77.61608221535171,12.98923793821718],[77.61590858937222,12.989328826442193],[77.6158621413883,12.989353841769312],[77.61571464096511,12.989433280553506],[77.61552304666426,12.989542367739876],[77.61537831936724,12.989629353876818],[77.61533438951777,12.989655757243396],[77.61478713371004,12.989993530251157],[77.61460041178306,12.990105733810752],[77.61453181351303,12.990144767959702],[77.61441100037945,12.990213513685326],[77.61323847739968,12.99086240024438],[77.61284570884702,12.99107976249584],[77.6127374736639,12.991135862637977],[77.61262683275385,12.991185772093184],[77.61251355872953,12.991229629691803],[77.61239799536753,12.99126730316366],[77.61227987720666,12.99129884308059],[77.61188140052212,12.991393764108954],[77.6117599007078,12.991422706548336],[77.61163054913412,12.99145670049079],[77.6115024530714,12.991496789274532],[77.6113764252712,12.991542745065102],[77.61125274287124,12.991594466673],[77.61113168200521,12.991651839088794],[77.61101351024317,12.991714734499222],[77.61089848907267,12.991783013372102],[77.61078732494634,12.991856227474036],[77.6103077977273,12.99218837583226],[77.61029704514226,12.992195823696218],[77.6102159148535,12.992253017666728],[77.61004688882495,12.99237217501007],[77.60979960667541,12.992552698166476],[77.60955557512699,12.9927371189515],[77.60935714718273,12.992889673660153],[77.6089608899192,12.993172903294726],[77.60888639777997,12.993222245727782],[77.60880921814686,12.993265835179452],[77.60872906239247,12.993303902301562],[77.60864634017969,12.993336253466582],[77.60856147463679,12.99336272140257],[77.60847489860947,12.993383173502371],[77.60838705535002,12.993397505369352],[77.6082983930071,12.993405643146415],[77.6082278714199,12.993407149698994],[77.60821065711023,12.993407517448066],[77.60820673352495,12.993407600892402],[77.60820021135683,12.993407735744414],[77.60819367063404,12.993407870979865],[77.60816832235301,12.993408395079419],[77.60806395552694,12.993410552961093],[77.60774953024374,12.99341705399831],[77.60767216948062,12.99342038762567],[77.60761774588745,12.993422732845037],[77.60748583490148,12.99343435129327],[77.6073546038607,12.993451863495109],[77.60722432570569,12.993475230865204],[77.60709527070739,12.99350440745772],[77.60696771000619,12.993539329816167],[77.60684190979063,12.993579926283315],[77.60671862420159,12.99362592633181],[77.60670257427236,12.993632329991927],[77.60659687843369,12.993674500908668],[77.60459974987532,12.994471322646554],[77.60441538239209,12.994542819989716],[77.60426548969058,12.994600948081121],[77.60392891031627,12.994724030997185],[77.60360270710298,12.994836213924446],[77.60358993061796,12.994840607821965],[77.6032486815218,12.994950631283665],[77.60290529396715,12.99505406133713],[77.60255989996307,12.995150856978375],[77.60221263515155,12.995240980797245],[77.6018634103327,12.995324450090076],[77.60081337144965,12.995564733454222],[77.6007418432475,12.995577754237015],[77.60067046016485,12.995584221500907],[77.60059877263033,12.995584271695648],[77.60052738029738,12.995577903925069],[77.60045687633799,12.995565171555489],[77.60038784784743,12.995546179720366],[77.60031988405218,12.995520716866453],[77.60030950294002,12.99551628438686],[77.60023452515871,12.9954842707187],[77.60020750189462,12.995472732449699],[77.60011464631957,12.995435059675115],[77.60007816363989,12.995420258153944],[77.60006723531865,12.995416278778347],[77.60006295373707,12.995414501860605],[77.599709856584,12.995262012156063],[77.59965462185619,12.995240150591277],[77.59959756182876,12.99522131345792],[77.5995399164749,12.995205920420926],[77.5990396477201,12.995092627414355],[77.59881210009314,12.99503769008021],[77.59864409237534,12.994992044287041],[77.59858658664962,12.994976420633101],[77.59852899869624,12.994959003732061],[77.59836297251883,12.994908790774327],[77.59814144151225,12.994834857925069],[77.59792186630337,12.994754567729188],[77.59779095256224,12.994704574667269],[77.59769345018896,12.99467117072568],[77.59759300020649,12.994644373606741],[77.59749087372997,12.994624579663695],[77.59737754478256,12.994610657083104],[77.59725857088002,12.994656107219335],[77.5972338244421,12.994656772806762],[77.59716494047616,12.994658625529844],[77.597062052535,12.994668741579536],[77.5969601833041,12.99468613937494],[77.59685986857282,12.994710728261014],[77.59676163692899,12.994742377387766],[77.59668040051538,12.994775118719065],[77.59666600314503,12.994780921401022],[77.59657347221936,12.994826155619226],[77.59648452870687,12.99487784140646],[77.59639964043733,12.994935709049622],[77.59631925353776,12.994999450864915],[77.59624378952458,12.99506873364662],[77.59617364603463,12.99514319059593],[77.59610918883472,12.995222433022374],[77.59605075841802,12.995306041025444],[77.59600242623269,12.995387249173088],[77.59605275653841,12.995009611477675],[77.59610176336504,12.994641904091546],[77.59611176261281,12.994566877865614],[77.59612114957889,12.99447028898914],[77.5961236550421,12.994372512659687],[77.59611919235486,12.994274804831248],[77.59610778159613,12.994177638951816],[77.59608947986449,12.994081491639822],[77.59606437456407,12.993986830232048],[77.59603258995466,12.9938941166327],[77.59599427871866,12.993803804399244],[77.59598229735097,12.993780332158735],[77.59594962868898,12.993716332228404],[77.59589885670245,12.993632128575472],[77.5958422102697,12.993551604762347],[77.59578046573031,12.993475767843957],[77.59574673596657,12.99343718488813],[77.59538553398758,12.993024011522222],[77.59532324794904,12.992952763484544],[77.59485683860925,12.992419245043143],[77.59483745296893,12.992397070108607],[77.59481535565386,12.992371793331106],[77.59449995426738,12.992011010555787],[77.59439168220064,12.99210203319971],[77.59449568553175,12.992221000944928],[77.59481158217159,12.992582350052091],[77.5948500666859,12.992626371871447],[77.59496364338841,12.992756290442452],[77.59513965891486,12.992957631784305],[77.59523635228412,12.993068237780816],[77.59544902777994,12.993311513874504],[77.59548805156999,12.993356152562944],[77.59560105009395,12.993485409764924],[77.59567077175711,12.993565163258705],[77.59572730828147,12.993634603894817],[77.59577830822835,12.993707101682856],[77.5957834311986,12.993715597912383],[77.59582402324325,12.99378291810384],[77.595864229088,12.993861682789808],[77.59589872911786,12.993943012164866],[77.59592735401675,12.994026507190984],[77.59594996385059,12.994111761552107],[77.59596644797861,12.994198357968322],[77.59597672513502,12.9942858724615],[77.59598074446758,12.994373878003698],[77.59597848803632,12.994461943877694],[77.59597698573083,12.994477402726794],[77.59596989016092,12.994550416737281],[77.59589853334506,12.995085817894946],[77.59585043959218,12.99544667271351],[77.59579031708397,12.995897781133644],[77.59571677009052,12.996449615529484],[77.5957007031811,12.996570168021673],[77.5956517018491,12.996937832545647],[77.59562631775141,12.99710378974442],[77.59559462667802,12.997268269927092],[77.59555661153769,12.997431456177738],[77.59554948610906,12.99745746670909],[77.59551172221197,12.997595319335382],[77.59548511832801,12.997725299389485],[77.59543391085022,12.997975486841188],[77.59542227025034,12.998032359349823],[77.5954213293104,12.998036954606984],[77.59542077242604,12.998039675360362],[77.59540576880002,12.998087627884923],[77.59535669356485,12.99824447898067],[77.59534275853395,12.998289017227151],[77.59532162852555,12.998356551593941],[77.59531500264751,12.998377728797031],[77.59526715762752,12.998530647959276],[77.59521710343981,12.998690627919949],[77.5951541572652,12.998891812416664],[77.59512300108342,12.99899139179149],[77.5950775529844,12.999136650069254],[77.59503187664967,12.999282637819135],[77.59496813031585,12.999486379733224],[77.59495296169887,12.999534860686323],[77.59488653212132,12.99974717861059],[77.59485260570493,12.999855612030496],[77.59478124463112,13.00008369168399],[77.59476058789436,13.000149713411478],[77.59462892456916,13.000570527225134],[77.59462658137411,13.000578016393325],[77.59453813422815,13.000860705446996],[77.59453218122546,13.000879732049544],[77.59444661503277,13.001153213186614],[77.59443182523158,13.001200483393596],[77.59435457492215,13.001447385841878],[77.59433474495245,13.001510765109469],[77.59426430877627,13.001735888665154],[77.59422902869763,13.0018486485729],[77.59417955557322,13.002006771377138],[77.59414713582414,13.002110389284365],[77.59414011771834,13.002132820101142],[77.59406286061233,13.002379744271053],[77.59405987408346,13.002389289622155],[77.59403099684009,13.002481585201673],[77.59395024511512,13.002739678648009],[77.59391932473993,13.00283850435333],[77.59383631287798,13.003103821503132],[77.5938082482243,13.003193519935929],[77.59373355469148,13.003432250579452],[77.59372575976629,13.003457164215853],[77.59364671479423,13.003709802648226],[77.59362719052584,13.00377220485377],[77.59353646504053,13.004062175788158],[77.5935209909854,13.004111632963653],[77.59351701650533,13.004124701454737],[77.59345837431209,13.004317522894704],[77.59345597321793,13.00432541793403],[77.593437581062,13.00438589319545],[77.59335853369572,13.004661575607669],[77.59334082691616,13.004727278876938],[77.59332484181326,13.004786593644369],[77.59328396466975,13.004938273511081],[77.59326864692096,13.004996977401877],[77.5932429882506,13.005095311940972],[77.59320831694274,13.005228186600357],[77.59320360384604,13.005245080048935],[77.59317468837462,13.005348723589167],[77.59316549434263,13.0053816783356],[77.59316112721254,13.005397331714212],[77.59310836600834,13.005564499228065],[77.59308541042253,13.005629528616595],[77.59307706656087,13.005653165400487],[77.59304999221636,13.005729862552743],[77.59304957439551,13.0057309304489],[77.59298606978217,13.005893240011966],[77.5929693285054,13.005932128724515],[77.59291666907895,13.006054452565618],[77.59284186503875,13.006213324827293],[77.59282542900263,13.00624539872351],[77.59280826120028,13.006278900615333],[77.59276174084994,13.006369682168092],[77.59268328006777,13.006510937901098],[77.59267638439916,13.006523352418267],[77.59265786478767,13.006554216074237],[77.59258569600561,13.00667448816793],[77.59251726541163,13.006784330287374],[77.59247661272008,13.006849584401204],[77.59237574663557,13.007011490704453],[77.59229339036136,13.007143685782136],[77.59226513092344,13.007189046729293],[77.59215252670528,13.007369794626241],[77.59214786866015,13.007377271538564],[77.5919880878815,13.007569038339188],[77.59197427512116,13.007585616233623],[77.59194856044137,13.007616478655494],[77.59191772421337,13.007653487893155],[77.59191226238742,13.007660146340584],[77.5918857678184,13.00770267411266],[77.59184786944242,13.00776350671109],[77.5918017670768,13.007837507948558],[77.5917381725092,13.007939586803282],[77.5917095623453,13.00798551042303],[77.59169948208469,13.008001690758535],[77.59167403478091,13.008042537512187],[77.59153660498038,13.00825981255977],[77.59152213820535,13.008282684376393],[77.59147805720407,13.00835237596883],[77.59135756783893,13.008537231929665],[77.59134375378467,13.008558425586127],[77.59130584126758,13.00861659134057],[77.59129083485209,13.00863961432956],[77.5912895951035,13.008641516364255],[77.59127790245086,13.008659455345683],[77.59126136031497,13.008684092928757],[77.5912607672478,13.008684976233353],[77.59124943445104,13.0087018551129],[77.59117813409142,13.008808048686674],[77.59107832973474,13.008956695641256],[77.59107344082692,13.008963977099327],[77.59098227095895,13.009097782289784],[77.59086994271001,13.009262640516319],[77.59085584508834,13.009283330849485],[77.59083346161422,13.009316181889666],[77.59083178278588,13.00931864581703],[77.59082823861382,13.00932384741104],[77.59081298137042,13.009346239659754],[77.59080172286309,13.009362763175064],[77.590798673083,13.009367239176067],[77.59076907316573,13.009410681408204],[77.59076780613533,13.009412540961174],[77.59075658933703,13.00942900326228],[77.59071819508907,13.009485352468454],[77.5907030256442,13.009507615859967],[77.59068747190852,13.00953044325438],[77.59066104686532,13.009569225891738],[77.59067999209782,13.009630853222216],[77.59066584366387,13.009651617949713],[77.59061512971003,13.009726047490222],[77.5905740746923,13.009786301243984],[77.59049593246237,13.009900985463684],[77.59048672353482,13.009914500802106],[77.59045254341925,13.009964664713658],[77.59030526874817,13.010180810078275],[77.59025226797095,13.010258595839131],[77.5901853321004,13.010356833221257],[77.59018088798926,13.01036335555177],[77.5901656234149,13.010385758365127],[77.59000824840409,13.010616727335158],[77.5898806551827,13.010803987528323],[77.589842228299,13.01086038414256],[77.58977327266098,13.010961585804795],[77.58974300534561,13.011006007156332],[77.58967273329986,13.011109140823972],[77.58960681697815,13.011205881881217],[77.58959315116215,13.011225938302166],[77.58949804813683,13.011365514768059],[77.58947387119098,13.011400997683912],[77.58941485623164,13.011487610064856],[77.58938230919766,13.011535377209736],[77.58930180657993,13.011653525615976],[77.58924948464274,13.011730315087664],[77.5891017566488,13.011947125764646],[77.58909523823037,13.011956512892448],[77.58903078930516,13.012049325327611],[77.58901526705742,13.01207167880518],[77.58893917101311,13.012181264172904],[77.5887946076769,13.012381790113562],[77.58877241912177,13.012412568186237],[77.58875786266503,13.012432388350517],[77.58856937742101,13.012689031060185],[77.58856353626511,13.01269698441493],[77.58855836194748,13.012704029798899],[77.588459975149,13.012832398472693],[77.58835663527296,13.012956376854865],[77.5883476554052,13.012966296787946],[77.58827244630146,13.013049379221387],[77.58824823404892,13.013076126154251],[77.58815116449921,13.01317494108716],[77.58813495072057,13.013191446401441],[77.58801697380515,13.013302148193889],[77.58800037363454,13.01331650149445],[77.58798573674926,13.013329157244392],[77.58789449919966,13.013408045587834],[77.58788195270046,13.013418033657503],[77.58778239582107,13.013497289315694],[77.58776772900333,13.01350896533728],[77.58763687482679,13.01360473916904],[77.58757650812944,13.013645277062517],[77.58750215284577,13.013695208675623],[77.58747118750635,13.013714234268598],[77.58736378726374,13.013780222671409],[77.58734619579334,13.013790076673903],[77.58733032467862,13.013798967005469],[77.58731224077627,13.013809096847563],[77.58730352655465,13.013813978188137],[77.58730185020336,13.013814619285599],[77.58728270884747,13.01382193963313],[77.5871819114358,13.013860488212854],[77.58716993947273,13.01386506672489],[77.58712417632921,13.013880651958528],[77.58702971112126,13.01391282331361],[77.58690176088287,13.013951178943753],[77.58688422319183,13.013956469394774],[77.58673530708587,13.014016611541212],[77.58658693327006,13.014069833898414],[77.58645824954664,13.01411034889306],[77.58643650689407,13.014117194385474],[77.58628427098864,13.014158616598886],[77.5861304671556,13.014194035664955],[77.58605300123209,13.014208696491355],[77.58597534246162,13.014223393815008],[77.58584263755631,13.014243147737414],[77.58581914388019,13.014246644912333],[77.5856621233454,13.014263751638218],[77.58550406709324,13.014274718660003],[77.58527618027661,13.014286044384532],[77.58469454174902,13.014314951181055],[77.58444775223653,13.014339570421505],[77.584436981287,13.014330967320378],[77.58441758386202,13.014309458259063],[77.5844002596474,13.014282418159736],[77.58437143730117,13.014235283570581],[77.58433498758045,13.014189395689288],[77.58429312301192,13.01414817227931],[77.58424645755063,13.014112224314186],[77.58419567935132,13.014082085693884],[77.58414153864317,13.014058205453619],[77.58412314673795,13.01405260409338],[77.58408483631213,13.014040936433064],[77.5840264098447,13.01403053805831],[77.58396715643076,13.014027167021755],[77.58390912008463,13.014030718041974],[77.58385195726247,13.014040995296762],[77.5837964487867,13.014057851165534],[77.58374338132053,13.014081046119296],[77.58369350530936,13.014110248760081],[77.58364752679218,13.014145045098394],[77.58360609551376,13.014184938552052],[77.5835697941236,13.01422936305005],[77.58353913379761,13.014277689626619],[77.58351591109749,13.014326374105842],[77.58350149805491,13.014354936704727],[77.58348444295311,13.014378242744487],[77.58346377433264,13.014398512854886],[77.58344004466683,13.014415213244662],[77.58341388495785,13.014427910110232],[77.58338598646284,13.01443627314442],[77.58335520363667,13.01444033508021],[77.58324508859063,13.014445988821945],[77.58316065182981,13.014450414849291],[77.58215480526462,13.014503139569243],[77.58134750254561,13.01454545696731],[77.58005766237163,13.014613068136006],[77.57975001622671,13.01462664781782],[77.57944237627532,13.014635144203908],[77.57913443900185,13.014638565395504],[77.57881387866858,13.014639481200943],[77.57874195442542,13.014639686680535],[77.57866382293747,13.014639909893585],[77.57864669095788,13.014639958837705],[77.57824618500472,13.014641103038894],[77.57790656631111,13.014645122959607],[77.57787631360053,13.0146457527609],[77.5765339846181,13.01467369738526],[77.57611834897169,13.014679269056444],[77.57570285041382,13.014678682468997],[77.57528740870337,13.014671941728798],[77.57487211767922,13.014659045900025],[77.57445707206166,13.014639999444931],[77.57404219282692,13.014614795300362],[77.57316483170582,13.014554965142173],[77.57302260899999,13.014545266505245],[77.57194019911141,13.0144714533929],[77.57193815086443,13.014470046245421],[77.57175907952535,13.014439309183752],[77.57146893920591,13.014389507462226],[77.57130987257514,13.014378658868036],[77.57122729114909,13.014373026685],[77.57091215578468,13.014351533957388],[77.56995382101492,13.014286171680356],[77.56954242096215,13.014258112545921],[77.56944350679183,13.01425110302652],[77.56916298828173,13.014239382728569],[77.56894230014973,13.014263541513236]]]}},{"type":"Feature","properties":{"buffer_m":10},"geometry":{"type":"Polygon","coordinates":[[[77.56894147960861,13.014218433195612],[77.56714109273467,13.014084084421809],[77.56702219991858,13.014075212381917],[77.56684737180447,13.014065666468948],[77.56667134882389,13.014063084418353],[77.5664953642025,13.014067521262763],[77.56631970900322,13.014078970418367],[77.5662898813493,13.014082113104783],[77.56614467417452,13.014097412351635],[77.56597054887449,13.014122817337476],[77.56579762262315,13.014155141825013],[77.5656261805056,13.014194333920312],[77.56545650639455,13.014240326957102],[77.56528888084436,13.014293046084633],[77.56512358232459,13.014352403264217],[77.56496088257455,13.01441829972814],[77.56480105143436,13.014490627491334],[77.5646443530904,13.014569267050915],[77.56449186560866,13.014653633011406],[77.56244477087776,13.01584063993231],[77.56206066851824,13.01606336150542],[77.5616602852319,13.016295523566317],[77.56140890885885,13.016441284038448],[77.56107136284368,13.016637009937183],[77.56105970927086,13.016643767256056],[77.56089409879061,13.01673979641529],[77.56082663002863,13.016778918145357],[77.56077726724824,13.016807541130536],[77.56070224097685,13.016851045078559],[77.56049406804246,13.016971754057325],[77.56030753579587,13.017079914693081],[77.56022808764669,13.017125982664952],[77.56009537245522,13.017202937506482],[77.56003059238286,13.017240500201188],[77.55987707479133,13.017329517304566],[77.56006240567957,13.017636938889344],[77.56228562263847,13.016347807311067],[77.56387728976917,13.015424879680266],[77.56467651267111,13.014961450559241],[77.56474751294033,13.0149221682011],[77.5648176943297,13.014883338904971],[77.56496116059935,13.014811340402831],[77.5651074908548,13.014745122660102],[77.56525644405414,13.014684792920558],[77.5654077741655,13.0146304515747],[77.56556122941619,13.014582189115508],[77.56571655794728,13.01454008459721],[77.56587350231338,13.014504207481263],[77.56603180317572,13.014474616684394],[77.56619119883489,13.014451360645719],[77.56635142620229,13.014434478917773],[77.56651222072708,13.014423998718796],[77.56667331697948,13.014419936784385],[77.5668344473623,13.014422300152031],[77.56684985173005,13.014423141309289],[77.56699629018567,13.014431137597262],[77.56757788356254,13.014474537079282],[77.56938343387492,13.014609270298749],[77.56939611330615,13.014610216459278],[77.56951649799711,13.014618813395858],[77.57067608398029,13.014697896841533],[77.5713181258488,13.014741683920745],[77.5728371647193,13.014845281954692],[77.57283773592704,13.014845320910903],[77.57283655932268,13.014846498744273],[77.57279807524546,13.014896205701366],[77.5727662671341,13.014950233619562],[77.57274162888095,13.015007725224297],[77.57273891861553,13.015017251426409],[77.57272454304284,13.015067779542267],[77.57271527662695,13.015129448406938],[77.57271402953732,13.015188953108181],[77.57273274657544,13.015622165526102],[77.57274239612163,13.015845507657698],[77.5727497299389,13.01601525143286],[77.57276039430414,13.016262081908462],[77.57276561906951,13.016383010939656],[77.57276729054988,13.016421697937542],[77.57277189794131,13.016528337629687],[77.57278035609457,13.016724104556683],[77.57301520348044,13.016714301713547],[77.57300923453262,13.016576149686514],[77.57300281793805,13.016427636823984],[77.57299920918831,13.016344111873526],[77.57296952775783,13.015657131556083],[77.57294912833723,13.015184984486446],[77.57294998287512,13.015147516323806],[77.57295473171564,13.01511708037094],[77.57295531595615,13.015113335895448],[77.57296509999028,13.015080127252311],[77.5729703968855,13.015068198689242],[77.57297916595633,13.015048450815867],[77.57299727130375,13.015018839443682],[77.57301910645853,13.01499178809855],[77.5730442989198,13.01496774629269],[77.57307242339088,13.014947110336557],[77.57310300419688,13.01493021904256],[77.57313553296078,13.01491734780194],[77.57316946635686,13.014908704355408],[77.57320424135527,13.014904429988068],[77.57324554052717,13.014904620999133],[77.57370397945976,13.01490439360205],[77.5740205287672,13.014925978881198],[77.57417171566375,13.014935163505914],[77.5744397067505,13.014951444001216],[77.57447499086827,13.014953063154154],[77.57485957879702,13.014970711510706],[77.57527969991234,13.014983757488565],[77.57537843391565,13.014985359687984],[77.57550683039818,13.014987443233359],[77.57557523990263,13.014988553344123],[77.5756999739776,13.014990577457814],[77.57604250041182,13.014991060768748],[77.57605209440517,13.014991074305998],[77.57612030563071,13.014991170553131],[77.57612480398055,13.014991110246283],[77.5762152234993,13.014989898042474],[77.57654024742537,13.014985540628484],[77.57655368659078,13.014985260849958],[77.57656823878634,13.014984957900287],[77.57686662773506,13.014978745995176],[77.5773353320451,13.014968988439886],[77.57771312099531,13.014961123573958],[77.57777379724482,13.014959860406602],[77.57778050872362,13.014959720686205],[77.57791271875232,13.014956968318254],[77.57824775424731,13.01495300265975],[77.57826260374621,13.014952960234485],[77.57838361971335,13.014952614490095],[77.57913595642228,13.014950465052715],[77.57942363017025,13.014947268877764],[77.57944869069753,13.01494699044486],[77.5795899689562,13.01494308838363],[77.57976171150455,13.014938344908249],[77.57986445914399,13.01493380952677],[77.58007414924964,13.014924553599926],[77.58093789446347,13.014879277614666],[77.58121813237057,13.014864588042787],[77.5825839701839,13.014792993257613],[77.58269561798484,13.014787140878893],[77.58277245890584,13.01478311301448],[77.58285329242123,13.014778875865835],[77.58295150063293,13.014773727966327],[77.5831142208982,13.014765198459862],[77.58323426716353,13.014758905848423],[77.58329089587872,13.014755937471918],[77.58331432825132,13.014754709188649],[77.58336486235484,13.014752128558952],[77.58340983646653,13.014750124284843],[77.58343700261766,13.014751011108022],[77.58345935479686,13.01475558156887],[77.5834787891453,13.014763146393298],[77.58348060357682,13.014763852661158],[77.58350012639305,13.01477559468872],[77.58351734448861,13.014790477241656],[77.58352679078737,13.014802025966581],[77.5835332883038,13.014809969610015],[77.58353730013941,13.014814782698101],[77.58357307484617,13.014858146214703],[77.58361172368434,13.014895157389983],[77.58361779328497,13.01490096980416],[77.58362512632966,13.014906510231516],[77.58366732534573,13.014938393384366],[77.58370988368182,13.014963377667005],[77.5837158852363,13.014966889312024],[77.58374433303278,13.01498425344615],[77.58376508960174,13.015001724356841],[77.58378292342641,13.015022115487431],[77.58379741082074,13.015044959881541],[77.58380820260967,13.015069726921997],[77.5838111418437,13.015080957028879],[77.58381502118452,13.015095779057619],[77.58381810287972,13.015126718676793],[77.58382008763635,13.015213688993953],[77.58382214967635,13.015304005084417],[77.58382338982972,13.015358369153578],[77.5838241646357,13.015393872902605],[77.58382580009986,13.015483499002984],[77.5838269763722,13.015573010043083],[77.58382769703928,13.015662524509864],[77.58382796026085,13.015752041722328],[77.58382776784102,13.015841559411161],[77.58382735615702,13.01589834272249],[77.58382711884589,13.015931074870513],[77.58382601324365,13.01602058611143],[77.58382445080748,13.016110133189708],[77.58382289093217,13.016180963278899],[77.58382243918078,13.01619976098808],[77.58382169187519,13.016230884961372],[77.58382018650576,13.016289462464888],[77.58381750653945,13.016379012903926],[77.58381436874882,13.016468612460315],[77.58381319291382,13.016499185624266],[77.58381078329602,13.016557952885517],[77.58381072299065,13.016559322464914],[77.58380871538036,13.016604916792746],[77.58380677260912,13.016647748592627],[77.58380267841059,13.016737998563036],[77.58380021488014,13.016792301661104],[77.58379860121913,13.016828700775248],[77.583794892185,13.016919664942314],[77.58379164349331,13.017010749900349],[77.58378912048977,13.01709262724638],[77.58378885375194,13.017102076571149],[77.58378654071173,13.017192950322586],[77.5837852795311,13.01725231913351],[77.58378466099252,13.017283878900917],[77.58378289313141,13.017374200672199],[77.58378112431915,13.01746452423683],[77.58377935646838,13.017554846007311],[77.58377758768437,13.017645168652972],[77.58377685951432,13.017682352071903],[77.5837758188776,13.017735491338977],[77.58377405104193,13.017825813108722],[77.58377228225521,13.017916136671417],[77.5837705144299,13.018006458440325],[77.58376933927563,13.018066468347415],[77.58376874567072,13.018096781110236],[77.5837669768993,13.01818710467202],[77.58376520908918,13.0182774264401],[77.58376344032811,13.018367750001152],[77.5837616725281,13.018458071768466],[77.58375990377763,13.0185483953026],[77.58375813597802,13.018638716192177],[77.58375636725461,13.018729038859748],[77.58375459851891,13.018819362419043],[77.5837528307445,13.018909684184736],[77.58375106201888,13.019000007743617],[77.58374929425482,13.01909032950855],[77.58374752554123,13.019180652978765],[77.58374621223956,13.019247751478456],[77.58374608748845,13.01925412705345],[77.58374576189509,13.019271574692118],[77.5837446882967,13.01935374208997],[77.58374460893131,13.019363624732726],[77.5837443918018,13.019455239887728],[77.58374511286473,13.019547218150148],[77.58374677074983,13.019639186036732],[77.58374936721881,13.0197311325916],[77.58375289478258,13.019822869247829],[77.58375529419796,13.019874551602094],[77.5837570731227,13.019910626910697],[77.58375724993643,13.019914212565185],[77.58375842924596,13.019938134815511],[77.58376219606579,13.02000645966622],[77.5837685620498,13.020098950997498],[77.5837763927314,13.020191499449306],[77.58378567447137,13.020283918712913],[77.58379640522236,13.020376187252275],[77.58380858282061,13.020468282490333],[77.58382220329379,13.020560183327216],[77.5838372637791,13.02065186800778],[77.58385376204954,13.020743315401276],[77.58387169225166,13.020834502625599],[77.58389105150424,13.02092540930413],[77.5839118348032,13.02101601295553],[77.58393403721033,13.021106292346825],[77.58395765311076,13.021196227277368],[77.58398267845213,13.021285795392252],[77.58399878818297,13.021340158393322],[77.58400910534745,13.021374974122228],[77.5840368859655,13.02146360891704],[77.5840593215212,13.021531857077505],[77.58406593000124,13.021551556535664],[77.58409471953085,13.021637374859758],[77.58410036603145,13.021654204916064],[77.58412116204948,13.021719067002108],[77.58414500621812,13.021802017502104],[77.58414977018697,13.021820003375057],[77.58416565631542,13.021884382503517],[77.58416607430016,13.021886178371409],[77.58416952904419,13.02190107205029],[77.58418582313055,13.021971317165496],[77.58420625666943,13.022059407303644],[77.58422669075459,13.02214749572502],[77.5842471240935,13.022235584817546],[77.58426755754758,13.022323675178004],[77.58428799113513,13.022411765158658],[77.58430141462583,13.022469632091488],[77.58430795001911,13.022498256664967],[77.58432629627596,13.022583982185141],[77.58434278768858,13.022669517726627],[77.5843575717171,13.022755598458398],[77.58436697357163,13.022816684820782],[77.58437074538791,13.02284241958106],[77.58438384052187,13.022931770429002],[77.58438397387654,13.022932677216785],[77.58439553125407,13.023006288944762],[77.5843983715393,13.023024379406783],[77.58441467533379,13.023115994607142],[77.58441908579742,13.023139085280322],[77.58443311853246,13.023208694538772],[77.58445323840998,13.023300016087198],[77.58447519351913,13.02339083087868],[77.58448651781514,13.023434466467512],[77.5845001010185,13.023494765786584],[77.58452008148325,13.023583464185588],[77.58456884481025,13.02379993708309],[77.58458300303978,13.02386278909026],[77.58461223904078,13.02399257518547],[77.58461547597587,13.02400694476972],[77.58463569155256,13.02409668689268],[77.58465920217131,13.024185065858264],[77.58503427037941,13.02409148290297],[77.58499915695364,13.023974042924005],[77.58497266736069,13.02388544612113],[77.58485757179972,13.023500498767586],[77.5848135388613,13.023353226683149],[77.58480294306908,13.023312399265054],[77.584798949972,13.023295882072471],[77.58478239662139,13.023227410188118],[77.58476360836238,13.02314213097575],[77.5847532456109,13.023090725269336],[77.58475047304408,13.023076971610005],[77.58474675294309,13.023057499262112],[77.58473138316971,13.022971130277075],[77.58471774744268,13.022884282142517],[77.58470476121022,13.022795677146702],[77.5847008215747,13.02276879447354],[77.58469081628479,13.022703788893867],[77.58467499999179,13.022611703355313],[77.58465726291158,13.022519708225133],[77.58463776691951,13.022428610007443],[77.58463061617721,13.022397290200997],[77.58462037084693,13.02235312150725],[77.5846170667836,13.022338877344176],[77.58461537096457,13.022331566620881],[77.58459663312733,13.022250787284499],[77.58457619896537,13.022162698933098],[77.58456141723401,13.022098974345502],[77.58455576554717,13.022074609716284],[77.58453533219216,13.021986520679015],[77.5845148987975,13.021898430515812],[77.58449511149246,13.021813125843016],[77.58449419624903,13.021809191571727],[77.58447713345804,13.021740047672765],[77.58447079681827,13.02171612197518],[77.58444465384407,13.02162517629926],[77.58442169163192,13.021553559038253],[77.58441535369195,13.021534665170737],[77.58438656469777,13.021448848582022],[77.58438026909694,13.02143008256385],[77.58437478623001,13.021413404223791],[77.58435884314675,13.021364906937684],[77.58433249325458,13.021280837563655],[77.5843075060076,13.02119651634626],[77.58428384468088,13.021111827120167],[77.58427295737229,13.021070367805555],[77.58426151426445,13.021026791983818],[77.5842405212732,13.02094142944633],[77.58422086951136,13.020855760614754],[77.5842025647373,13.02076980549841],[77.58418561060003,13.020683582746729],[77.58417001116017,13.02059711640436],[77.58415577097296,13.020510423281932],[77.5841521448964,13.020485958757291],[77.58414289128939,13.020423526240661],[77.58413137775334,13.020336444796664],[77.5841212305442,13.02024919913667],[77.58411245447581,13.020161811861588],[77.584105049732,13.020074302382707],[77.58409918562558,13.019989098647386],[77.58409900862046,13.019986526814877],[77.58409541394532,13.019921332418663],[77.5840942806535,13.019898344765464],[77.58409234774115,13.019859145891884],[77.58409002911921,13.019809207771553],[77.58408661423525,13.01972039601094],[77.58408411129805,13.019631733775055],[77.58408289435927,13.0195642856899],[77.5840825112467,13.019543051909782],[77.5840818168994,13.019454358598352],[77.58408193008549,13.019406399240685],[77.58408202709461,13.019365294371381],[77.58408209236204,13.019357135675364],[77.5840831443726,13.019276681476445],[77.58408344919825,13.019260311292976],[77.58408488486528,13.019186958651273],[77.58408665351006,13.01909663585589],[77.58408842121823,13.019006314110129],[77.58409018987017,13.018915991462713],[77.58409195854458,13.018825667922894],[77.58409372626801,13.01873534617605],[77.58409549493473,13.018645023554221],[77.58409658933931,13.018589135306247],[77.58409726363453,13.018554700890187],[77.58409903137321,13.0184643791425],[77.58410043210786,13.018392846769508],[77.5841008000732,13.018374055600999],[77.58410198811806,13.01831335337683],[77.58410256783496,13.018283733192781],[77.58410433653233,13.018193410310356],[77.58410602042181,13.018107373790128],[77.584106104299,13.018103088174792],[77.58410787299438,13.018012765910996],[77.58410842858018,13.01798439380472],[77.5841085240896,13.017979516426474],[77.58410964171998,13.017922442367412],[77.58411140949435,13.017832120617332],[77.58411317822956,13.017741797099854],[77.58411446108853,13.017676252750542],[77.58411494602983,13.017651475928302],[77.58411671475237,13.017561153573824],[77.58411848350347,13.017470830028941],[77.58411969202585,13.017409083302814],[77.58412025131868,13.017380507490165],[77.5841204474296,13.017370492896],[77.58412202007052,13.017290184426498],[77.58412263237257,13.017258894840102],[77.58412387325987,13.017200471785996],[77.58412615858133,13.017110721830255],[77.58412640052478,13.017102134931731],[77.58412744956065,13.01706809404953],[77.58412888689693,13.017021452939655],[77.58413207799447,13.016931970275786],[77.58413573044487,13.016842400723064],[77.58413730850346,13.016806812754862],[77.58413976702519,13.016752599035472],[77.58414386114913,13.016662349479223],[77.58414581367315,13.016619302920429],[77.58414701396494,13.016592044971778],[77.58414791249432,13.016571639872373],[77.58415035900578,13.016511976975636],[77.58415157154818,13.01648044102963],[77.58415475744906,13.016389470011225],[77.5841574822849,13.016298419719911],[77.58415901207557,13.016238892551256],[77.58415976618737,13.016207500237623],[77.58416022611762,13.016188380997159],[77.58416122703537,13.01614290326608],[77.58416180836795,13.016116489814165],[77.5841633984061,13.016025385820267],[77.5841645237828,13.015934232282126],[77.5841651852444,13.01584307414184],[77.58416538095774,13.01575191298431],[77.58416511188643,13.015660753735206],[77.58416437896477,13.015569595942878],[77.58416318036822,13.015478442588408],[77.5841615197807,13.015387419637705],[77.58416072634601,13.015351060614789],[77.58415948424069,13.01529665283582],[77.58415742303427,13.015206335314451],[77.58415560921382,13.015126893352],[77.58415543765368,13.015118068316658],[77.58415662924199,13.015086696453169],[77.58416184767529,13.01506013151538],[77.58417112784208,13.01503467695513],[77.58418424325463,13.015010934452924],[77.58420087552913,13.01498945849127],[77.58422062442664,13.014970746714258],[77.58424788740642,13.014951855717788],[77.58426391227788,13.014941312050487],[77.58428939397871,13.014924546201138],[77.58433231577473,13.014889407340062],[77.58437124639765,13.014850075216136],[77.58438944336426,13.014827356282684],[77.58440576121995,13.01480698342113],[77.584432156101,13.014765800078221],[77.58443846224264,13.014756625372605],[77.58444825082871,13.014742384113537],[77.58446376656984,13.014726427926322],[77.58448175214777,13.014713280032211],[77.58450169360155,13.01470329688432],[77.58452302939615,13.014696745344086],[77.58454904850579,13.014693281396807],[77.58455330281438,13.014693070271518],[77.58471879349258,13.01468484576544],[77.58483852848454,13.014678895211789],[77.58526635712548,13.014657633112346],[77.58552469592038,13.014644794268369],[77.5856996119196,13.014632594520751],[77.58572124569594,13.014630214402983],[77.58586556410455,13.01461433669447],[77.58587481419225,13.014613319012698],[77.58604906984776,13.01458706409656],[77.5862220903148,13.014553873475084],[77.58639358741331,13.014513803617655],[77.58647273376064,13.01449193596994],[77.58656327719898,13.014466919376149],[77.58673087669828,13.014413300439305],[77.58689611013861,13.014353034605312],[77.58705870172187,13.014286222650528],[77.5872183817489,13.014212974799184],[77.58727292772633,13.014185246000984],[77.58737488658147,13.014133414561343],[77.58752795460968,13.01404767136072],[77.58767733358795,13.013955890408297],[77.5878227747182,13.013858223383588],[77.587835314503,13.013849045315538],[77.58796403706786,13.013754831222634],[77.58810088728745,13.013645887178427],[77.58812142499562,13.013628129169893],[77.5882330978691,13.013531570788642],[77.58836044941403,13.01341207299316],[77.58846992790289,13.013300625523408],[77.58848273057184,13.01328759259698],[77.58859974061491,13.013158334517101],[77.58863903864258,13.013111187402416],[77.58871128298729,13.013024513526071],[77.58881661402282,13.012887084746756],[77.58891297083774,13.012755884978985],[77.58903184147736,13.012594030310675],[77.58920146764305,13.012358737986185],[77.58921341455911,13.012341533307577],[77.58929847035502,13.01221904498966],[77.58936685594834,13.012120563326032],[77.58977889633505,13.011515838349188],[77.58982160571377,13.01145315656132],[77.59023852563178,13.010841270212788],[77.59038192324017,13.010630814834531],[77.5905477704988,13.010387411559531],[77.59082550794848,13.00997979430097],[77.59087286393952,13.00991029298161],[77.59091567234285,13.009847465861766],[77.5909413693418,13.009809752041555],[77.59102087447498,13.009782511158553],[77.59107821139906,13.009698360567535],[77.59117432671452,13.009557296832815],[77.59124339289053,13.009455931793706],[77.59128783607812,13.00939070470717],[77.59137163548482,13.009267716427429],[77.59142339755819,13.009191747771288],[77.59150284578111,13.009073418694154],[77.59159220297846,13.008940331328247],[77.5916307253383,13.00888295666162],[77.59170475648975,13.008769376677598],[77.59178902809181,13.008640085601831],[77.59183393690576,13.008571185655102],[77.59183472300889,13.008569942833205],[77.59184785242539,13.008549185343803],[77.59202616460402,13.008267275392019],[77.59203266129605,13.008257004180368],[77.5920794816514,13.008181850617948],[77.59220358248771,13.007982650506888],[77.59225867339313,13.007894221494075],[77.59227257018335,13.007871915099905],[77.59227662844415,13.007863087634421],[77.59233649065024,13.007728675246844],[77.59241504179138,13.007552299413979],[77.5924218887631,13.007536925476334],[77.59244910360883,13.007493241252066],[77.59262131093244,13.007216820674472],[77.59285867598504,13.006835811414296],[77.59295412374904,13.006676742559131],[77.59302264708855,13.006553378059284],[77.5930445121839,13.006514013711922],[77.59312935820383,13.00634844197848],[77.59320856914067,13.006180208438133],[77.59328205806159,13.006009498585533],[77.59334285536103,13.005854109098216],[77.5933497457174,13.00583649830044],[77.59341155644017,13.005661397534462],[77.59346742392927,13.005484388039951],[77.59351708771362,13.005306376217213],[77.59352242599671,13.005285917422617],[77.59359288141354,13.005015899351736],[77.59366631243012,13.004743425856313],[77.59374400826208,13.004472456927724],[77.59374972527077,13.00445365877804],[77.59382614442521,13.004202384240644],[77.59385512265322,13.004109765682662],[77.59427452134732,13.00276930751755],[77.59432563332841,13.002605946321166],[77.59486690375515,13.000875968681957],[77.59495844040755,13.00058340445862],[77.59507790460816,13.00020157980036],[77.59526210551483,12.999612847378549],[77.59542290216454,12.999098918305132],[77.59543339597558,12.999065378585474],[77.59543639587194,12.99905579048728],[77.5954574131441,12.998988616282713],[77.59548486144978,12.998900887574782],[77.5954923019226,12.998877106760158],[77.59550554622294,12.998834776082962],[77.595519590424,12.998802086959573],[77.59553301287876,12.998773712424937],[77.59561941214432,12.998591067820222],[77.59562104095947,12.998587624570382],[77.59566485817163,12.998494996729585],[77.59578875163294,12.998099008806632],[77.59581383454734,12.998018838868157],[77.59589503705183,12.997759299658105],[77.59593412661181,12.997626434829773],[77.59593993161907,12.997606703696517],[77.59594432991996,12.997589615880468],[77.59597975534885,12.997451984725995],[77.59601424949884,12.997296040443626],[77.59604337763409,12.99713904833423],[77.59606699248441,12.996981928145056],[77.59606775722082,12.996976170558398],[77.59606910854218,12.9969659966584],[77.59613073744481,12.996502001760845],[77.59614274460176,12.996411601652936],[77.59620841498162,12.99591717907069],[77.5962095590616,12.995908565461876],[77.59621379287965,12.995876689669398],[77.59618045380111,12.99579843756867],[77.59618184279165,12.995792938571805],[77.59619190220326,12.995753113482866],[77.59621346584602,12.995688945793427],[77.59621809057543,12.99567518382379],[77.59625019950568,12.995599418930235],[77.59627183859685,12.995557580990043],[77.59628804212666,12.995526252395711],[77.59633140337897,12.995456101436814],[77.59633974819938,12.995444649593225],[77.59638003242321,12.99538936636251],[77.59643365145311,12.995326427959792],[77.59649195476833,12.995267642283501],[77.59655460661858,12.995213344998671],[77.59662125008684,12.995163843960954],[77.59669150416501,12.99511942080386],[77.596764969357,12.99508032635012],[77.5968412257877,12.99504678252542],[77.59691983803353,12.995018978561022],[77.5969930752174,12.994999054572272],[77.59700036044046,12.994997072645956],[77.59708233453777,12.994981188113764],[77.59716529438917,12.994971414689452],[77.59724876714627,12.994967806723478],[77.59733227979265,12.994970387015865],[77.5974153579059,12.994979138032983],[77.59749752759697,12.994994012298694],[77.59751815876591,12.994999352483825],[77.59755672112571,12.99500933398993],[77.597578323256,12.995014925499245],[77.59765893802957,12.995042320679545],[77.59778839700762,12.99509175728872],[77.59801704933376,12.99517536601249],[77.5982487007737,12.995252677600838],[77.59831001489863,12.995271221200825],[77.598459920942,12.995316558187799],[77.59848253403369,12.995323397201362],[77.5985650267687,12.995345809836186],[77.59871835268456,12.995387467295767],[77.59895531004699,12.995444676363084],[77.59913262849786,12.995484832608387],[77.59946939412782,12.995561097899534],[77.59949280315121,12.995566845289078],[77.59959502147527,12.99559194195832],[77.59971859137745,12.995627058028411],[77.59981514332105,12.995658309410409],[77.59984076484794,12.995666602440028],[77.5999010703493,12.995688561486158],[77.59991129542074,12.995692284741938],[77.59994682333652,12.995705221524227],[77.59996137595964,12.995710520571848],[77.60008104669754,12.995759072824107],[77.60008715556863,12.995761681183083],[77.60009431257835,12.995764737074937],[77.60009687706518,12.995765832056549],[77.60019492572472,12.995807696761855],[77.60027550253498,12.995838403895087],[77.60036010273842,12.995863221293462],[77.60044646031398,12.995881331540067],[77.60053402222478,12.995892618970052],[77.60062222505485,12.995897008604496],[77.60064480713784,12.995896360037992],[77.6007105046055,12.995894473180062],[77.60079829278767,12.995885028443102],[77.600883205443,12.995869079066617],[77.60102209731282,12.995837296001138],[77.60186574890808,12.995644240540052],[77.60193674673022,12.995627993883915],[77.6020762404846,12.99559465258531],[77.60229140904391,12.995543223765234],[77.60264474552707,12.995451524818158],[77.60299617555225,12.99535303771258],[77.6030120281511,12.995348262845853],[77.60319725857268,12.995292470695944],[77.60334556507196,12.995247800180282],[77.60369277751636,12.995135853553307],[77.60388480571409,12.995069814366822],[77.60403768091082,12.995017240037768],[77.6043088744849,12.994918067143779],[77.60438014130708,12.99489200554926],[77.6046292414344,12.994795405445185],[77.60471960351111,12.99476036336737],[77.60517292237411,12.994579496447772],[77.60522063279296,12.994560460759581],[77.60573961282476,12.994353396091771],[77.60588473218428,12.994295495806158],[77.60621062398299,12.994165470231138],[77.60653707883702,12.994035220006108],[77.60662510824626,12.994000097690595],[77.60683750283853,12.993915355671598],[77.6068408717017,12.9939141109727],[77.60696466145066,12.993868374192312],[77.60709299320699,12.993828322080976],[77.60721529509917,12.9937969385277],[77.607223276968,12.993794890322233],[77.60725538487492,12.993788384943475],[77.60735516107478,12.993768169300912],[77.60748828479352,12.9937482312582],[77.60762228665224,12.993735130253205],[77.60762425371527,12.993735039188119],[77.60775801124281,12.993728846888697],[77.60777038862228,12.993728590973195],[77.60779334555117,12.993728116314122],[77.60802938808294,12.993723235881864],[77.60812095475316,12.993721342642944],[77.60821501291242,12.993719397889777],[77.60821901672263,12.993719185920787],[77.6083178947517,12.99371081279245],[77.6083523169393,12.993705692815102],[77.60837113800741,12.99370289335784],[77.60840448020284,12.993697934019078],[77.60841749370177,12.993695998383334],[77.60851591085475,12.993674931914526],[77.6085498322587,12.993665392101482],[77.60861273925377,12.993647700587989],[77.60865015603696,12.99363456955748],[77.60870757656835,12.993614418419803],[77.60871536295362,12.99361111733437],[77.60870909494291,12.99361718225303],[77.60857276574383,12.993749094201544],[77.60850793725054,12.993811822163897],[77.60841313672739,12.99390355102157],[77.60860242244996,12.994091670633988],[77.60867538555131,12.994021071690513],[77.60879593549082,12.99390442782333],[77.6088283361103,12.993873077052061],[77.6089372515658,12.993767690686829],[77.6089591349651,12.993749280715226],[77.60898068172719,12.993735743657219],[77.60900391150412,12.993725282632907],[77.60902833893431,12.993718101942294],[77.60905389052708,12.993714285755088],[77.60907969457251,12.993714024694277],[77.60910528304093,12.99371731885744],[77.60913015927164,12.99372410659842],[77.60914620596785,12.993730988205954],[77.60915383824228,12.993734261298219],[77.60917585571731,12.993747590541682],[77.60919826541495,12.993765873587424],[77.60921206936972,12.993778852556925],[77.60926111710461,12.99381935496509],[77.60931759336842,12.993854925570188],[77.6093782885377,12.993883087210166],[77.60942292795954,12.993897253990244],[77.60944219047869,12.993903367149102],[77.60950823595408,12.99391542220386],[77.60957532128809,12.993919048162635],[77.60964232425091,12.993914183560586],[77.60966228748777,12.99391015669753],[77.60970812580665,12.993900910469597],[77.60977162406871,12.993879454287516],[77.60983176409647,12.99385017757328],[77.60988754306156,12.993813572297096],[77.60990439514113,12.993799115532948],[77.60992340382862,12.993782808696125],[77.60993803698199,12.993770255465073],[77.60996343312485,12.993742038310229],[77.60998241177286,12.993720951507855],[77.60999735265473,12.993699263785954],[77.61001993558638,12.993666483102169],[77.61004999394288,12.993607757469233],[77.61005684099943,12.993588544453317],[77.61007209293574,12.99354574712988],[77.6100858738449,12.993481479766155],[77.61008976941591,12.99343278586389],[77.61009111108056,12.993416015306014],[77.61008771917062,12.993350435310386],[77.61008440566346,12.993332543010963],[77.61007627943147,12.99328866292546],[77.61003740707389,12.993135625059411],[77.61001480177148,12.99304662949948],[77.61000482080789,12.992995355409898],[77.61000199225667,12.992959673576522],[77.61000089117842,12.992945783606048],[77.61000258532646,12.99289608797606],[77.61000988295942,12.992846887660976],[77.61001736544674,12.992818792430901],[77.61002269255393,12.992798790217622],[77.6100408527298,12.992752391833434],[77.61006413562541,12.992708266250284],[77.61008449309873,12.992678354491783],[77.61009224991335,12.992666957204717],[77.61012484424317,12.992628972871206],[77.61016336924797,12.99259304918371],[77.61023522936688,12.992533120774496],[77.61035630813907,12.992432146014751],[77.6103604161772,12.992428720078372],[77.61037367661396,12.99241937197324],[77.61043078834292,12.992379110542762],[77.61045690080664,12.992361023531549],[77.610615328846,12.992251287055883],[77.61062660265853,12.992243478157413],[77.61069977369988,12.992192795637852],[77.61091926857608,12.992040760718565],[77.61092860589903,12.992034610983584],[77.61098573651084,12.991996983697659],[77.61102277550026,12.991972589128693],[77.61112118333888,12.991914172231798],[77.6111285077614,12.991909824305418],[77.6112371333707,12.991852009772904],[77.6112778044297,12.991832735152734],[77.61134840922436,12.991799274490027],[77.61146209129987,12.991751734721989],[77.61147668209757,12.99174641416898],[77.61157531001236,12.991710449373048],[77.61157792528475,12.991709495710609],[77.6116367909187,12.991691073434476],[77.61165147879633,12.991686476794435],[77.61167694013463,12.991678508549256],[77.61169565637897,12.99167265121279],[77.61169858571445,12.991671881374007],[77.61181607742968,12.991641004174626],[77.61190746608295,12.991619234500321],[77.61204331137307,12.991586874818642],[77.6122853025585,12.9915292301429],[77.61233632489423,12.991517076121522],[77.61237572820134,12.991506554575832],[77.61246488201053,12.99148274855693],[77.61248301688096,12.991476836626878],[77.61259252560322,12.991441137010648],[77.61271763518361,12.991392696173099],[77.61281229665161,12.99134999576297],[77.61283983204878,12.991337574946172],[77.61288688283383,12.991313187293212],[77.6129576186387,12.99127652307487],[77.61314279147894,12.99117404655901],[77.61338700006864,12.991038899064426],[77.6135933931654,12.990924679044804],[77.61385598652863,12.990779357231228],[77.6140629132431,12.990664841902099],[77.61435991917091,12.990500475828611],[77.61444644063276,12.990452593979677],[77.61452529626432,12.990408954478466],[77.61471877398495,12.990298861225998],[77.61475556344024,12.990276753904592],[77.61490950293668,12.99018424941101],[77.6150183810242,12.990117048501498],[77.61504273561044,12.99010201654782],[77.61513063356512,12.990047764836737],[77.61528357900163,12.989953365011216],[77.6153091948194,12.989937554609787],[77.61540366279128,12.98987924780246],[77.61541051915869,12.989875015967238],[77.61545676403831,12.989846473052323],[77.61550096787016,12.989819905033588],[77.61551271867823,12.989812842395054],[77.61556702223417,12.989780204095938],[77.61557474743687,12.989775560984171],[77.61558672351244,12.989768362952182],[77.61559205538578,12.98976515831346],[77.6156318180264,12.989741259602999],[77.61564144356487,12.98973547432436],[77.61573124464627,12.989684344359198],[77.61577814394447,12.989657641345678],[77.61578768224204,12.989652210533283],[77.61582177048808,12.989632801737597],[77.61582578171738,12.989630517867338],[77.61582847569184,12.989628989779506],[77.61588910814638,12.989596335203952],[77.61589600906855,12.989592618602037],[77.61594763754206,12.989564813264252],[77.61599409182834,12.989539794567223],[77.61601814498412,12.989526840356278],[77.6160824193015,12.989493194743202],[77.61612080727048,12.989473099831235],[77.6161886455093,12.989437588615697],[77.61618867182179,12.989437574841896],[77.61626969647041,12.989395160949543],[77.61628333315967,12.989388022565413],[77.61628401522626,12.989387665524674],[77.61631264323539,12.989372679649138],[77.61632835727872,12.9893644538346],[77.61634868629605,12.989354255207736],[77.61636946913615,12.9893442464128],[77.61646282658266,12.989299286459119],[77.61652347768971,12.989268653626986],[77.61658963400568,12.989235240299335],[77.61660902506311,12.989225446529018],[77.61671272798984,12.989168053117044],[77.61675300766056,12.989145760711125],[77.61679647016945,12.98911951150412],[77.61684601179664,12.989089590810371],[77.61689377964038,12.989060741393564],[77.61691292789085,12.989048163150837],[77.61700565947548,12.988987248949154],[77.61703113655875,12.988970513376607],[77.6170564753046,12.988952456395001],[77.61716487623173,12.988875207364876],[77.61729411402732,12.988775497329964],[77.61732381255726,12.988751669541143],[77.61742017247177,12.988674357845921],[77.61743303931954,12.988664034488824],[77.61745834217423,12.98864373344762],[77.6175710351822,12.988546897571776],[77.61758890096883,12.98853154569558],[77.61774452440483,12.988397820170091],[77.6178878054056,12.98827836632727],[77.61799686742447,12.988192815579058],[77.61803412609672,12.988163589022015],[77.61811688260781,12.98810256091254],[77.61818387922472,12.988053154807545],[77.6183369313766,12.987947161115725],[77.61849314553938,12.98784570360134],[77.61851075997023,12.9878349922778],[77.61851247669462,12.98783394833903],[77.6186529677576,12.987748515818788],[77.61875431743402,12.98768892355727],[77.61888894735156,12.98760976354161],[77.6189588067164,12.987571675907832],[77.6190296845663,12.987538784477387],[77.61909922880564,12.987511815007368],[77.61911144382792,12.98750897049672],[77.61912033440339,12.987508869166449],[77.61912904807028,12.987510689034819],[77.61913718763857,12.987514362821784],[77.61914436560443,12.987519745468337],[77.6191502173848,12.987526607454202],[77.61915442391116,12.987534628736311],[77.61915801834448,12.98754823600027],[77.61919073991747,12.98777148487562],[77.61919244951967,12.987783148946772],[77.61920321764626,12.987856616446416],[77.61920469021526,12.987866663316117],[77.61922350711322,12.987995045018074],[77.61958480425004,12.987944119758566],[77.6195621280812,12.9877894062312],[77.61956095747976,12.987781419526552],[77.61952327196012,12.98752430115487],[77.6195227573748,12.987509510104196],[77.61952459663159,12.987499775864167],[77.61952851617175,12.98749069908569],[77.61953429961511,12.987482718908547],[77.61954164105764,12.987476203159945],[77.61955017415227,12.987471430957331],[77.61956445832962,12.987467083333886],[77.61960030689542,12.987459776981977],[77.61961665098028,12.987457410941756],[77.61963425274487,12.987454862834479],[77.6196657174355,12.987453941125244],[77.61966583897897,12.987453937564819],[77.61969647422039,12.987456552122147],[77.61970009464159,12.98745686516651],[77.61973423769223,12.987461760436807],[77.61998557889318,12.987497796556958],[77.62030950936784,12.987544240186235],[77.62144414809352,12.987706919354599],[77.62184340256101,12.987764162584002],[77.62187540079742,12.98776875034077],[77.62194830816331,12.98777547408843],[77.62202392224235,12.987774805011751],[77.622099066672,12.98776653106152],[77.62214812816053,12.987756043985469],[77.6221729417073,12.987750739997347],[77.62224476480085,12.987727601402478],[77.62231377730728,12.987697362407665],[77.62237924723608,12.987660345325748],[77.62244048447495,12.987616946270817],[77.62249684316295,12.987567625579516],[77.62254773170207,12.987512907647444],[77.62259261476673,12.987453371192185],[77.62263102231373,12.987389648169529],[77.62265790925272,12.987332312600328],[77.6226625529922,12.987322409968504],[77.62268687806545,12.98725236443039],[77.62269914154406,12.987199923077451],[77.62270374197045,12.987180250633822],[77.62270950852816,12.987134374257389],[77.62271297103804,12.98710682794363],[77.62271442214572,12.987035162178154],[77.62270501700296,12.98674289893058],[77.62269646590894,12.986477175096425],[77.62268367256868,12.986079624173442],[77.62266944398341,12.985637473244411],[77.62266316067942,12.98544222061435],[77.62265084234019,12.985059430264792],[77.62264600675903,12.984909165375973],[77.62263776002065,12.984652899350598],[77.62263515355137,12.984571903754196],[77.62263493516973,12.984555704090473],[77.62263483378482,12.984548183305705],[77.62263470519893,12.984538644741468],[77.62263299902405,12.984412079835606],[77.62263479676938,12.984336849676517],[77.62263597265162,12.98428764260108],[77.62263622960234,12.984276889992634],[77.62263679802778,12.984253103120947],[77.62264084725773,12.984187089179406],[77.6226465345407,12.984094370323971],[77.62264848951912,12.984074612383267],[77.62265219000213,12.984037213543143],[77.62266219538745,12.98393609436318],[77.62267037945995,12.983876281359812],[77.62267927881467,12.983811240742435],[77.622683760186,12.983778488798851],[77.6226916929158,12.983733179427643],[77.62271119953752,12.983621763461736],[77.6227396068315,12.983488902132484],[77.62274464712175,12.983465328621246],[77.62274753995953,12.983452934198246],[77.62282349246028,12.983127514154573],[77.62282417498808,12.983124589850073],[77.62283347968389,12.983081103976128],[77.62285974791672,12.982958338321327],[77.62288927492445,12.982790129679707],[77.62289079503977,12.98277908134219],[77.62290289515288,12.98269113661159],[77.62291254797222,12.982620979036303],[77.62292707936645,12.9824756659312],[77.62292953474868,12.982451112250164],[77.62293761163491,12.98232226757155],[77.62293768510341,12.982321095580305],[77.62293870827965,12.982304773595812],[77.62294016335431,12.982281561847975],[77.62294116478344,12.982258856025547],[77.62294238988628,12.9822310787469],[77.62294301168484,12.982216980441269],[77.62294447776321,12.982183739426356],[77.62294533000845,12.982164416103307],[77.6229455983501,12.982162212344324],[77.62294670106124,12.982153156312936],[77.62294780688717,12.982144074702711],[77.6229490913074,12.982133526383505],[77.62295591983852,12.982108757013195],[77.62295651408985,12.982107413355406],[77.62295944523387,12.982100785765263],[77.6229663217963,12.98208523721533],[77.62298006833315,12.982063466294852],[77.62299685979572,12.982043900320798],[77.62301297454266,12.982029871010145],[77.62301465546089,12.982028407622431],[77.62301633226053,12.982026947820197],[77.62303807163248,12.982012955696165],[77.62304931149788,12.982007825176714],[77.62306023479975,12.982002839154891],[77.62306161700721,12.982002208236112],[77.62308648475143,12.981994920032479],[77.6231131566177,12.981991089392],[77.62311830130757,12.981990350506358],[77.6231629880113,12.981984444260652],[77.62317183746092,12.981983274627515],[77.62319713278816,12.981976326044391],[77.62319817826466,12.981976038853771],[77.62320591116877,12.981973914638116],[77.62322797370445,12.98196785409709],[77.62323624083301,12.981964857940754],[77.62326296035869,12.981956833449866],[77.62326394938935,12.981956675607293],[77.62326789248347,12.98195604631617],[77.62328691025296,12.981953011209372],[77.62331116170027,12.981952404522355],[77.6233385594967,12.981955380481455],[77.62335163028001,12.981957648174378],[77.6234489078856,12.981974525184423],[77.62356886547485,12.981995338803225],[77.62408670618136,12.982085188383017],[77.62414350737129,12.982094439017366],[77.62437873288336,12.982132747812692],[77.62458504332973,12.982161977734448],[77.62467220236336,12.982174326366255],[77.62471396134634,12.98217936350274],[77.62472589792749,12.982180803341064],[77.62473528284953,12.982181935388132],[77.62496650128865,12.982209825885615],[77.6251083161565,12.982223962081356],[77.62523722826032,12.982236812121306],[77.62526101101471,12.982239182801317],[77.6258472043817,12.982291496018405],[77.62597916631255,12.982303272598438],[77.6262088051024,12.98232376608142],[77.62635227934003,12.982333157148457],[77.6264971677945,12.982335777764664],[77.62664201518446,12.982331548039419],[77.62665629194309,12.98233045427072],[77.62678648724831,12.98232047976927],[77.62683171668033,12.982314853189026],[77.62693024612561,12.982302596040894],[77.62707185761967,12.98227813153202],[77.6271368297336,12.982265315700415],[77.62716518836937,12.982255216040498],[77.62731609607732,12.982225385478676],[77.62743621649955,12.982201640769],[77.62747993653257,12.982137744675576],[77.62842005616322,12.981952309983912],[77.62871735833124,12.981893668366133],[77.62909056401887,12.981820055094866],[77.62917406940718,12.981803584003844],[77.62919415791914,12.981799621628232],[77.62920125735012,12.981798221295044],[77.62921572859476,12.98179536690216],[77.62923828190537,12.981790918355244],[77.62930696128782,12.981777371632285],[77.62945493567348,12.98175139022131],[77.62956145170503,12.981737254411172],[77.62960292302246,12.981731750726295],[77.62975162909628,12.981718316507951],[77.62990078421039,12.981711113104977],[77.63005011626198,12.981710152902377],[77.63018771097875,12.981715025444249],[77.63019935429656,12.981715437760457],[77.63034921308915,12.981727034472955],[77.63052626463264,12.981744467958782],[77.6308902476761,12.981780307766103],[77.63090824665484,12.981782572679693],[77.63100735910032,12.981795044561263],[77.63101328532058,12.981796118466589],[77.63112220934026,12.981815856862205],[77.63123571816797,12.981842841497885],[77.63134754198815,12.98187591669625],[77.63145734189935,12.981914982430947],[77.63156478425788,12.981959920568624],[77.63162212010091,12.981987655202571],[77.63166954471036,12.982010595550323],[77.63177241136867,12.982067466365345],[77.63177274735429,12.982067664271607],[77.63190229348862,12.98214397107883],[77.63202496411982,12.982212333078134],[77.63215185407081,12.982275305583832],[77.6321636839645,12.982280489289854],[77.63228169691928,12.98233220103604],[77.63241419154129,12.982382886859101],[77.63254902823493,12.982427244538526],[77.63268589301003,12.982465170677857],[77.63269423417205,12.98246706105893],[77.63282446622446,12.982496575914906],[77.63296442544909,12.982521386593294],[77.63296717576404,12.982521740767966],[77.63310433268792,12.98253940325901],[77.63327633541093,12.982557422577464],[77.63350476575806,12.982581353356798],[77.63365283821342,12.982596865696802],[77.63380750083239,12.982613068434455],[77.63382715750038,12.982615127702749],[77.63390933364332,12.98266882795548],[77.63396698986867,12.982674937942019],[77.63414705076774,12.982694019227146],[77.63415216222037,12.98269914450844],[77.63418584913826,12.98270267353934],[77.63418598299386,12.982702687561929],[77.63443366579918,12.982728634711618],[77.63453089268711,12.982738820160582],[77.63476063076789,12.982761354106769],[77.63478053360123,12.982763306283616],[77.63503015835381,12.982784466621723],[77.63503080611262,12.98278452152901],[77.63509564924054,12.982789156105115],[77.63528102232907,12.982802405635807],[77.63549233107291,12.98281610723021],[77.63565143317493,12.982826423663129],[77.6358172489874,12.982837175423436],[77.63594119648893,12.982845212376287],[77.63611752334306,12.982859539232365],[77.63624098215483,12.982873640284621],[77.63624153219922,12.982873703108773],[77.63629249981523,12.982879524459156],[77.63645465192381,12.982903431088673],[77.63647272919238,12.982906075010675],[77.6367559107191,12.982923491109894],[77.63675803803389,12.982923621942827],[77.6368378727779,12.982928531902267],[77.63685372074997,12.98293253190253],[77.63686065746036,12.982934282716077],[77.6370119959243,12.982972480277715],[77.63718528051207,12.983022396894654],[77.63735674738304,12.983078026928611],[77.63752693472793,12.983139574100987],[77.6378503437549,12.983262656455285],[77.63799947536322,12.98331941266152],[77.63804443572867,12.983336523586736],[77.63830393286496,12.983435282482711],[77.63873835913914,12.983600615556703],[77.63878851953368,12.983619705498338],[77.63881444076046,12.983629570546535],[77.6389956501125,12.983698534835794],[77.63946037198839,12.983875397748696],[77.64027585249312,12.98418575167227],[77.6404823555053,12.984264342171523],[77.64076120886467,12.984367948628295],[77.64082538829344,12.984390645889418],[77.6409134923047,12.984421804155936],[77.64104207015365,12.984467276125173],[77.64132416961246,12.98456205394634],[77.64165276077854,12.98466956864717],[77.64191669242986,12.984755926819297],[77.64198391220529,12.984777921062548],[77.64202287931921,12.984790671063246],[77.64217274342208,12.984839706447604],[77.64230918788603,12.984886035333014],[77.64236577236775,12.984905248248443],[77.64255675562502,12.984974866203999],[77.6426720254099,12.985019812963946],[77.64274657347444,12.985048881240134],[77.64279279207162,12.985067498579706],[77.64281603698258,12.98507628643249],[77.64293031028701,12.985119488015929],[77.64307096321686,12.985165871580044],[77.64321354451528,12.985206205328533],[77.64329480731072,12.985225477672303],[77.64332276597396,12.985232108369315],[77.6433577826658,12.985240412953313],[77.64350340552991,12.985268428207181],[77.64365013373336,12.98529019896161],[77.64375792415797,12.985301510286083],[77.6437976914968,12.985305683395808],[77.64393418398244,12.985314132800085],[77.64394478891319,12.985314789285534],[77.64402602670665,12.9853180782572],[77.64428360335106,12.985328506436614],[77.64442023877575,12.985334038221879],[77.6444845388809,12.985338309469633],[77.64454730515838,12.985345756158162],[77.64458135643767,12.985351596302921],[77.64460730645287,12.985356046997536],[77.64463574657458,12.98536393858839],[77.64466054808787,12.985375040288814],[77.64468337194712,12.985389725353885],[77.64470368602713,12.985407665238634],[77.64472101199549,12.985428453197954],[77.64473493779539,12.985451612967882],[77.64474512689983,12.985476606817508],[77.64475133275262,12.985502850708045],[77.64475393162748,12.985536581330827],[77.64475503878027,12.985550829289327],[77.64475779594467,12.985586311258254],[77.64477097632917,12.985641581258491],[77.6447926400433,12.985694241809915],[77.64482228556389,12.985743057975384],[77.64485922889911,12.985786875703374],[77.6449026064831,12.98582465764862],[77.64491537121624,12.98583272575995],[77.6449514068052,12.985855502510733],[77.64500447817262,12.985878670664839],[77.64501835889666,12.985882366511259],[77.64506056645229,12.98589360458768],[77.64511834103988,12.985899944069617],[77.64517642718359,12.985897533243772],[77.64522709025206,12.985887668788283],[77.64526656890654,12.98587940651042],[77.64530033680205,12.985876582124588],[77.6453341978878,12.985877914779941],[77.64536763123792,12.98588338389329],[77.64540011796143,12.985892907040137],[77.64543115470586,12.985906340743604],[77.64546025796706,12.985923480567552],[77.6454902300601,12.98594657693845],[77.64559086978286,12.986029918440652],[77.64569931063899,12.986110191162878],[77.64581206718447,12.986184535678142],[77.64592880186181,12.986252728443473],[77.64604916568264,12.986314566288069],[77.64617164960197,12.986369347900467],[77.6465301349051,12.986518213698654],[77.64675949848518,12.986613459981001],[77.64744625219024,12.986898643606258],[77.64755352942073,12.986944253282696],[77.64773239517346,12.987020299328012],[77.64838085987468,12.987302461496379],[77.64865063503582,12.98741984698301],[77.64909181167391,12.987611813263545],[77.64934302131454,12.987723328003238],[77.64996927714249,12.988006869634782],[77.6500657765717,12.988051505235791],[77.65017871913847,12.988103746574241],[77.65024334680383,12.988133639960358],[77.65048173169117,12.98824625708664],[77.65070593894764,12.988352176455919],[77.65096803296012,12.988475994181245],[77.65134958315174,12.988656245062709],[77.65154201758423,12.988747154402636],[77.65175468638517,12.988847622806757],[77.65177979027195,12.988859482315199],[77.65186408211572,12.988899049321613],[77.65195081376656,12.988939500459326],[77.65215500572558,12.989034734402034],[77.65263847799952,12.98926022306],[77.65271415119098,12.989295516596627],[77.65312711220653,12.98948811921358],[77.65320478972079,12.989524347554534],[77.65350834660126,12.989665924718905],[77.6536961484201,12.989753514395348],[77.65407622493527,12.98993077987258],[77.65453533695492,12.990144907049524],[77.65482880913201,12.990284940245623],[77.6548778242979,12.990308860655217],[77.65490093399745,12.990320138664051],[77.65551384259334,12.990619250669763],[77.6557432631962,12.990731212644453],[77.65649482276217,12.991097989176529],[77.65651528837991,12.991107976819098],[77.65653649549745,12.991118326328591],[77.65654125938997,12.991120651206192],[77.65680463971442,12.991249186223635],[77.65723460586567,12.991459018552403],[77.65734823146524,12.991514470182894],[77.65773084879596,12.991701195312796],[77.65776626224309,12.99171847780382],[77.65817485622148,12.991917880072204],[77.65819529881713,12.991927856479487],[77.65823684183721,12.991956864655364],[77.6582762474995,12.991991641826177],[77.65829672887685,12.992014358931455],[77.6583113770005,12.992030606030376],[77.65834176958953,12.992073255203907],[77.65836702644674,12.992119036696026],[77.65838681475019,12.992167354364442],[77.65840087075614,12.992217578276485],[77.65840901014192,12.992269054259422],[77.65841112457925,12.992321107942555],[77.65840699273043,12.992375601693105],[77.65840380528722,12.992399283177495],[77.6584027024387,12.99241248821755],[77.65839733490014,12.992476756834119],[77.65839794643206,12.992511366509902],[77.65839874727577,12.992556690296722],[77.65840821342336,12.992636098431625],[77.65842564111115,12.992714203647633],[77.65843238805074,12.992734546609087],[77.65845086080542,12.99279024453523],[77.65848362985945,12.992863477059728],[77.65852362852381,12.99293318567788],[77.65852917208643,12.992940937695344],[77.65857046913202,12.992998686737824],[77.65862369567093,12.993059336773213],[77.65868278956344,12.993114540709232],[77.6587471734342,12.993163753548126],[77.65875271629022,12.993167184579521],[77.65881621746314,12.993206491846225],[77.65885980445458,12.993227882831967],[77.65886111768012,12.993228527317441],[77.65888924683102,12.993242332130338],[77.65896554357442,12.993270919856396],[77.65904435844978,12.993291971869828],[77.65908507192111,12.993298697447365],[77.65912491813131,12.993305279759232],[77.65920642803094,12.993310711733086],[77.65923303398209,12.993309897641339],[77.65924124519879,12.993309646393701],[77.65924725779142,12.993309462419688],[77.65928808711881,12.993308213119416],[77.65935465759922,12.993299662704343],[77.65936909188814,12.993297808741794],[77.65944864336917,12.993279602735868],[77.65952596161688,12.99325377511883],[77.65958562801976,12.99322712787095],[77.65960028612096,12.993220581505899],[77.65967088541889,12.993180350689295],[77.65972479078118,12.99314217729753],[77.65973707035015,12.993133481450252],[77.65979648598233,12.993081915160424],[77.6598123377702,12.993066720808025],[77.65981817302006,12.993061127568685],[77.65985987539001,12.993025455193907],[77.65988780728729,12.993006559833752],[77.65990325859677,12.992996107337314],[77.65994973238487,12.992971771839326],[77.65999869956966,12.992952755851443],[77.66002717181999,12.992945219821705],[77.66004953375214,12.99293930106972],[77.66010158484865,12.992931574729077],[77.66015418884858,12.99292967564272],[77.66020667610816,12.992933626001479],[77.66025837444018,12.992943377302648],[77.66026108049479,12.99294420816396],[77.6603066355185,12.992958195281734],[77.66040310423175,12.993005271511135],[77.66069113490656,12.993145828980124],[77.66076205565192,12.99318043793434],[77.66090743690376,12.993249910450572],[77.66103944463424,12.993312992237739],[77.6611159275665,12.99334877217443],[77.66123824916711,12.993405996172],[77.6614394247658,12.993500109328787],[77.66144901485433,12.993504595725287],[77.66149348106723,12.993525397729556],[77.6616028393412,12.993576016330143],[77.66161549969625,12.993581876421306],[77.66162913401006,12.99358818732822],[77.66164528714975,12.993595664122578],[77.66178425001826,12.99365930138371],[77.66181072198859,12.99367142407309],[77.66188139197963,12.993703786996463],[77.66189119602461,12.993708276703462],[77.66193757666304,12.993729516455026],[77.66198201056207,12.993749864708223],[77.6619884539189,12.993752815407134],[77.6620648814838,12.993787814978935],[77.66220054908726,12.993849943191883],[77.66222086352884,12.993859246075697],[77.66240241041143,12.993942384445466],[77.66255645620153,12.993618904548542],[77.66228326240304,12.993493796600776],[77.66224135529444,12.993474605417333],[77.66180049762828,12.993272716508734],[77.66165072412505,12.993203390910395],[77.66159450491057,12.993177090770732],[77.66146993690025,12.993118816102658],[77.66119772531977,12.992991471694788],[77.66113369777172,12.992960875128857],[77.66092441812076,12.992860867572405],[77.6608068170115,12.992803476775354],[77.66037676795023,12.992593607510468],[77.6600482863617,12.992433304429417],[77.65968362714374,12.992255346217396],[77.6595829797558,12.992206229046246],[77.65887297538234,12.991859738123733],[77.65776029753152,12.991316737559904],[77.65715766154402,12.9910226437386],[77.65499112899465,12.989965349037595],[77.65495847241996,12.989949766527703],[77.65487819506724,12.989911461143167],[77.65469327599803,12.989823224600721],[77.65275196913136,12.98891781050985],[77.65269468309663,12.988891092640847],[77.65257337385722,12.988834514725896],[77.65252989833137,12.988814237996579],[77.6525159736238,12.988807743594974],[77.65251264660797,12.988806191894325],[77.65230223660599,12.988708057908427],[77.65202148628732,12.988577117613005],[77.65193842315651,12.988538127301009],[77.65179109844122,12.988468528599082],[77.65173118801098,12.988440225892473],[77.65141990252305,12.988293169332124],[77.65097099494035,12.988081097752605],[77.65077744804957,12.987989662908607],[77.65040150650373,12.98781206172637],[77.65022614754812,12.987730949226123],[77.6501233845806,12.987683416089373],[77.65009364722464,12.987669952316645],[77.64958540699845,12.987439843395995],[77.6494958152077,12.987399280155941],[77.64929066545886,12.987308212079895],[77.64924089105067,12.987286116709916],[77.64869821240093,12.987049984311167],[77.64864758127918,12.987027953504818],[77.64788012485415,12.986694014945227],[77.64781920022642,12.986668112468983],[77.6476931712235,12.986614530471456],[77.64758970817259,12.986570542525774],[77.64714095184912,12.986384190575066],[77.64688438152025,12.98627764638009],[77.64661993227324,12.986167830360856],[77.64636756258815,12.986063030538135],[77.64631668950017,12.986041904821022],[77.6462117976487,12.985995045400365],[77.64611072573629,12.985943286821325],[77.64601263391963,12.985886273207406],[77.64597732015567,12.98586314520549],[77.64591780569724,12.985824167471053],[77.64582651530357,12.985757148593217],[77.64573902698123,12.985685410559027],[77.6456674787234,12.985620022900807],[77.64565559396658,12.985609161470554],[77.6455756015538,12.985527746557171],[77.645547945201,12.985498040046856],[77.64554225313246,12.985491926026969],[77.6455185090782,12.985462866056514],[77.64550029374433,12.98543351546008],[77.64548347132502,12.985396365528281],[77.64546246972365,12.985351337682367],[77.64543498242784,12.98531019140792],[77.64542414129141,12.985294092343919],[77.64541741432456,12.985284102812695],[77.64541702454609,12.985283523992566],[77.64541281178758,12.985274748565564],[77.64540878116775,12.985266352544667],[77.64540601043142,12.985260580935794],[77.64539845212012,12.985236306320674],[77.64539815221565,12.985234395483277],[77.64539742326289,12.985229750970758],[77.64539453196437,12.985211329100672],[77.64539451242219,12.985211204587836],[77.6453943093237,12.985189218318192],[77.64539427778185,12.985185803781473],[77.64539819306368,12.98515744662689],[77.6454116580894,12.985094380873134],[77.64545055839551,12.984912184629087],[77.64545829554753,12.984875946352108],[77.64548557539239,12.984748176527571],[77.6455047805957,12.984658225669394],[77.64556498254326,12.984376259539594],[77.64558339422263,12.984290025287242],[77.64558933121705,12.984262218357348],[77.64559546454208,12.984233491878717],[77.6456767871658,12.983852603446184],[77.64570265957111,12.983731425605216],[77.64572317353038,12.98363534496538],[77.64572482490074,12.983627610489206],[77.64572638472669,12.983620304776423],[77.64572973137562,12.983604630173792],[77.64573935404952,12.983559560732948],[77.64576298372093,12.983448887119401],[77.64540575312114,12.983375536306047],[77.64536195409127,12.983580675743282],[77.64535964998599,12.983591467373435],[77.64532697585885,12.983744501631685],[77.6452668445226,12.98402613591927],[77.64522821378912,12.984207068852683],[77.64516824146797,12.984487958368826],[77.64512609868603,12.984685340516462],[77.64510044863884,12.984805476426587],[77.645056080768,12.985013280117938],[77.6450497144941,12.98503326663195],[77.6450416824326,12.98504783983935],[77.6450379772496,12.985052258240408],[77.64503098951644,12.985060591056161],[77.64501805644946,12.985071055132318],[77.64500336988054,12.985078868757304],[77.64498747544339,12.98508376526288],[77.64497094543701,12.985085581975698],[77.64495436709049,12.985084260566893],[77.64493254883605,12.985078250503964],[77.6448577101694,12.98505251000005],[77.64484107326716,12.985046787794227],[77.64474191499154,12.985019716182327],[77.64464115374068,12.98499909403973],[77.64458489484036,12.984991322487899],[77.64453922409194,12.984985013573514],[77.64443809268731,12.984977645095508],[77.64426391325169,12.984970593306548],[77.64396191367769,12.984958366620393],[77.64383880867406,12.984950746293418],[77.64382872064317,12.984950121833862],[77.64369702366444,12.984936301024943],[77.64363579301262,12.984927216252636],[77.64356606434674,12.984916870632746],[77.64343609053219,12.984891865867155],[77.64330734958251,12.984861333940094],[77.64318008455805,12.984825332537232],[77.64316594231815,12.984820668882955],[77.64305453715794,12.984783931057502],[77.64298890166803,12.984759116896267],[77.64293000478622,12.984736850334015],[77.64288468468762,12.984718594914353],[77.64288236733563,12.984717691312577],[77.64285401899501,12.984706637486722],[77.64279558660014,12.984683853030566],[77.64268816718435,12.984641967138465],[77.64258274742413,12.984603539044477],[77.64248944659012,12.984569528596724],[77.64228960359247,12.98450167431648],[77.6421664795493,12.984461388062039],[77.64146905952947,12.98423319184869],[77.64144074553015,12.984223927492684],[77.64134044322624,12.984190228732567],[77.64116349712546,12.98413077980671],[77.6408881573348,12.984033405171417],[77.64061410029227,12.983931580078268],[77.64059166253458,12.983923040761988],[77.63991441328393,12.98366529461632],[77.63893555766907,12.983292763732456],[77.63861804172967,12.98317192416051],[77.63767563306274,12.982813264182154],[77.6376579159691,12.982806521446507],[77.6374908561762,12.98274610554032],[77.63747759750716,12.982741310643245],[77.63729439091792,12.982681871377011],[77.63710924023307,12.982628537010457],[77.63700783406678,12.982602942249292],[77.63697950309533,12.982595791555468],[77.6369765616268,12.982592421513091],[77.63680447466706,12.98253556453059],[77.63665399310689,12.982490294805103],[77.63649777852928,12.982447844692576],[77.63632039567419,12.982423009920511],[77.63614685941525,12.98240395662348],[77.63597351382558,12.982390126384821],[77.63578350837426,12.982377806069188],[77.63531249274321,12.982347264518157],[77.63506792591738,12.982329784015686],[77.6348239317912,12.982309101519482],[77.63457993376221,12.98228516829164],[77.63420892959381,12.982246301592923],[77.63411514273096,12.98223647640475],[77.63411001933648,12.982235939673805],[77.63397481792991,12.982221775864236],[77.63384202828469,12.98225783139091],[77.63380635725852,12.98225409440191],[77.63330333293179,12.982201396271051],[77.6331576071693,12.98218612966283],[77.63314545970054,12.982184857062553],[77.63302085724253,12.982168811127785],[77.6328982914153,12.982147083664955],[77.63277693474038,12.982119580052448],[77.6326570713728,12.982086366076556],[77.63253898027739,12.982047517143764],[77.63242293492556,12.982003124248456],[77.63230920688949,12.981953289935962],[77.63219806097209,12.981898130429363],[77.63208878590117,12.98183723369243],[77.6319586344569,12.981760569781283],[77.63184044591827,12.98169522821524],[77.63180035546607,12.981675835209485],[77.63171762202134,12.981635814454332],[77.63162514735828,12.981597136904712],[77.63159164333413,12.981583123838714],[77.63146289405444,12.981537316531707],[77.63133176451015,12.98149853171888],[77.63119865377527,12.981466886678627],[77.63106396423106,12.981442479096938],[77.63092937631785,12.981425542680114],[77.63060269299945,12.981393375567615],[77.63038383049434,12.98137182511065],[77.63022037290368,12.981359176016461],[77.63019532682601,12.981358289076613],[77.63005552511659,12.981353338372662],[77.6298905726211,12.981354399420878],[77.62972581737004,12.981362356095854],[77.62956155747294,12.981377195191298],[77.62939809358431,12.98139888949287],[77.62923669551422,12.98142722791197],[77.62868583924731,12.981535881944147],[77.62805767305164,12.981659785028008],[77.62766313729911,12.981737605510327],[77.62757102520352,12.981755774225379],[77.6273147694601,12.981751019040555],[77.62709895429117,12.981793890224264],[77.62706777908451,12.98180008310675],[77.62698633335239,12.981816262112693],[77.6269742514706,12.981818365350156],[77.62696412428521,12.98181607845685],[77.6269166571175,12.981823691470042],[77.62682966446968,12.981837643770175],[77.62671458005018,12.98185080957725],[77.62665083430697,12.981855202714648],[77.6265989998213,12.981858774969158],[77.62648316952978,12.981861522691254],[77.62636733268701,12.981859047692987],[77.62625066976182,12.98185128275457],[77.62530602676476,12.981766981371551],[77.62525034477117,12.98176143097181],[77.6250207396184,12.981738543853433],[77.62473661263563,12.981704270482595],[77.62450103575233,12.981670894524298],[77.62445328572558,12.98166412941688],[77.62445010934881,12.981663612107932],[77.62441092568719,12.981657230604531],[77.62440614930904,12.981656452717177],[77.62426711007056,12.981633808600911],[77.62417494847696,12.981618799040596],[77.62417040313258,12.981618058779674],[77.6239982696047,12.981588192260713],[77.62397603770337,12.981584334851242],[77.62377096734093,12.981548753532902],[77.62372143537486,12.981540159347801],[77.62371627906958,12.98153926468835],[77.62364274070696,12.981526272210369],[77.6236102975169,12.98151948504474],[77.62358457955564,12.981509871527376],[77.6235670156411,12.981500052013121],[77.62356064060722,12.981496487902383],[77.62353904901177,12.98147963886873],[77.62352770304769,12.98146756712266],[77.62352031928056,12.981459711028387],[77.62350490543577,12.98143716888561],[77.62349534625424,12.981417085053748],[77.62349477719529,12.98141588946197],[77.62348982271142,12.981405480096207],[77.62348648598315,12.9813988184529],[77.62348379169465,12.98139264774017],[77.62347706189905,12.981377234530555],[77.62347305084539,12.98136804803877],[77.62346703073781,12.981358247742154],[77.62344203870035,12.981317562523882],[77.62341560962027,12.98128549548215],[77.62340424103958,12.981271701708602],[77.62336036008395,12.98123133519788],[77.62335029361972,12.981224349248196],[77.62331122302207,12.981197234938973],[77.62325775441552,12.981170052119625],[77.62320096438941,12.981150309814527],[77.62315261235265,12.981140547034038],[77.62314193375698,12.981138390914102],[77.62308178609591,12.981134522673914],[77.62302166514917,12.981138782595552],[77.62301187830074,12.981140825299017],[77.62296886403293,12.981149803203504],[77.62293641130188,12.981156649934155],[77.62292675190372,12.98115868783043],[77.62289023081323,12.981161389858586],[77.62288355033786,12.981160987940749],[77.62285367487637,12.981159190541566],[77.62281775688477,12.98115212774897],[77.62278313791637,12.981140329430149],[77.62275045879494,12.98112400651858],[77.62271754689692,12.981101560391702],[77.62265940433069,12.981056298509614],[77.6226496334519,12.981048692234396],[77.62260347013017,12.981009889763747],[77.6225931741446,12.981001235497448],[77.62254173920171,12.98095094241582],[77.62253624370919,12.980944691887133],[77.62249754829254,12.980900680033093],[77.62249430264434,12.980896988459062],[77.62245113371159,12.980839679338196],[77.62241248045686,12.980779339030581],[77.62240816074274,12.98077131172571],[77.62239805735742,12.980752536651035],[77.62237856287524,12.980716310144533],[77.62236576220153,12.98068744813793],[77.6223488889967,12.980649403690824],[77.62234386064921,12.980636787584874],[77.62231256438636,12.980558265371625],[77.62225848523056,12.980422580960388],[77.62223593596069,12.980366004921994],[77.62221409369843,12.980311202762847],[77.62217049831996,12.980201822111932],[77.6221669212214,12.980192847184348],[77.62215708972866,12.980168180003558],[77.62212364876287,12.980084276738571],[77.62211639372,12.980066073861442],[77.62195318983366,12.97965659588646],[77.62188673170563,12.979489852677332],[77.62186895640805,12.979445254518277],[77.62185125295106,12.979400836607436],[77.62183651315125,12.979367875800486],[77.6218173149007,12.979324945106798],[77.6217898694504,12.97927504780973],[77.62177631124602,12.979250398268615],[77.62176110029438,12.979227433839634],[77.62172925739586,12.97917935966287],[77.62161993355738,12.979040488712831],[77.62140404033613,12.979218153259142],[77.621498667069,12.979338353447075],[77.62153326823874,12.979390592365942],[77.62156342903069,12.979445426726821],[77.62158302831445,12.979489252737409],[77.62158969517961,12.979504160532132],[77.62163604254754,12.979620446309754],[77.62167255473032,12.979712055558632],[77.62181794522584,12.980076841038004],[77.62194050831405,12.980384352438145],[77.62208722921525,12.98075247591172],[77.62212124874179,12.980829178887493],[77.6221239552912,12.980835281277011],[77.62216773653704,12.980916639941015],[77.62221764143658,12.980994544556475],[77.62227338843161,12.981068553054243],[77.62233466253338,12.981138243976755],[77.62240111654522,12.98120322404269],[77.62247105930554,12.981262014096647],[77.62254134061718,12.981316725244596],[77.62257064924965,12.981343146345012],[77.6225942541305,12.981371041106783],[77.62261383978708,12.981401818393804],[77.6226290413698,12.981434919669312],[77.62263957622466,12.981469744490903],[77.62264524651314,12.981505654656784],[77.62264604426724,12.981547093206137],[77.62264597890974,12.9815833106237],[77.62264999571111,12.981624592178484],[77.62265716660407,12.981660761548877],[77.62266543854747,12.981704009603758],[77.62266845895839,12.98174327743111],[77.62266815650199,12.981751787981569],[77.62266706025403,12.981782634325722],[77.62266125998264,12.98182159838751],[77.62265113035187,12.981859693315371],[77.62263512962348,12.981900731306478],[77.62261476871247,12.981951734547355],[77.62259811138163,12.982008782016255],[77.6225870041418,12.982067107796484],[77.62258173916763,12.982124099400952],[77.6225755445119,12.982264573889244],[77.62256562274469,12.98242283622852],[77.62254992314534,12.982579832705383],[77.62252841355973,12.98273616487198],[77.62251407587343,12.982817843873812],[77.62251035110056,12.982839063178112],[77.6225011243221,12.982891626335125],[77.62246792033636,12.98304680666965],[77.62238838924392,12.983387558185203],[77.62235255446748,12.983555153404096],[77.62232286594015,12.983724729569861],[77.6222995329639,12.983895258315945],[77.62228258776098,12.98406650956993],[77.62227627314972,12.984169448937305],[77.62227205232756,12.984238255831894],[77.62226794205486,12.98441026396664],[77.62227025008362,12.984581486840948],[77.62227553372456,12.984745678776372],[77.62228241819732,12.984959617402223],[77.62230934039671,12.98579623897676],[77.62231054680556,12.985833728774312],[77.6223229511864,12.986219201457944],[77.62233481191372,12.98658777982874],[77.6223494061337,12.987041302934571],[77.62234788963853,12.987089478794593],[77.6223407108412,12.987134331050742],[77.62232789639721,12.987177948189535],[77.62230965131695,12.987219646555673],[77.6222862660231,12.987258772947946],[77.62225810997164,12.98729472058092],[77.62222562858155,12.987326932774831],[77.62218933224982,12.98735491108785],[77.62214978812408,12.987378228098143],[77.62210761241508,12.987396526184792],[77.62206808157242,12.98740816667261],[77.6220634584235,12.987409528032689],[77.62201801070452,12.987417035844176],[77.62197196729916,12.987418936206394],[77.62192315002662,12.98741496586685],[77.62185561138934,12.987405282620921],[77.62134404065068,12.987331936971419],[77.62117802867942,12.987308135266248],[77.62096408976522,12.987277462111033],[77.62096190614248,12.987277149037586],[77.62075030092898,12.987246810473048],[77.62070485072206,12.987239045173522],[77.62065490559381,12.98723051190363],[77.62062896279727,12.987224632439101],[77.62056055944011,12.987209130057924],[77.62041052883879,12.98717086687395],[77.62036391945286,12.987158979808905],[77.62016899400872,12.987109266829682],[77.62011354523254,12.987095125403204],[77.620085015668,12.987086114909083],[77.62006243136128,12.987075239645202],[77.62006174892652,12.987074911025044],[77.62004034819887,12.987060511585298],[77.62002126418932,12.987043208729425],[77.62000490524738,12.987023358472822],[77.61999162267722,12.987001370653793],[77.6199866658044,12.986989542451274],[77.61998011740027,12.986973916500315],[77.61997939503333,12.986972171352567],[77.61997648577395,12.9869649624775],[77.6199709808039,12.98695298983666],[77.61996498465537,12.986941403317902],[77.61995853949334,12.986930219640705],[77.6199516701783,12.986919435955247],[77.61994441495686,12.986909070789956],[77.61993682400231,12.986899151703609],[77.61992894319951,12.986889688186311],[77.61992628536798,12.986886743830517],[77.61992079845918,12.986880665412613],[77.6199124260582,12.986872084034282],[77.61990385780676,12.986863934983035],[77.61989512355325,12.986856211434304],[77.61988625168715,12.986848902447623],[77.6198772554397,12.986841986833475],[77.61986815139272,12.986835450271384],[77.61985896121065,12.986829281457783],[77.6198497082118,12.986823469911887],[77.61984041381511,12.98681800322196],[77.61983106477851,12.986812848920449],[77.61982165291906,12.986807989927799],[77.61981219543058,12.986803418692086],[77.6198026990342,12.986799125064099],[77.61979317943623,12.986795101023976],[77.6197836384342,12.986791332563138],[77.61977408794445,12.986787812098006],[77.61976452761803,12.986784524405564],[77.61975494230128,12.986781455559685],[77.6197453297909,12.986778596023846],[77.61973568898003,12.986775939565865],[77.61972603166095,12.986773482083068],[77.61971634758433,12.986771213576208],[77.61970665242997,12.986769134077464],[77.61969694469497,12.986767233252479],[77.61968722331115,12.986765508309617],[77.61967749831582,12.986763952436373],[77.61966774795907,12.98676255823],[77.61965797107962,12.986761322872304],[77.61964817948594,12.986760245354535],[77.61963836632526,12.986759320243515],[77.61962853856711,12.986758547952496],[77.6196187025204,12.9867579234926],[77.61960884527431,12.986757445016346],[77.61959898518879,12.986757111273704],[77.61958911816863,12.98675691795516],[77.6195792408351,12.986756864187821],[77.61956936633482,12.986756947114404],[77.61955948596501,12.986757163990204],[77.61954959102982,12.986757514601441],[77.61953969927022,12.986757997963775],[77.61952980267598,12.986758610999546],[77.61951990415307,12.986759355495101],[77.61951001533588,12.986760227275266],[77.61950012452695,12.986761227388934],[77.61949024333448,12.9867623547359],[77.61948038008688,12.986763606369294],[77.61947052077184,12.986764983065003],[77.61946067823195,12.986766484622622],[77.61945085572258,12.986768107702432],[77.61944104597501,12.986769854939254],[77.61943126344455,12.98677172316723],[77.61942150715805,12.986773711307704],[77.61941177059288,12.986775821341498],[77.61940206607558,12.986778051525265],[77.61939239095292,12.986780401139471],[77.61938275286418,12.986782870392494],[77.6193731537226,12.98678545652142],[77.61936358308836,12.986788164700226],[77.61935406241336,12.986790989918935],[77.61934458064624,12.986793933418],[77.61934260559296,12.986794574733246],[77.61933514557442,12.986796997059692],[77.61932576302448,12.986800176435178],[77.61931643147044,12.986803475103248],[77.61930715624644,12.986806890172513],[77.61929792869668,12.986810427225299],[77.61928876212785,12.986814083555224],[77.61927965734095,12.986817858441531],[77.61927060664404,12.986821758075267],[77.61926162373807,12.986825779062677],[77.61925270399854,12.98682992406074],[77.61924385811888,12.986834192330074],[77.61923508453616,12.986838583759122],[77.61922637926368,12.986843105529424],[77.61921775884464,12.986847750547852],[77.61920922039819,12.986852521827826],[77.61920075097687,12.986857430145088],[77.61919235465298,12.986862479876153],[77.61918403577197,12.98686767248068],[77.61917580056195,12.986873010643619],[77.61917229610428,12.986875369877794],[77.61916765157254,12.986878496620777],[77.61915959217012,12.986884135557627],[77.61915162609661,12.986889929495314],[77.61914375730684,12.986895883375697],[77.61913599416015,12.986901996114177],[77.61912833811282,12.986908274117846],[77.61912077857696,12.986914732969918],[77.61911331708767,12.98692138650244],[77.61910596891704,12.986928232521306],[77.61909873484525,12.986935283028743],[77.61909162856278,12.986942540182506],[77.61908465575546,12.98695001055096],[77.61907781421613,12.986957714879471],[77.61907111194655,12.986965666505506],[77.61906456936467,12.98697386492404],[77.61905963447109,12.986980411617715],[77.61905819587452,12.986982320078436],[77.61905200640679,12.986991041516879],[77.61904600489143,12.987000050384236],[77.61904017934077,12.987009413153539],[77.61898104956533,12.987111537651332],[77.61896724846581,12.987132155372619],[77.61896670431939,12.987132968283142],[77.61895161255457,12.987150196095643],[77.61893441092052,12.987165358085969],[77.6189129317086,12.987179869126765],[77.6186042375447,12.987360841056477],[77.61860255800858,12.987361825684298],[77.61859616587773,12.98736557307052],[77.6185693806675,12.987381275897993],[77.61856621526063,12.987383130861549],[77.61846362394182,12.987443452784527],[77.61844049150348,12.987457519664483],[77.6182956922931,12.987545572341833],[77.61817632033753,12.987623101311476],[77.61814071983434,12.987646222909346],[77.61813037483758,12.987652941714568],[77.61810979753973,12.987667192096675],[77.6179684053159,12.987765110356712],[77.61780992980589,12.987881977447907],[77.6177503286187,12.987928729894143],[77.61765509002393,12.988003437085483],[77.61760528537644,12.98804495949933],[77.61750454714111,12.988128945530528],[77.61742375620373,12.988198368478507],[77.61742105191883,12.988200692246883],[77.61725955150119,12.988339468147037],[77.61725819213245,12.988340636240792],[77.61722327816685,12.98837063750685],[77.6172207070194,12.988372846871659],[77.61721731621446,12.988375759380586],[77.6171996231183,12.988392052362228],[77.617186159707,12.988404450368307],[77.61713639739466,12.988450274821474],[77.61712909524705,12.988456999125516],[77.61711663027938,12.988468477698362],[77.61706389044238,12.98851704405447],[77.61695092210077,12.988617159086832],[77.61683481237327,12.988712416724027],[77.61671507961643,12.988803254051199],[77.61669009687266,12.988820753802624],[77.61659189881057,12.988889538948612],[77.61653806800197,12.988924279811627],[77.61646544857021,12.98897114631411],[77.61645529507894,12.988977167148235],[77.61638116763355,12.989021123363868],[77.61633515959664,12.98904840528589],[77.61622983580318,12.98910819588349],[77.61622499329627,12.989110944895652],[77.61621722410013,12.989115355341252],[77.61621242755503,12.989118788734205],[77.61618245949673,12.989134476154078],[77.61617523443529,12.989138258266715],[77.61617047093802,12.989140751820926],[77.61611829980608,12.98916806191327],[77.61608666283247,12.989184622962227],[77.61606039920083,12.989198371221027],[77.61588653069828,12.989289386399918],[77.61583984176453,12.989314531494548],[77.61569185945075,12.989394229808859],[77.61549931439689,12.989503858321196],[77.61535411850794,12.9895911260982],[77.6153099544764,12.989617670216338],[77.6147627004376,12.989955442132299],[77.61457668643152,12.990067220293295],[77.6145085669707,12.990105981987703],[77.6143879933412,12.99017459142945],[77.61321571153137,12.990823344522518],[77.61282349721525,12.991040400053638],[77.6127169503591,12.991095625107112],[77.61260862430646,12.991144490343926],[77.61249772228362,12.99118742954763],[77.61238458041163,12.991224313617602],[77.61226830968947,12.991255360231357],[77.61187045332372,12.991350133493741],[77.61174842344221,12.991379202200292],[77.61161749143464,12.991413611485035],[77.61148731778842,12.991454350466709],[77.61135924702593,12.991501051219483],[77.61123356085314,12.991553610766756],[77.61111054003136,12.991611912032631],[77.61099045661562,12.991675824896307],[77.61087357614528,12.991745207486863],[77.61076105973758,12.991819312218432],[77.61028108922989,12.992151767624101],[77.61027017996662,12.992159324012485],[77.61018889393496,12.992216627776193],[77.61001955642867,12.99233600470027],[77.60977165896043,12.992516977057232],[77.60952717185916,12.992701742114997],[77.60932922870337,12.9928539241102],[77.60893429063823,12.993136210831885],[77.60886184989776,12.993184194450345],[77.60878753346293,12.993226166827178],[77.60871035468166,12.993262820141876],[77.608630708431,12.99329396835361],[77.60854900149704,12.993319451180012],[77.60846564958798,12.993339141637243],[77.60838107970227,12.993352939444382],[77.60829572277275,12.99336077383766],[77.60822686098916,12.993362244931857],[77.60820964894516,12.993362612632527],[77.60820574159614,12.993362695731559],[77.6081992334083,12.993362830294519],[77.60819269268445,12.993362965529993],[77.60816734440371,12.99336348962954],[77.60806297757755,12.993365647511215],[77.60774802273433,12.993372159497582],[77.60767013280953,12.99337551592756],[77.60761465091416,12.993377906751244],[77.60748062971744,12.9933897110625],[77.60734729984226,12.993407503344502],[77.6072149385643,12.993431244354406],[77.60708382065721,12.993460887326762],[77.60695422189154,12.993496367647154],[77.60682641282425,12.993537612382541],[77.60670164559409,12.993584165257719],[77.60668510625862,12.993590764182946],[77.60657941042003,12.993632935099665],[77.60458249240484,12.99442967283425],[77.60439833630558,12.99450108820313],[77.60424886635307,12.994559052353308],[77.6039131389042,12.994681823730774],[77.60358736470104,12.994793859119294],[77.60357501742645,12.994798105409192],[77.603234632501,12.994907850250216],[77.60289211466495,12.995011018340078],[77.60254759567697,12.995107568760668],[77.60220121084168,12.99519746420391],[77.60185264944097,12.995280774931137],[77.60080386399974,12.99552077146665],[77.60073546304845,12.995533222973929],[77.6006683051414,12.99553930743948],[77.6006008615658,12.995539354662654],[77.60053369502681,12.995533363807711],[77.60046736203329,12.995521384676376],[77.60040241373709,12.995503515426687],[77.60033741601342,12.995479163821013],[77.60032800453237,12.995475145350058],[77.60025302675106,12.995443131681897],[77.60022561394823,12.99543142708944],[77.60013236575107,12.995393595022708],[77.6000950976184,12.995378474832524],[77.60008434440806,12.995374559220808],[77.60008132602734,12.995373306549522],[77.59972787450788,12.995220663807148],[77.59967070616347,12.995198036928826],[77.59961106168704,12.995178346595566],[77.59955123059454,12.995162369900848],[77.5990504095604,12.995048951822731],[77.598823836541,12.994994249790278],[77.59865647354388,12.994948779160412],[77.59859961255604,12.994933330674444],[77.59854266384906,12.994916107107093],[77.5983772766149,12.994866087391356],[77.59815701146614,12.994792577004286],[77.59793837571024,12.994712630330179],[77.59780701319275,12.99466246589049],[77.59770719907553,12.99462826995424],[77.59760359654372,12.994600631827296],[77.5974982628326,12.994580216264653],[77.59737165578582,12.994564662455561],[77.5972492454469,12.994611425371302],[77.59723255247489,12.994611874350355],[77.59716198655046,12.994613772311878],[77.5970557509113,12.994624217510731],[77.59695056828825,12.994642181185727],[77.5968469924954,12.994667569414727],[77.59674556979498,12.994700246663891],[77.59666278083478,12.994733613729881],[77.59664683206205,12.994740041685372],[77.59655130122808,12.99478674242415],[77.59645947710915,12.994840102154843],[77.59637184295926,12.994899841642322],[77.59628885927783,12.994965642544235],[77.5962109606333,12.99503716053748],[77.59613855720329,12.995114016401395],[77.59607489496149,12.995192281521797],[77.59609846972255,12.99501539568121],[77.59614747654919,12.994647688295094],[77.59615757887944,12.994571888621925],[77.59616719227014,12.994472969908616],[77.59616977766515,12.994372074220975],[77.5961651725946,12.994271248996302],[77.5961533976986,12.994170982383828],[77.59613451169369,12.994071765618838],[77.59610860452413,12.993974080703678],[77.59607580396685,12.993878403651767],[77.59603626709394,12.993785202187338],[77.59602357118156,12.993760330109623],[77.59599018734593,12.993694929109916],[77.59593778771037,12.99360802605512],[77.5958793232226,12.993524917847624],[77.5958160791304,12.993447239123208],[77.59578182777176,12.99340805952302],[77.59542062579278,12.99299488615712],[77.59535833975423,12.99292363811944],[77.59489193041439,12.992390119677985],[77.59487254477413,12.99236794474352],[77.59485044745904,12.99234266796599],[77.59450496464504,12.991947475510266],[77.59432688765135,12.99209718207145],[77.59446059373397,12.99225012631849],[77.59477649037387,12.992611475425733],[77.5948149748881,12.992655497245014],[77.59492855159061,12.992785415816005],[77.59510456711705,12.99298675715787],[77.59520126048632,12.993097363154373],[77.59541393598215,12.993340639248078],[77.59545295977219,12.99338527793649],[77.59556595829618,12.993514535138509],[77.59563515831921,12.99359369193649],[77.59569019524211,12.993661290696398],[77.59573937721083,12.99373120417988],[77.59574368610552,12.993738350299543],[77.59578346467279,12.993804321373098],[77.59582224069668,12.993880284988942],[77.59585551512133,12.993958725157624],[77.59588312404858,12.994039256729467],[77.5959049320202,12.99412148752796],[77.59592083187965,12.994205014593721],[77.59593074488701,12.994289428198092],[77.59593462184824,12.994374316440211],[77.59593244533795,12.994459263092088],[77.59593109398728,12.994473168603468],[77.59592407388448,12.994545406051065],[77.59585282016427,12.995080033666122],[77.5958047264114,12.995440888484708],[77.5957446039032,12.995891996904836],[77.59567105690972,12.996443831300738],[77.5956549900003,12.99656438379285],[77.59560604449499,12.99693162944078],[77.5955808521605,12.99709633292211],[77.59554948117066,12.997259151835575],[77.59551185007257,12.997420689521784],[77.59550494839685,12.997445883269679],[77.59546680398937,12.997585124904042],[77.59543991153522,12.997716514841404],[77.59538870407778,12.997966702193605],[77.59537706379943,12.998023573131283],[77.59537612254938,12.998028169903609],[77.59537601259683,12.99802870709553],[77.59536167526359,12.998074530106775],[77.59531260002834,12.998231381202801],[77.59529866499754,12.99827591944887],[77.59527753498914,12.99834345381571],[77.59527090911106,12.998364631018942],[77.59522306409109,12.99851755018113],[77.59517300990336,12.998677530141835],[77.59511006372877,12.99887871463849],[77.59507890754699,12.99897829401336],[77.59503345944798,12.999123552291117],[77.59498778311324,12.99926954004103],[77.59492403677945,12.99947328195499],[77.59490886816243,12.999521762908218],[77.5948424385849,12.99973408083243],[77.5948085121685,12.999842514252363],[77.59473715109469,13.00007059390586],[77.59471649435793,13.000136615633355],[77.59458483103293,13.000557429446307],[77.59458248783768,13.000564918615204],[77.5944940406917,13.000847607668861],[77.59448808768902,13.000866634271427],[77.59440252149633,13.001140115408466],[77.59438773169512,13.001187385615482],[77.59431048138573,13.001434288063676],[77.594290651416,13.001497667331352],[77.59422021523986,13.001722790887],[77.5941849351612,13.001835550794798],[77.5941354620368,13.001993673598983],[77.59410304228763,13.002097291506468],[77.59409602418191,13.002119722322972],[77.59401876707571,13.002366646493526],[77.59401578054702,13.002376191844023],[77.59398690330364,13.002468487423556],[77.59390615157871,13.00272658086986],[77.5938752312035,13.002825406575194],[77.59379221934155,13.003090723724991],[77.59376415468788,13.003180422157786],[77.59368946115504,13.003419152801376],[77.59368166622986,13.003444066437703],[77.59360262125776,13.00369670487016],[77.59358309698939,13.003759107075634],[77.59349237150408,13.004049078010077],[77.59347684488924,13.00409870317349],[77.59347281919922,13.00411194004809],[77.59341417700605,13.004304761487756],[77.59341177591183,13.00431265652731],[77.59339328126525,13.004373468788343],[77.59331403979539,13.00464982814839],[77.59329624142333,13.00471587128331],[77.5932802563204,13.004775186050825],[77.59323933338908,13.004927035819051],[77.59322397121704,13.004985909957933],[77.59319831254665,13.005084244497054],[77.59316373469623,13.005216760989223],[77.59315912109301,13.005233297817162],[77.59313020562156,13.005336941357433],[77.59312101158959,13.00536989610381],[77.59311684354438,13.005384835889974],[77.59306452854513,13.00555058965723],[77.59304181984483,13.005614919659918],[77.59303347598316,13.005638556443776],[77.59300664859713,13.005714554003413],[77.59300650124796,13.00571493060883],[77.59294326717115,13.00587654871558],[77.59292681966123,13.005914755030151],[77.59287445411702,13.00603639620505],[77.59280028375463,13.006193922632692],[77.59278418717771,13.006225334095488],[77.59276701937529,13.00625883598743],[77.59272083861963,13.006348954842455],[77.59264273967422,13.006489559147843],[77.59263620600825,13.006501321938787],[77.59261807026759,13.006531545859067],[77.59254609342597,13.006651498076517],[77.59247786016206,13.006761023449418],[77.59243720747044,13.006826277563365],[77.59233634138596,13.006988183866579],[77.59225398511173,13.007120378944302],[77.5922257256738,13.007165739891416],[77.59211312145557,13.007346487788501],[77.59211009675776,13.00735134291543],[77.59195229993023,13.007540728603853],[77.59193848717025,13.007557306497867],[77.59191277249019,13.00758816892007],[77.59188182536585,13.007625311254088],[77.59187439882618,13.007634364860744],[77.5918463626378,13.007679367163966],[77.59180846426175,13.00774019976256],[77.59176236189617,13.007814200999956],[77.59169876732864,13.007916279854555],[77.59167015716484,13.007962203474138],[77.59166007690402,13.00797838381],[77.59163471034287,13.008019100959556],[77.59149736218092,13.008236246937408],[77.59148289540579,13.008259118754214],[77.59143897771584,13.008328552153179],[77.59131865522542,13.008513152093183],[77.59130484117081,13.008534345750192],[77.59126692865391,13.008592511504338],[77.59125192223658,13.00861553449617],[77.59125068249001,13.008617436527752],[77.59123915669193,13.008635119519278],[77.59122278494196,13.008659503332362],[77.59122219187707,13.008660386633569],[77.59121085908025,13.008677265513207],[77.59113955872063,13.008783459086988],[77.59103975436426,13.00893210604112],[77.59103495069284,13.008939260549516],[77.5909438669394,13.009072939354215],[77.59083153869052,13.009237797580658],[77.59081744106888,13.009258487913788],[77.5907950575953,13.009291338953181],[77.59079337876588,13.00929380288216],[77.59078983459426,13.00929900447547],[77.59077457735096,13.009321396724074],[77.5907633188431,13.00933792024011],[77.59076026906345,13.009342396240505],[77.59073066914928,13.00938583846809],[77.59072940211594,13.009387698025398],[77.5907181853174,13.0094041603268],[77.59067979106949,13.00946050953293],[77.59066462162482,13.009482772924143],[77.590649067889,13.009505600318759],[77.59061068451203,13.009561933569714],[77.59062962971225,13.00962356079523],[77.59062743974626,13.009626774864547],[77.59057672579246,13.009701204404955],[77.59053567077477,13.009761458158689],[77.59045752854469,13.00987614237861],[77.59044831961722,13.009889657716924],[77.59041413950168,13.009939821628409],[77.59026686483058,13.01015596699307],[77.59021386405341,13.010233752753871],[77.59014692818212,13.010331990137054],[77.59014248407178,13.010338512466408],[77.59012721949733,13.010360915279877],[77.58996984448652,13.010591884249903],[77.5898422512651,13.010779144443129],[77.58980382438146,13.010835541057302],[77.58973486874338,13.010936742719602],[77.58970460142802,13.010981164071115],[77.5896343293823,13.011084297738714],[77.5895684130605,13.011181038796074],[77.58955474724458,13.011201095216936],[77.58945964421929,13.011340671682767],[77.58943546727342,13.011376154598677],[77.58937645231404,13.011462766979653],[77.58934390528009,13.011510534124492],[77.58926340266237,13.011628682530716],[77.58921108072515,13.011705472002427],[77.58906346442222,13.011922118757848],[77.58905705916449,13.011931342923747],[77.58899261023934,13.012024155358827],[77.58897708799158,13.01204650883645],[77.58890121817156,13.012155768420188],[77.58875688688097,13.012355972486935],[77.58873481434586,13.012386589626534],[77.58872037535129,13.012406249853553],[77.58853189010783,13.012662892562437],[77.58852604895117,13.012670845918235],[77.58852114727168,13.012677520076366],[77.58842360175672,13.012804791098322],[77.58832144415074,13.012927351093566],[77.58831308463662,13.012936585730742],[77.58823787553297,13.013019668164082],[77.58821428408564,13.013045729302215],[77.58811786347388,13.013143883628777],[77.58810229880363,13.013159728163226],[77.58798567476946,13.013269160500737],[77.58796977729043,13.01328290622057],[77.58795514040486,13.013295561970766],[77.58786460579623,13.013373842517874],[77.5878527870783,13.013383251212355],[77.58775323019924,13.013462506870297],[77.58773929152258,13.013473603230285],[77.58760994133634,13.013568276272453],[77.58755034926187,13.013608293985415],[77.58747676904927,13.013657705117037],[77.58744659994167,13.013676241492627],[77.58733999615741,13.013741740538864],[77.58732322098938,13.013751137283087],[77.58730734987483,13.013760027614547],[77.58728926597301,13.013770157456339],[77.58728350910393,13.013773382212365],[77.58726586679302,13.013780129270813],[77.5871650693817,13.013818677850411],[77.58715390792392,13.013822946395885],[77.5871089667207,13.013838251707064],[77.58701532369116,13.013870143058599],[77.5868881668456,13.013908260853453],[77.5868685477135,13.01391417919568],[77.58671851237062,13.01397477336381],[77.58657187781083,13.014027371842031],[77.58644407607599,13.014067609149949],[77.58642321566822,13.014074176874958],[77.58627276587544,13.014115113100925],[77.58612076722616,13.01415011645614],[77.58604421191333,13.014164604944762],[77.58596746384083,13.014179129914117],[77.58583567601305,13.014198747324018],[77.58581309953156,13.014202107969004],[77.58565792333047,13.014219013762498],[77.58550125553366,13.014229884443774],[77.58527383209578,13.014241187138884],[77.58469101787823,13.014270152365906],[77.5844639315481,13.014292806055314],[77.58445469482427,13.014282563806173],[77.58443961580174,13.014259028062952],[77.58440960499273,13.014209949922602],[77.58436972594839,13.014159744740896],[77.58432391457418,13.01411463497081],[77.58427284024354,13.014075290706192],[77.5842172551301,13.014042299015852],[77.58415798107666,13.014016154573236],[77.58413689900509,13.014009733907384],[77.58409589514586,13.013997245946454],[77.58403191530707,13.013985859217634],[77.58396705503648,13.013982169196609],[77.58390347309178,13.01398605953062],[77.58384087762322,13.013997313516246],[77.58378009918326,13.014015769678018],[77.58372200019458,13.014041163831026],[77.58366740282752,13.014073130848054],[77.58361707990845,13.014111215010477],[77.58357174220063,13.014154869896707],[77.58353202498883,13.014203474569666],[77.58349848478562,13.014256340387206],[77.5834743212477,13.014306997255332],[77.5834617865793,13.014331837444626],[77.58344909238193,13.014349184246331],[77.58343372881514,13.01436425158938],[77.58341611313602,13.014376649096784],[77.58339671611581,13.014386063626512],[77.58337604936911,13.014392258824829],[77.58335089042751,13.014395578663125],[77.58324263758868,13.014401136791781],[77.58315817552591,13.014405564145415],[77.58215232896075,13.014458288865365],[77.58134502624172,13.014500606263432],[77.5800553811126,13.01456820720822],[77.5797483200045,13.014581761066164],[77.57944146038699,13.014590235901025],[77.57913410862882,13.01459365058753],[77.57881374351098,13.01459456583526],[77.5787418192678,13.01459477131485],[77.57866368778,13.014594994527899],[77.57864655580028,13.01459504347202],[77.57824583744757,13.014596188280015],[77.57790579399054,13.01460021322847],[77.57787532893407,13.014600847450382],[77.57653317520611,13.01462878842629],[77.57611806528384,13.014634353050047],[77.57570326758987,13.014633767452057],[77.57528852669255,13.014627038082885],[77.57487393626852,13.014614164009503],[77.57445959078018,13.01459514968336],[77.57404523628854,13.014569977417226],[77.57316805002914,13.014510159183434],[77.57302582732335,13.014500460546506],[77.57195602563814,13.014427507229275],[77.57176707692713,13.014395074746153],[77.5714745625982,13.01434486553297],[77.57131309128651,13.01433385293576],[77.57123050986053,13.01432822075273],[77.5709153746107,13.014306728032933],[77.56995703984093,13.0142413657559],[77.56954570225345,13.01421331088185],[77.56944616666179,13.014206257325633],[77.56916139285525,13.01419435923784],[77.56894147960861,13.014218433195612]]]}},{"type":"Feature","properties":{"buffer_m":15},"geometry":{"type":"Polygon","coordinates":[[[77.56894065906752,13.014173324877987],[77.56714461276907,13.014039300007344],[77.56702524982308,13.014030392885337],[77.56684900900667,13.014020769836417],[77.566671099494,13.01401816011261],[77.56649322876059,13.014022644508819],[77.56631569108885,13.014034216363438],[77.56628492563111,13.014037457858274],[77.56613878065436,13.014052855913354],[77.56596278991935,13.014078533067279],[77.5657880114981,13.014111203774334],[77.5656147336964,13.0141508155116],[77.56544324353712,13.014197300818982],[77.56527382448807,13.014250584011439],[77.56510675833665,13.01431057593131],[77.5649423195941,13.014377176719966],[77.56478078088986,13.014450277200455],[77.5646224096529,13.01452975630669],[77.56446869558197,13.014614800895842],[77.56242119697696,13.015802042002955],[77.56203709461744,13.016024763576066],[77.5616367113311,13.016256925636966],[77.56138533495806,13.016402686109096],[77.56104778894249,13.016598412008054],[77.5610361353701,13.016605169326692],[77.5608705248898,13.016701198485952],[77.56080305612778,13.01674032021604],[77.56075369334755,13.01676894320112],[77.56067866707602,13.016812447149231],[77.56047049414167,13.01693315612797],[77.56028396189514,13.017041316763686],[77.5602045137459,13.017087384735595],[77.56007179855438,13.017164339577159],[77.56000701848207,13.017201902271822],[77.55981411296831,13.017313758443413],[77.56004613978921,13.017698637907714],[77.56230919654288,13.016386405238329],[77.56390086367357,13.015463477607529],[77.56469968278734,13.015000282622928],[77.56477027445453,13.014961226332256],[77.56483963780173,13.01492284963479],[77.56498143102351,13.014851690751179],[77.56512605388082,13.014786245644645],[77.5652732681668,13.014726620208124],[77.56542283052954,13.014672913645644],[77.5655744922817,13.014625215250888],[77.56572800466499,13.014583603031257],[77.56588311335766,13.014548145545978],[77.56603956217317,13.014518900947735],[77.56619709236182,13.01449591708369],[77.56635544405698,13.014479232978589],[77.56651435618461,13.014468875469715],[77.56667356640838,13.01446486109026],[77.5668328101128,13.014467196785192],[77.56684727243328,13.01446798650185],[77.56699324021238,13.014475957088482],[77.56757436355055,13.014519321495419],[77.56937991386323,13.01465405471491],[77.56939266856912,13.014655006492562],[77.56951320395463,13.014663614190571],[77.57067286535563,13.014742702779719],[77.57131490722412,13.014786489858931],[77.5727518309875,13.014884487665116],[77.57272484356264,13.014930327368267],[77.57269797862446,13.014993014783569],[77.57269449686258,13.01500525268734],[77.57267935034793,13.015058490555754],[77.57266924809117,13.01512572201956],[77.5726679127074,13.015189439663581],[77.57268669034609,13.015624054702354],[77.57269633989227,13.015847396833934],[77.57270367370955,13.016017140609101],[77.57271433807476,13.016263971084651],[77.57271956284013,13.016384900115991],[77.5727212343205,13.01642358711377],[77.57272584171193,13.016530226805914],[77.57273624017,13.016770902768723],[77.57306319716383,13.016757255147692],[77.57305529076118,13.016574260491602],[77.57304887416662,13.016425747629032],[77.57304526541687,13.016342222678599],[77.57301558398639,13.015655242361154],[77.57299524691507,13.015184538372983],[77.57299600254863,13.015151406779733],[77.57300030508648,13.015123831240292],[77.57300044293015,13.01512294778185],[77.57300858722174,13.015095304698221],[77.57301270369344,13.015086034438948],[77.57302029094149,13.015068948020502],[77.57303534739165,13.015044323132628],[77.57305349425887,13.01502184116842],[77.57307441751611,13.015001873572453],[77.57309776114286,13.014984745497179],[77.57312312757817,13.014970734358402],[77.57315009596685,13.014960063291383],[77.5731782174636,13.014952900240182],[77.57320702841717,13.01494935894314],[77.57324544285619,13.014949536612148],[77.57370238014576,13.014949309959917],[77.57401748540903,13.014970796770688],[77.5741688471712,13.014979992018517],[77.57443718806626,13.014996293764721],[77.57447282228324,13.014997928983362],[77.57485776022261,13.015015593401554],[77.57527858186793,13.015028661132899],[77.5753776663093,13.015030269019023],[77.57550606279177,13.0150323525644],[77.57557447229638,13.015033462675166],[77.57569955677313,13.015035492474977],[77.57604243365749,13.015035976280403],[77.57605202765069,13.015035989817651],[77.57612058936634,13.01503608655933],[77.57612543817335,13.015036021554103],[77.57621585769213,13.015034809350292],[77.57654105686994,13.015030449586797],[77.57655467126327,13.01503016616035],[77.57656922345907,13.015029863210675],[77.57686761240778,13.015023651305563],[77.57733631671782,13.015013893750274],[77.57771410566825,13.01500602888434],[77.57777478191645,13.015004765717014],[77.57778149339639,13.01500462599659],[77.577913491075,13.015001878049375],[77.57824810180648,13.014997917418599],[77.57826273890974,13.014997875600153],[77.5783837548769,13.014997529855766],[77.57913628680733,13.014995379860633],[77.57942415576504,13.014992181516819],[77.57944960663592,13.014991898747036],[77.57959127510686,13.014987985908267],[77.57976340777691,13.014983231657846],[77.57986654529492,13.014978679066743],[77.58007643051717,13.014969414527261],[77.58094037076575,13.01492412831863],[77.58122060867284,13.014909438746749],[77.58258644648615,13.014837843961576],[77.58269809428724,13.01483199158285],[77.58277493520798,13.014827963718451],[77.5828557687235,13.0148237265698],[77.58295397693522,13.014818578670289],[77.58311669720048,13.014810049163826],[77.58323674346592,13.01480375655238],[77.58329337218106,13.014800788175878],[77.58331677272848,13.014799561560828],[77.58336712178105,13.014796990381143],[77.58341011822047,13.014795074242123],[77.58343145557963,13.014795770787785],[77.58344597037876,13.014798738700694],[77.58345979123833,13.01480411847333],[77.58347251947814,13.01481177389255],[77.58348377649472,13.014821503955007],[77.58349074214946,13.01483001992858],[77.58349737200066,13.014838125360033],[77.5835014446233,13.01484301137564],[77.58353883787166,13.014888336771529],[77.58357941185756,13.014927191520455],[77.58358740961889,13.014934850393619],[77.58359687912314,13.014942005007088],[77.58364121736122,13.014975504433231],[77.58368612319045,13.015001866834401],[77.58369178134586,13.015005177548883],[77.58371686997434,13.01502049129419],[77.5837322892985,13.015033469818517],[77.58374555732293,13.015048640429637],[77.58375635134925,13.015065660950087],[77.58376440145517,13.015084135857272],[77.58376647442103,13.015092056161642],[77.5837694809261,13.01510354329476],[77.5837720554474,13.01512939098691],[77.58377400201623,13.015214687947413],[77.58377606405567,13.015305004013587],[77.58377730369716,13.015359345643867],[77.58377807632466,13.015394749569237],[77.58377970832369,13.015484185773929],[77.58378088166464,13.015573473745146],[77.58378160053486,13.015662765019938],[77.58378186310009,13.015752059029595],[77.58378167115958,13.015841353727476],[77.58378126028474,13.01589802543461],[77.58378102378285,13.01593064596704],[77.58377992093638,13.016019934096112],[77.58377836219113,13.016109269638301],[77.5837768054865,13.016179955753739],[77.58377635476843,13.016198710466165],[77.58377560834903,13.016229797531015],[77.5837741063032,13.016288245705969],[77.58377143243331,13.0163775924343],[77.58376830117042,13.016467005591466],[77.58376713035992,13.016497448112254],[77.58376472572947,13.016556093738618],[77.58376466833532,13.016557397202199],[77.58376266199966,13.016602962581956],[77.58376072055444,13.016645765148137],[77.58375662635798,13.016736015072263],[77.58375416180499,13.016790340710015],[77.58375254370073,13.016826840050223],[77.58374882695273,13.016917993400225],[77.58374557050132,13.017009295920696],[77.58374304248936,13.017091335800885],[77.58374277244403,13.017100902296056],[77.58374045551653,13.01719192876961],[77.58373919161656,13.017251425590748],[77.58373857235084,13.017283022459871],[77.58373680449415,13.017373344004842],[77.58373503567736,13.017463667800792],[77.58373326783529,13.017553989127617],[77.58373149905145,13.01764431176278],[77.58373077088143,13.017681495181499],[77.58372973023567,13.01773463491023],[77.58372796239627,13.017824956870149],[77.5837261936132,13.017915280247678],[77.58372442579655,13.018005601572924],[77.5837232506423,13.018065611479937],[77.58372265703734,13.018095924245335],[77.58372088825713,13.018186248255638],[77.58371912043933,13.018276570416589],[77.58371735168585,13.018366893589665],[77.58371558387991,13.018457215659504],[77.58371381513552,13.018547538882986],[77.58371204734433,13.018637859342048],[77.5837102786209,13.018728182012113],[77.5837085098764,13.018818506019942],[77.58370674210799,13.018908827479258],[77.58370497337629,13.018999151349506],[77.58370320561775,13.01908947283111],[77.58370143689939,13.019179796545616],[77.58370012359771,13.019246895045635],[77.58369999808436,13.019253310493916],[77.58369967020718,13.019270880515084],[77.58369859357016,13.019353280473863],[77.58369851232533,13.019363397146492],[77.58369829437277,13.01945535956836],[77.58369901893431,13.019547784109188],[77.58370068486236,13.019640198162499],[77.58370329393874,13.01973259117197],[77.58370683677474,13.019824724993098],[77.58370924718959,13.019876644270688],[77.58371102921738,13.01991278250763],[77.58371120601377,13.019916367810389],[77.58371239158019,13.019940416981616],[77.58371618184911,13.020009167165874],[77.58372259192801,13.020102299151558],[77.58373048052705,13.020195532112037],[77.58373983091224,13.020288634883173],[77.58375064104507,13.020381585988636],[77.58376290871325,13.020474362396456],[77.5837766299083,13.020566942829603],[77.58379180183324,13.020659305928419],[77.58380842217224,13.020751429929309],[77.58382648502474,13.020843291770666],[77.58384598755799,13.020934871262993],[77.58386692468122,13.021026145502706],[77.58388929139703,13.02111709300572],[77.58391308215427,13.021207693832288],[77.58393829282824,13.021297925270515],[77.58395450037641,13.021352618360526],[77.58396491538714,13.021387764275982],[77.5839928904796,13.02147701954648],[77.58401546328405,13.021545685212722],[77.58402211434327,13.021565511596776],[77.58405090425538,13.021651331061003],[77.58405645653478,13.021667880279967],[77.58407695792982,13.021731823446727],[77.58410048988335,13.021813687794435],[77.58410503998662,13.021830866239974],[77.58412076682893,13.02189459985542],[77.58412111509641,13.021896096183658],[77.58412456613675,13.021910973895586],[77.58414086023525,13.021981219063132],[77.58416129387516,13.022069309636732],[77.58418172786385,13.022157397642271],[77.5842021611836,13.022245486652313],[77.5842225946614,13.022333577114916],[77.58424302833396,13.02242166746205],[77.58425643458241,13.022479460065734],[77.58426288633702,13.022507718307603],[77.58428107637499,13.022592713872607],[77.58429739853115,13.02267737153646],[77.58431204241398,13.02276263626307],[77.58432136237103,13.022823190515677],[77.58432511142792,13.022848769990755],[77.58433820958966,13.022938141461049],[77.5843383739345,13.022939258976368],[77.58434996435022,13.023013081132497],[77.58435287395451,13.023031613104354],[77.58436930455747,13.02312394087393],[77.58437380891998,13.023147523148186],[77.5843879636344,13.023217737484279],[77.58440826438061,13.023309879972528],[77.58443041087189,13.023401486394238],[77.58444164881713,13.023444789250105],[77.58445507579856,13.023504395059893],[77.58447505626326,13.023593093458766],[77.58452381959026,13.023809566356235],[77.58453797781979,13.023872418363508],[77.58456721382075,13.02400220445835],[77.58457045075585,13.024016574042847],[77.58459085193665,13.024107140109976],[77.58462611211219,13.024239686933665],[77.58509185081463,13.02412348085906],[77.58504341413037,13.023961480055732],[77.58501692453741,13.023872883252825],[77.58490182897646,13.023487935899324],[77.58485802684565,13.02334143577148],[77.58484772569956,13.02330174367586],[77.58484381896547,13.023285583718222],[77.58482737068587,13.023217546453438],[77.58480876330296,13.02313308823097],[77.58479847832545,13.023082068331995],[77.58479574977966,13.023068533044349],[77.5847921235933,13.023049552279401],[77.58477688076275,13.022963896637682],[77.584763349041,13.022877710929327],[77.58475039545296,13.022789328666253],[77.58474643281649,13.022762289042786],[77.58473634554146,13.022696750795712],[77.58472038909757,13.022603849271563],[77.5847024828043,13.022510976501],[77.58468283060716,13.022419148389531],[77.584675596281,13.022387462490942],[77.58466533376674,13.022343219715259],[77.58466202966451,13.02232897538455],[77.58466033384538,13.022321664660701],[77.58464159591168,13.022240884908507],[77.58462116170703,13.022152796373145],[77.58460638011933,13.022089072404778],[77.58460072843482,13.022064707785702],[77.58458029510352,13.021976618850548],[77.58455986170726,13.021888528680527],[77.58454006805091,13.021803196666331],[77.5845390862458,13.021798976272555],[77.58452186371706,13.021729185065052],[77.5845153132685,13.021704452074594],[77.58448885789609,13.021612419633783],[77.5844656014078,13.021539884549538],[77.58445916934305,13.021520710089142],[77.58443038025337,13.021434893215732],[77.58442412720491,13.021416254038293],[77.584418686117,13.02139970278591],[77.58440283857678,13.021351496132297],[77.5843766832152,13.021268047408466],[77.58435189170191,13.021184386708134],[77.58432841561493,13.021100360496908],[77.58431761567253,13.021059233876237],[77.58430626002466,13.021015991105653],[77.58428543138099,13.020931296844791],[77.58426593343532,13.020846298551184],[77.58424777195921,13.020761016329928],[77.58423095048185,13.020675468239595],[77.58421547312916,13.020589678615865],[77.5842013443392,13.020503663671052],[77.58419776859132,13.020479538705526],[77.58418856541009,13.020417446402963],[77.58417714194195,13.020331046178315],[77.58416707409697,13.020244482890988],[77.58415836667615,13.02015777917073],[77.58415101985291,13.020070954198877],[77.58414517934446,13.019986093335568],[77.58414502283101,13.019983819240782],[77.5841414516009,13.019919050052408],[77.58414032456102,13.01989618921291],[77.58413839474643,13.019857053161317],[77.58413608712624,13.019807351995222],[77.5841326875242,13.019718937675611],[77.58413019717929,13.019630721499018],[77.58412898425995,13.01956349618884],[77.58412860517869,13.01954248584172],[77.58412791432613,13.019454238936564],[77.58412802698606,13.01940650252608],[77.58412812370393,13.01936552106272],[77.58412818709573,13.019357596828996],[77.58412923606807,13.019277374984819],[77.584129538248,13.019261146883988],[77.5841309734888,13.019187816020539],[77.58413274215317,13.019097492223114],[77.58413450985259,13.019007170925834],[77.58413627850446,13.018916848280849],[77.58413804718757,13.018826524297502],[77.58413981492005,13.018736202089253],[77.58414158356864,13.01864588039299],[77.5841426779732,13.018589992144925],[77.58414335227738,13.01855555727216],[77.58414512001582,13.018465235536445],[77.58414652074192,13.01839370359984],[77.58414688871594,13.018374911987918],[77.58414807676081,13.018314209763684],[77.58414865645896,13.01828459053752],[77.58415042517498,13.018194266702215],[77.58415210906446,13.018108230181825],[77.58415219292529,13.018103945401803],[77.58415396162819,13.018013622754008],[77.58415451721399,13.017985250648174],[77.58415461272342,13.017980373269252],[77.58415573036248,13.017923298766654],[77.58415749813976,13.017832976868704],[77.5841592668717,13.017742653517171],[77.58416054973068,13.017677109167678],[77.58416103465763,13.017652333078654],[77.58416280338595,13.017562010429046],[77.58416457214574,13.017471686440535],[77.5841657806681,13.017409939714234],[77.58416633993674,13.017381365138144],[77.58416653606308,13.01737134975611],[77.58416810871567,13.017291040690493],[77.58416872030271,13.017259787640763],[77.5841699584524,13.017201493479286],[77.58417223991233,13.017111895173787],[77.58417247855887,13.017103425287944],[77.58417352581597,13.017069442126093],[77.58417495989022,13.01702290686876],[77.58417814322868,13.016933641779307],[77.58418178795134,13.016844261735333],[77.58418336158678,13.016808773517152],[77.58418581908055,13.016754582465316],[77.58418991321732,13.016664332626396],[77.58419186705173,13.016621257177047],[77.58419306861542,13.016593970344992],[77.5841939700558,13.016573499138874],[77.58419642156655,13.016513714324356],[77.58419763913362,13.016482047695952],[77.58420083155481,13.01639089049469],[77.58420356248719,13.016299636487526],[77.58420509559531,13.016239980231147],[77.58420585057934,13.016208551607484],[77.58420631155914,13.016189388737727],[77.58420731346186,13.016143866253026],[77.58420789698734,13.01611735316496],[77.58420949071423,13.016026037818705],[77.58421061884509,13.015934661196464],[77.58421128192595,13.015843279902917],[77.58421147811885,13.01575189537282],[77.58421120838959,13.015660513212575],[77.58421047367402,13.015569132302824],[77.58420927214223,13.015477755722454],[77.58420760809447,13.015386543104569],[77.58420681196795,13.015350061740703],[77.58420556986596,13.015295654108485],[77.58420350865373,13.015205336332539],[77.5842016965269,13.015125968547459],[77.58420155082958,13.015118473892612],[77.5842025648011,13.01509177828323],[77.58420646200146,13.015071939209049],[77.58421338712242,13.015052944301662],[77.5842231630089,13.015035247259728],[77.58423554407089,13.01501926055793],[77.58425022362485,13.015005351906044],[77.58427414730686,13.014988774767533],[77.58428970922323,13.014978535704495],[77.58431719554369,13.014960450902752],[77.5843638190218,13.014922281579182],[77.58440610183513,13.014879562692876],[77.58442578336079,13.014854990285764],[77.5844435839368,13.014832766246206],[77.58447086602118,13.014790198619774],[77.58447676316219,13.014781618962704],[77.58448438787865,13.014770525883307],[77.58449454840107,13.01476007693363],[77.58450629231243,13.01475149184932],[77.58451928028384,13.014744989773755],[77.58453314985543,13.014740730871843],[77.58455334881997,13.014738041765673],[77.58455565093854,13.014737927519981],[77.58472114161671,13.014729703013906],[77.5848408766087,13.01472375246025],[77.58526870524963,13.014702490360811],[77.58552751590213,13.014689628066598],[77.58570384535311,13.014677329735918],[77.58572641776209,13.014674846351099],[77.58587073617132,13.01465896864252],[77.58588092497111,13.014657847684951],[77.58605704762194,13.014631311470596],[77.58623192120265,13.014597765365194],[77.58640525459151,13.014557266463232],[77.58648530929406,13.014535147842569],[77.58657676067558,13.014509880389669],[77.58674615326106,13.014455687803293],[77.58691315368901,13.014394777493328],[77.58707748319601,13.014327251392833],[77.58723886889479,13.014253221121841],[77.58729425029377,13.014225067631717],[77.5873970446162,13.014172811476904],[77.58755174582159,13.014086153429204],[77.58770271733493,13.01399339399648],[77.58784970818817,13.013894686297567],[77.58786300026716,13.013884957613417],[77.58799247456592,13.013790193314518],[77.58813078073375,13.013680090215622],[77.58815202146067,13.013661724339189],[77.58826439692416,13.013564558460766],[77.58839310133084,13.01344379123431],[77.5885032289967,13.01333168291206],[77.58851668049081,13.013317989491291],[77.5886349317756,13.01318736024258],[77.5886748212069,13.013139503601849],[77.58874765646387,13.013052120788965],[77.58885382867118,13.01291359450585],[77.58895045812383,13.012782023513573],[77.58906944627647,13.012620008839148],[77.58923942052397,13.012384233682459],[77.58925159363241,13.01236670326557],[77.58933664942832,13.012244214947682],[77.58940514818069,13.012145570324423],[77.58981730025955,13.011540681424247],[77.58986000963823,13.011477999636423],[77.59027692955627,13.010866113287882],[77.59042032716465,13.010655657909641],[77.59058617442327,13.010412254634629],[77.59086391187293,13.010004637376118],[77.59091126786404,13.00993513605667],[77.5909540762673,13.009872308936915],[77.59097123091853,13.009847132166923],[77.59105073617127,13.009819891242952],[77.59111661544965,13.00972320345755],[77.59121273076508,13.009582139722864],[77.59128179694106,13.0094807746838],[77.59132624012877,13.00941554759714],[77.59141003953535,13.00929255931753],[77.59146188771774,13.009216464283385],[77.59154142117252,13.00909800826314],[77.59163077836989,13.008964920897208],[77.5916694711403,13.008907292423427],[77.59174366916932,13.008793456412695],[77.59182794077147,13.008664165336846],[77.59187301643168,13.008595009411417],[77.59187396581993,13.008593508437228],[77.5918870952365,13.008572750947748],[77.59206540741506,13.008290840996043],[77.59207198572808,13.008280440742343],[77.59211888681,13.00820515760192],[77.59224298764627,13.008005957490912],[77.59229807855179,13.007917528477948],[77.59231346539217,13.007892830333926],[77.59231880799534,13.007881209187012],[77.59237877774929,13.007746555315403],[77.59245732889046,13.007570179482451],[77.59246292479456,13.007557614645854],[77.59248850886235,13.00751654808368],[77.59266071618595,13.007240127506083],[77.59289827861403,13.006858801426375],[77.59299430216308,13.006698772994321],[77.59306318744463,13.006574756879974],[77.59308541439741,13.006534741070485],[77.59317093952816,13.006367844094475],[77.5932507841504,13.006198264690305],[77.59332486067417,13.0060261898755],[77.59338592848985,13.005870108986105],[77.59339308934469,13.005851806831645],[77.59345539391855,13.00567530705755],[77.59351170758683,13.005496883897411],[77.59356166997192,13.005317801788419],[77.59356710174124,13.00529698471091],[77.59363751270695,13.005027136997557],[77.59371080632164,13.004755173346188],[77.59378830806375,13.004484881317756],[77.59379392258623,13.004466420153976],[77.5938702905305,13.004215314001259],[77.5938992161985,13.00412286343258],[77.59431861489259,13.002782405267459],[77.59436972687368,13.002619044071087],[77.5949109973004,13.000889066431865],[77.59500253395281,13.000596502208545],[77.59512199815342,13.0002146775503],[77.59530619906009,12.999625945128452],[77.59546699570978,12.999112016055092],[77.59547748952109,12.99907847633453],[77.59548048941714,12.999068888237373],[77.59550150668937,12.999001714032604],[77.59552895499506,12.998913985324638],[77.59553639546792,12.998890204509921],[77.59554896342372,12.998850035526527],[77.59556179649368,12.998820165418161],[77.59557487692206,12.998792513913696],[77.59566127618652,12.998609869311263],[77.59566290500277,12.998606426059107],[77.59570803633466,12.998511020221617],[77.59583284524176,12.99811210635337],[77.59585792815619,12.998031936414884],[77.5959392430701,12.997772037922182],[77.59597843885747,12.997638812028494],[77.59598445633704,12.997618358705047],[77.59598904220336,12.997600542179423],[77.59602465519694,12.997462182318296],[77.59605947413472,12.997304769705849],[77.59608887647083,12.997146299734228],[77.59611265881722,12.996988065118625],[77.5961134729852,12.996981935368886],[77.5961148243065,12.996971761469494],[77.59617645320913,12.996507766572051],[77.59618846036608,12.99641736646403],[77.5962541307459,12.995922943881915],[77.59625527482595,12.995914330272589],[77.5962610894596,12.995870552752562],[77.59622883406087,12.995794844220148],[77.59623624954034,12.995765486426551],[77.59625727417726,12.995702922675765],[77.59626135950258,12.995690765829847],[77.59629214498564,12.995618123769555],[77.59631300368099,12.995577794679834],[77.59632842598072,12.995547976548998],[77.59636999547928,12.995480724335819],[77.59637733471915,12.995470652480087],[77.59641661224164,12.995416750775393],[77.59646800896773,12.995356420928832],[77.5965238923082,12.995300075248489],[77.59658393961956,12.99524803518973],[77.59664780817857,12.995200595282547],[77.59671513262647,12.995158024593376],[77.59678553017918,12.995120562581869],[77.59685859870223,12.995088421060089],[77.59693392075557,12.99506178078709],[77.5970054715542,12.995042315575137],[77.59701106971472,12.995040792609876],[77.59708960729628,12.995025573988585],[77.59716908789547,12.995016210451796],[77.59724905850454,12.99501275386013],[77.59732906742401,12.995015225897777],[77.59740866107516,12.995023609879754],[77.59748738546692,12.995037860481228],[77.59750632361008,12.99504276244247],[77.59754488596994,12.995052743948591],[77.59756479601442,12.995057897477325],[77.59764293185418,12.995084450245805],[77.59777188778838,12.995133694757197],[77.59800147933211,12.995217646914085],[77.59823439665506,12.995295380979536],[77.59829634991003,12.995314117875461],[77.59844625595314,12.995359454862356],[77.59846950813527,12.995366487159902],[77.59855264544959,12.99538907492191],[77.59870661616812,12.995430907569364],[77.59894454822063,12.99548835195796],[77.59912219274487,12.99552858204714],[77.59945854363296,12.995604753414186],[77.59948153976629,12.995610399430856],[77.59958293231524,12.99563529335558],[77.59970486732061,12.995669944821021],[77.59980061125411,12.995700934670925],[77.59982542517307,12.995708966298618],[77.59988493351906,12.99573063507651],[77.59989515858993,12.995734358332093],[77.59993068650567,12.995747295114366],[77.59994444202897,12.995752303913978],[77.60006293454913,12.995800378145235],[77.6000686538505,12.995802820166183],[77.60007581086101,12.995805876058373],[77.60007837534691,12.995806971039578],[77.60017727238962,12.995849197986571],[77.60026043834812,12.99588089182205],[77.60034858997,12.99590675102603],[77.6004385749645,12.995925621987041],[77.60052981675823,12.99593738378334],[77.60062172762258,12.995941957957383],[77.60064616529783,12.995941256097524],[77.60071371842875,12.995939315944188],[77.60080519631302,12.995929474248722],[77.60089284178358,12.99591301156007],[77.60103263656107,12.995881021879375],[77.60187628815639,12.995687966418277],[77.60194750770208,12.99567166902444],[77.60208722265432,12.995638274855919],[77.60230283338873,12.995586740348726],[77.60265704976919,12.995494813048063],[77.60300935482735,12.995396080717375],[77.60302564233915,12.995391174853104],[77.60321087276077,12.99533538270319],[77.60335961410165,12.995290581211483],[77.60370769070805,12.995178355965407],[77.60390014805873,12.995112169191676],[77.60405345234923,12.995059447295743],[77.60432507194321,12.994960118610347],[77.60439676466554,12.994933901268219],[77.60464628745552,12.994837137257132],[77.60473686095233,12.99480201319139],[77.60519039039475,12.994621062254003],[77.60523810081354,12.994602026565833],[77.60575708084538,12.994394961898003],[77.60590220020487,12.99433706161241],[77.60622809200358,12.994207036037386],[77.60655454685762,12.994076785812346],[77.60664257626685,12.994041663496844],[77.60685441173976,12.993957144557461],[77.60685721567437,12.993956108583564],[77.606979874653,12.993910789590544],[77.60710590268717,12.993871456466769],[77.6072270347864,12.99384037309086],[77.60723384641142,12.993838625178448],[77.60726476951612,12.993832359852309],[77.60736336071419,12.993812384302803],[77.6074940915758,12.993792804640158],[77.60762568396846,12.993779939202247],[77.6076264414417,12.993779904135062],[77.60775959435671,12.993773739826153],[77.60777136657798,12.993773496422943],[77.60779432350694,12.993773021763868],[77.60803036603865,12.99376814133161],[77.60812193270888,12.99376624809269],[77.6082167528485,12.993764287584764],[77.60822226365516,12.993763995832643],[77.60832337423253,12.993755433649028],[77.60835927320882,12.993750094013222],[77.60837809427701,12.993747294555945],[77.60841143647198,12.993742335217252],[77.6084259261189,12.993740180018362],[77.60852725978053,12.993718489262662],[77.60854377661184,12.99371384418715],[77.6085402840809,12.993717223555363],[77.60847545558764,12.993779951517688],[77.60834815491312,12.99390312747777],[77.60860198495969,12.994155393783606],[77.60870786720146,12.99405294234905],[77.60882841714108,12.993936298481772],[77.60886081776053,12.993904947710561],[77.60896859307498,12.993800664543409],[77.6089868222767,12.993785328759348],[77.6090029500729,12.993775196243291],[77.6090203184971,12.993767374751572],[77.60903853878803,12.993762018712445],[77.60905764073696,12.99375916579389],[77.60907690087599,12.993758970938107],[77.60909600220442,12.99376142997127],[77.60911458118687,12.993766499441882],[77.60912763634452,12.993772098131496],[77.6091322821551,12.993774090482107],[77.60914876042358,12.993784066324126],[77.60916742569475,12.993799294463834],[77.60918113075785,12.993812180451883],[77.60923358848116,12.993855498744256],[77.609295077759,12.99389422671017],[77.60936116949102,12.993924892273592],[77.60940865194023,12.993939961317674],[77.60943076066766,12.993946977750047],[77.60950269226437,12.993960107178395],[77.6095757592079,12.993964056442852],[77.60964873628562,12.993958758103394],[77.60967163233981,12.993954139650217],[77.60972040155005,12.993944302220639],[77.60978955218542,12.993920936090996],[77.60985503816791,12.993889056917222],[77.60991576682264,12.993849203377897],[77.60993485645727,12.99383282709955],[77.60995386514489,12.993816520262614],[77.60997073234714,12.993802050525186],[77.60999809102955,12.99377165283123],[77.61001902921835,12.993748388821661],[77.61003562648631,12.99372429674095],[77.61005986293031,12.99368911586986],[77.61009256811745,12.993625219069138],[77.61010038737506,12.993603278032229],[77.61011661023751,12.993557756265123],[77.61013160154182,12.993487844215405],[77.61013572702318,12.993436276477263],[77.61013729854128,12.993416632794402],[77.61013360887391,12.99334529588594],[77.61012977005763,12.99332456701856],[77.61012138140126,12.993279269891865],[77.6100821540075,12.993124834272248],[77.6100598543095,12.993037041856343],[77.61005058485641,12.992989422930226],[77.61004795238446,12.99295621461321],[77.61004704726896,12.9929447966893],[77.61004857243567,12.992900057906674],[77.61005514174265,12.992855767932673],[77.61006198461119,12.992830074342177],[77.61006667169447,12.992812475289593],[77.61008301508268,12.992770718711384],[77.61010396426315,12.992731015969056],[77.61012291053983,12.99270317771801],[77.6101292543398,12.99269385660969],[77.61015856606818,12.992659697709263],[77.61019431613036,12.99262636159241],[77.61026520372701,12.992567244227093],[77.6103862824995,12.992466269467092],[77.6103889612533,12.992464035495592],[77.61040069739644,12.99245576195968],[77.61045765345146,12.992415610272955],[77.6104836093086,12.992397631736566],[77.61064203734821,12.992287895260722],[77.6106533111605,12.992280086362419],[77.61072648220187,12.99222940384285],[77.61094553386617,12.99207767591791],[77.61095442066802,12.992071822904531],[77.61101155127987,12.992034195618569],[77.61104768851499,12.992010394961804],[77.61114516683591,12.991952529845538],[77.61115156138517,12.99194873391087],[77.61125827535352,12.991891936823754],[77.6112979667536,12.99187312647854],[77.6113675912779,12.991840130380547],[77.61147926962398,12.991793428535562],[77.61149283919094,12.991788480375643],[77.61159146710565,12.991752515579739],[77.61159306055015,12.991751934528157],[77.61165088740796,12.991733837341885],[77.61166557528594,12.991729240701737],[77.61169103662435,12.991721272456518],[77.61170871400518,12.99171574023726],[77.61171058985302,12.991715247258414],[77.61182755470777,12.991684508519654],[77.61191841328463,12.991662865114758],[77.6120542585747,12.99163050543309],[77.61229624976029,12.991572860757312],[77.61234789245212,12.991560558961018],[77.61238791167624,12.991549872952003],[77.61247829699501,12.991525738093081],[77.61249764280375,12.991519431399668],[77.61260836215303,12.991483337121544],[77.61273584358355,12.9914339779338],[77.61283166267961,12.991390755334502],[77.61286035535807,12.991377812484957],[77.61290853203302,12.991352841253818],[77.61297983040893,12.99131588544019],[77.61316555733329,12.991213102288595],[77.61340976592297,12.991077954794017],[77.61361615901976,12.990963734774386],[77.61387875238297,12.990818412960811],[77.61408567909743,12.990703897631692],[77.61438268502526,12.990539531558191],[77.61446920648712,12.990491649709256],[77.61454830325987,12.990447876758079],[77.61474249933045,12.990337374748039],[77.61477976079499,12.990314983789363],[77.61493393624016,12.990222337510739],[77.61504304850962,12.990154992061234],[77.61506740309575,12.990139960107614],[77.61515530105032,12.990085708396593],[77.61530824648696,12.989991308570989],[77.6153338623047,12.989975498169603],[77.61542833027646,12.98991719136234],[77.61543518664395,12.989912959527066],[77.61548119907432,12.989884560082727],[77.61552516871566,12.989858132820522],[77.61553691952376,12.989851070181961],[77.61559122307996,12.989818431882695],[77.61559894828224,12.989813788771176],[77.61561092435812,12.989806590738999],[77.61561625623132,12.98980338610035],[77.61565601887186,12.989779487389944],[77.61566517587954,12.989773983714375],[77.6157545016621,12.989723124369705],[77.61580140096032,12.989696421356168],[77.61581093925793,12.989690990543773],[77.6158450275043,12.989671581747888],[77.61584900604838,12.989669316487584],[77.6158512241166,12.989668058345352],[77.61591140775421,12.98963564548731],[77.61591830867536,12.989631928885945],[77.61596993714907,12.989604123548048],[77.61601639143554,12.989579104850922],[77.61604020361273,12.989566280422839],[77.61610423537674,12.989532761778948],[77.61614262334574,12.989512666866965],[77.61621046163151,12.989477155626863],[77.61621048789704,12.989477141877629],[77.61629151254554,12.98943472798534],[77.61630514923587,12.989427589600647],[77.61630583130152,12.989427232560395],[77.6163344593104,12.989412246685],[77.61634981769355,12.989404207047537],[77.61636945099846,12.989394357444505],[77.61638989427438,12.989384512180072],[77.61648364799993,12.989339361382621],[77.61654469155798,12.989308530336702],[77.61661084787417,12.989275117008939],[77.61663102348079,12.989264926989236],[77.61673549479411,12.989207108320906],[77.6167765425697,12.989184390814565],[77.61682075590433,12.989157688145918],[77.61687029753186,12.989127767451958],[77.6169188157541,12.98909846484362],[77.6169386960239,12.989085405746687],[77.61703142760824,12.989024491545207],[77.61705763660609,12.989007275187259],[77.61708368783981,12.988988710470169],[77.61719280067865,12.98891095411513],[77.61732307565228,12.9888104438727],[77.61735311458722,12.988786342969398],[77.61744947450165,12.988709031274249],[77.61746234134954,12.98869870791705],[77.61748824667121,12.988677923503234],[77.61760152500763,12.98858058466101],[77.61761939079413,12.98856523278492],[77.6177747555344,12.98843172955386],[77.61791725010544,12.98831293136011],[77.61802577457904,12.988227802274716],[77.6180624954588,12.98819899757443],[77.6181447014528,12.988138375439254],[77.61821114741561,12.988089375409599],[77.61836307350808,12.987984161551283],[77.61851813772213,12.987883450902205],[77.61853516588091,12.987873096090313],[77.61853688260805,12.987872052149866],[77.61867708049854,12.98778679790762],[77.61877813416304,12.98772737969718],[77.61891211657132,12.987648600405535],[77.61897999475349,12.987611592921281],[77.61904813819545,12.987579970414599],[77.61911223557225,12.987555113254643],[77.61911274335192,12.987557035530388],[77.61914510591377,12.98777783498704],[77.61914681551593,12.987789499057993],[77.61915758364249,12.987862966557483],[77.61915905621154,12.98787301342746],[77.61918440204896,12.988045940003909],[77.61963694357486,12.987982153739653],[77.6196077620922,12.987783056169675],[77.61960659149084,12.987775069465393],[77.61956925813003,12.98752035378075],[77.6195689972218,12.987512854330777],[77.61956901658151,12.987512751869815],[77.61957607662146,12.987510603030966],[77.61960842005982,12.987504011064525],[77.61962342535685,12.987501838833003],[77.61963834664962,12.987499678762372],[77.61966451592899,12.987498912173985],[77.61969242577327,12.987501294132947],[77.61969469745239,12.987501490556598],[77.61972752693146,12.987506197493165],[77.61997886813238,12.987542233613313],[77.62030279860704,12.987588677242591],[77.62143743733273,12.987751356410953],[77.62183669180023,12.98780859964036],[77.62186986990525,12.987813356561146],[77.62194634039344,12.9878204089112],[77.62202672713364,12.987819697603285],[77.62210661378056,12.987810901500318],[77.62215800586202,12.987799916251339],[77.62218514855,12.987794114400598],[77.62226149771533,12.987769517682219],[77.62233485429547,12.987737375258169],[77.6224044394361,12.987698031411343],[77.62246951971707,12.987651908778417],[77.62252940937303,12.987599498061671],[77.62258348070537,12.987541357829288],[77.62263116621793,12.987478103984934],[77.62267196799101,12.987410408635608],[77.62269983683413,12.987350979186138],[77.62270546147268,12.987338984817162],[77.62273129907688,12.987264583853554],[77.62274408657638,12.987209901671127],[77.62274921059053,12.987187990250117],[77.6227552636553,12.987139834540534],[77.62275901261286,12.987110009366253],[77.62276053342384,12.98703490116694],[77.6227510913814,12.986741491268141],[77.6227425402874,12.986475767433943],[77.62272974694714,12.98607821651098],[77.62271551836187,12.985636065581945],[77.62270923505787,12.985440812951888],[77.62269691671865,12.985058022602377],[77.62269208113749,12.984907757713492],[77.62268383439908,12.984651491688052],[77.6226812410848,12.984570904881325],[77.62268102821609,12.98455511417012],[77.62268092683118,12.984547593385146],[77.62268079824531,12.984538054820922],[77.62267910309492,12.98441230771921],[77.62268088130114,12.984337895213311],[77.6226820571834,12.984288688137225],[77.6226823141341,12.984277935529194],[77.62268286301952,12.984254966347798],[77.62268686216892,12.98418976886123],[77.62269249936921,12.984097866496088],[77.62269437378815,12.984078922727582],[77.62269807427116,12.98404152388745],[77.62270799907881,12.983941219063675],[77.62271607218996,12.983882217017342],[77.62272497154471,12.98381717639985],[77.62272934195323,12.983785235424065],[77.62273713348297,12.98374073254515],[77.62275649889658,12.983630123117534],[77.62278473492928,12.983498062779816],[77.62278968957128,12.983474889846626],[77.62279248928496,12.983462894415762],[77.62286844178585,12.983137474371528],[77.62286921667895,12.983134154325992],[77.62287860638584,12.983090271149242],[77.62290504465656,12.98296671081539],[77.62293485254023,12.982796902087582],[77.6229364833255,12.982785049390586],[77.62294858343861,12.98269710465999],[77.6229583469365,12.982626142662937],[77.62297295911043,12.982480021765515],[77.62297549525137,12.982454660502093],[77.62298362290792,12.982325005921302],[77.62298369637617,12.982323833934325],[77.62298471955242,12.982307511949545],[77.6229862000011,12.982283895428647],[77.62298721929938,12.982260784451377],[77.62298844440222,12.982233007172523],[77.62298906620079,12.982218908867337],[77.62299053227918,12.982185667851798],[77.62299131012787,12.982168031353412],[77.6229913743151,12.98216750421493],[77.62299247702617,12.982158448184288],[77.62299358285212,12.982149366573767],[77.62299447465355,12.982142042642042],[77.62299957342238,12.982123547699077],[77.62300177886739,12.98211856098211],[77.62300733358465,12.98210600124751],[77.62301757698965,12.982089778372053],[77.62303007255082,12.98207521812607],[77.62304368795716,12.982063364712177],[77.62304454148924,12.982062621637164],[77.62306067258199,12.982052239172976],[77.62306886685039,12.982048498838735],[77.62307812127666,12.9820442745875],[77.62309653800864,12.982038877037496],[77.62311987863553,12.982035524832996],[77.62312476061298,12.98203482367838],[77.62316918417865,12.982028952211651],[77.62318123563625,12.982027359368619],[77.62320964106227,12.982019556446685],[77.62321068653881,12.982019269256053],[77.62321841944267,12.98201714504047],[77.62324228658085,12.982010588778206],[77.62325107694237,12.982007402992824],[77.62327352400021,12.982000661622735],[77.62327534348383,12.982000371245471],[77.62329124754407,12.98199783306551],[77.62330919049941,12.981997384195061],[77.62333195851603,12.981999857265711],[77.62334354948725,12.982001868221197],[77.62344082669783,12.982018745162712],[77.62356078401068,12.982039558733552],[77.62407886552465,12.982129450095401],[77.62413590796336,12.982138740019494],[77.62437161586217,12.982177127376263],[77.62457841029745,12.982206425869231],[77.62466605343639,12.982218843088743],[77.6247082979099,12.98222393878705],[77.62472023449054,12.982225378625309],[77.62472961941282,12.982226510672408],[77.62496132330651,12.982254459727372],[77.62510362479493,12.98226864442976],[77.62523253689868,12.982281494469703],[77.62525656300151,12.982283889406842],[77.62584299996756,12.982336224363259],[77.62597496189841,12.982348000943292],[77.62620515752309,12.98236854411947],[77.62635030556989,12.982378044745229],[77.62649743061505,12.982380705814942],[77.62664451375336,12.982376410803042],[77.6266599052637,12.982375231631167],[77.62679121567211,12.982365171699614],[77.62683755464259,12.982359407091828],[77.62693719298431,12.982347011996023],[77.62708045584749,12.982322262200029],[77.62714938649599,12.982308665542483],[77.627177754209,12.982298562649786],[77.62732526125052,12.982269404312012],[77.62746402083229,12.982241975121179],[77.62750773454654,12.982178088262561],[77.62842920225795,12.981996332584483],[77.6287265044259,12.981937690966717],[77.62909971011359,12.981864077695436],[77.62918321550205,12.981847606604386],[77.62920330401337,12.981843644228903],[77.62921040344479,12.981842243895626],[77.62922487468964,12.981839389502701],[77.62924742800011,12.98183494095581],[77.62931562281533,12.981821489811729],[77.62946213699514,12.98179576478437],[77.6295676727496,12.981781759067424],[77.62960816382169,12.981776385471528],[77.62975489946716,12.98176312926316],[77.62990207790294,12.981756021323292],[77.6300494309259,12.981755073845815],[77.63018603674549,12.98175991136859],[77.63019669119126,12.981760288666603],[77.63034507047072,12.981771770888068],[77.63052162987381,12.981789155914992],[77.6308849771854,12.981824933124596],[77.63090234245723,12.981827118295248],[77.63100018721134,12.98183943065602],[77.63100485676101,12.981840276836893],[77.63111252439252,12.98185978755925],[77.6312235506677,12.98188618201374],[77.6313329302666,12.981918534261453],[77.63144033179545,12.981956746675156],[77.63154542908534,12.982000703979772],[77.63160162235128,12.982027885923548],[77.63164790493052,12.982050273845667],[77.6317491086211,12.982106225273087],[77.63187892315675,12.98218269017725],[77.63200304766173,12.982251862392635],[77.63213192846172,12.98231582290998],[77.63214477740408,12.982321453149913],[77.63226380992616,12.98237361165727],[77.63239838613914,12.982425093793053],[77.6325353423909,12.982470148750611],[77.63267435976663,12.98250867138989],[77.6326837910391,12.98251080882577],[77.63281511356521,12.982540570818866],[77.6329572757468,12.982565772017113],[77.63296113595825,12.982566269119861],[77.63309884805838,12.982584003104161],[77.63327140757593,12.982602080753429],[77.63349983792313,12.98262601153277],[77.63364791037846,12.982641523872768],[77.63380257299752,12.982657726610432],[77.63381092464508,12.982658601544221],[77.63389307584744,12.982712285498854],[77.63396200580362,12.982719590193218],[77.63412556168143,12.982736922420006],[77.63413069544234,12.982742070069941],[77.63418092143057,12.982747331728639],[77.63418105526256,12.982747345748754],[77.63442873806794,12.98277329289845],[77.6345261202461,12.982783494615553],[77.63475601372618,12.982806043804137],[77.63477622724596,12.98280802645478],[77.63502616324696,12.982829213176977],[77.63502712222622,12.982829294464873],[77.63509227685341,12.982833951304972],[77.63527780567011,12.982847211966327],[77.63548927021576,12.982860923663164],[77.63564837231785,12.982871240096088],[77.63581418813021,12.98288199185639],[77.63593775047542,12.982890003835093],[77.636112923313,12.982904236925368],[77.63623561536734,12.982918250401157],[77.63623616540548,12.982918313224596],[77.63628636644631,12.982924047019331],[77.63644778232731,12.982947845104343],[77.63646784692173,12.982950779686108],[77.63675300689125,12.9829683174626],[77.63675513420179,12.98296844829527],[77.63683057523784,12.982973088034917],[77.63684216142043,12.982976012367017],[77.63684909813124,12.98297776318067],[77.63699967825346,12.983015769338193],[77.63717146064583,12.983065253230482],[77.63734144152626,12.983120401155544],[77.63751052799684,12.983181550203714],[77.63783357267965,12.983304493896645],[77.63798270428782,12.98336125010283],[77.6380276646534,12.983378361028095],[77.63828716178969,12.98347711992407],[77.63872158806389,12.98364245299806],[77.63877174845832,12.983661542939657],[77.63879766968519,12.983671407987886],[77.63897887903724,12.98374037227715],[77.63944360091313,12.983917235190049],[77.64025908141785,12.984227589113628],[77.64046575766439,12.984306245542053],[77.64074513214291,12.984410045617834],[77.64080966100636,12.984432866457645],[77.6408977650176,12.98446402472416],[77.64102669224216,12.984509620251208],[77.6413093189243,12.984604575205216],[77.6416380864212,12.984712147601313],[77.64190201807251,12.984798505773432],[77.64196923784793,12.984820500016676],[77.64200820496188,12.984833250017395],[77.64215782124874,12.984882204316602],[77.64229401885602,12.984928449383336],[77.6423501097689,12.984947494710475],[77.64254011403251,12.985016755799476],[77.64265489864266,12.985061513376879],[77.64272920392993,12.985090486987735],[77.64277564717537,12.985109194818003],[77.64279936250233,12.985118160513865],[77.64291457652074,12.985161717738837],[77.64305714142363,12.985208731820386],[77.64320166179417,12.985249614098363],[77.64328390561889,12.985269119103751],[77.6433118642824,12.985275749800833],[77.64334786248888,12.985284287161557],[77.64349546737792,12.985312683721833],[77.64364419309157,12.985334750856259],[77.64375298812524,12.985346167602515],[77.64379376021732,12.985350446149157],[77.6439312612336,12.985358957985314],[77.64394237039288,12.985359645684419],[77.64402411299552,12.985362955093658],[77.64428168963997,12.985373383273075],[77.64441771380386,12.985378890310995],[77.64448018227499,12.985383039889234],[77.64454051890546,12.985390198320674],[77.644573365215,12.985395831800723],[77.64459697058773,12.98539988036503],[77.64461971828322,12.985406192416278],[77.64463809478806,12.98541441814223],[77.64465502795608,12.985425313086491],[77.6446701212135,12.98543864232898],[77.64468301414972,12.985454111469195],[77.64469339146301,12.985471369809087],[77.64470099309604,12.985490016597304],[77.64470562703173,12.98550961301791],[77.64470796616939,12.98553997238227],[77.64470907332219,12.98555422034101],[77.64471209678945,12.985593129363279],[77.64472687479005,12.985655098731234],[77.64475116776278,12.985714150532374],[77.6447844177023,12.985768901959156],[77.6448258621009,12.985818058305613],[77.6448745363099,12.985860453619722],[77.64489028454133,12.985870407488962],[77.6449293084759,12.985895073061469],[77.64498888601452,12.985921081466062],[77.64500620787413,12.985925693540517],[77.64505185972959,12.985937848687456],[77.64511673303804,12.985944967096849],[77.6451819575356,12.985942259998488],[77.64523644738595,12.985931650441675],[77.64527340744468,12.985923915267337],[77.64530138199683,12.985921575443443],[77.6453294326942,12.985922679421982],[77.64535713342799,12.985927210779218],[77.645384057451,12.985935103277974],[77.64540979118135,12.985946241666],[77.6454339346632,12.985960460520229],[77.64546099726903,12.985981314852314],[77.64556197886472,12.986064939465424],[77.64567243047455,12.986146700636557],[77.64578727992522,12.986222425080781],[77.6459061832326,12.98629188469227],[77.64602878515217,12.98635487237743],[77.64615299441469,12.986410425659132],[77.64651206187959,12.986559533207744],[77.64674142545967,12.986654779490095],[77.64742799763013,12.986939887730692],[77.64753509399397,12.9869854205104],[77.64771377891147,12.987061389672325],[77.64836206345853,12.987343473451425],[77.64863183861975,12.987460858938066],[77.64907285754293,12.98765275659316],[77.64932375285566,12.987764131799219],[77.6499496800047,12.988047524619128],[77.65004600802317,12.98809208093447],[77.65015895058986,12.98814432227288],[77.6502234068176,12.9881741363609],[77.65046162094104,12.988286672815386],[77.65068582819752,12.988392592184661],[77.65094792221001,12.988516409909996],[77.65132947240163,12.988696660791462],[77.6515219068341,12.988787570131388],[77.65173457563506,12.988888038535512],[77.65175973149881,12.988899922598776],[77.65184412751928,12.988939538506237],[77.65193091137087,12.98898001399007],[77.65213510332988,12.989075247932785],[77.65261857560381,12.989300736590739],[77.6526942487953,12.989336030127374],[77.6531072098109,12.989528632744356],[77.6531848873251,12.989564861085285],[77.65348844420559,12.98970643824966],[77.6536762460244,12.989794027926093],[77.65405632253957,12.989971293403329],[77.65451524847711,12.990185333792649],[77.65480835010257,12.990325190176325],[77.65485718081258,12.99034902056765],[77.65488029051208,12.990360298576455],[77.65549319910795,12.990659410582165],[77.65572261971082,12.990771372556855],[77.65647417927674,12.991138149088915],[77.65649464489488,12.991148136731672],[77.65651585201185,12.991158486240886],[77.6565206159046,12.991160811118599],[77.65678399622904,12.991289346136035],[77.65721396238028,12.991499178464807],[77.65732758797986,12.991554630095303],[77.65771020531041,12.991741355225114],[77.65774561875772,12.991758637716229],[77.65815421273612,12.99195803998462],[77.65817140343655,12.991966429400124],[77.65820784873011,12.991991877994948],[77.65824335190624,12.992023211055944],[77.65826209706361,12.992044002417117],[77.6582750111843,12.992058326230943],[77.65830240903952,12.99209677296811],[77.65832518338992,12.992138054578682],[77.6583430304019,12.992181632139966],[77.65835570954074,12.992226936329285],[77.6583630525761,12.992273375946818],[77.65836496023009,12.992320338992197],[77.65836111723685,12.992371023110579],[77.65835795214544,12.99239453852966],[77.65835675729352,12.992408845179433],[77.65835120563058,12.992475318422711],[77.65835185623988,12.992512139685198],[77.6583526961641,12.9925596752354],[77.65836268625692,12.992643478559968],[77.65838107902263,12.992725908940649],[77.65838852453838,12.992748358206416],[77.65840769655725,12.99280616451139],[77.65844228389724,12.992883460554781],[77.65848450483294,12.992957042088875],[77.65849135087824,12.992966615474492],[77.65853395199399,12.99302618810515],[77.65859014522498,12.99309021859666],[77.65865253839395,12.993148504628628],[77.65872052272404,12.993200469536058],[77.65872799786614,12.993205096653757],[77.65879343397174,12.993245601645027],[77.65883906830872,12.993267997397064],[77.65884038153101,12.993268641880942],[77.65887055991674,12.993283452387296],[77.65895114171784,12.993313645687206],[77.65903438756054,12.99333588124351],[77.65907736666838,12.993342981088176],[77.65911947928808,12.993349937794852],[77.65920557662747,12.993355675484363],[77.65923448085165,12.993354791069812],[77.6592426920691,12.993354539822153],[77.65924870466145,12.99335435584815],[77.65929183204561,12.993353036231682],[77.65936068199707,12.993344193037833],[77.65937739484475,12.993342046413648],[77.65946141984084,12.993322816607275],[77.65954308220087,12.99329553787006],[77.65960483518727,12.993267958745855],[77.6596215780583,12.993260481314483],[77.65969613387998,12.993217995883658],[77.65975189180337,12.993178510590111],[77.65976602220735,12.993168504063375],[77.65982799912864,12.993114714853906],[77.65984466501583,12.993098740166086],[77.65984956791932,12.993094040605055],[77.65988831767353,12.993060893909657],[77.65991409647738,12.993043455073398],[77.65992739195545,12.993034460953055],[77.65996923968862,12.99301254783884],[77.66001332238795,12.992995428699144],[77.66003925580586,12.992988564647089],[77.66005907796455,12.992983318121865],[77.66010592356501,12.992976364472641],[77.66015326418307,12.992974655402572],[77.66020050054706,12.99297821056216],[77.66024703003198,12.992986986919211],[77.66024722623338,12.992987047160472],[77.66028927754006,12.992999958504404],[77.66038246161833,12.993045431849069],[77.66067049229319,12.993185989318079],[77.66074158504927,12.993220682212627],[77.66088713902322,12.993290237266585],[77.66101931948549,12.993353401596112],[77.66109597585114,12.99338926266772],[77.66121829745175,12.993446486665285],[77.66141947305047,12.99354059982209],[77.66142906313895,12.993545086218576],[77.6614736152413,12.99356592840331],[77.66158305957816,12.993616586839776],[77.66159571993315,12.993622446930894],[77.66160935424702,12.993628757837847],[77.66162559341048,12.993636274449967],[77.66176464247205,12.993699951182736],[77.66179111444242,12.993712073872143],[77.66186178443364,12.993744436795586],[77.66187158847839,12.993748926502482],[77.66191796911687,12.99377016625407],[77.66196240301572,12.993790514507182],[77.66196884637274,12.993793465206187],[77.66204527393765,12.993828464777987],[77.66218094154111,12.993890592990944],[77.66220125598268,12.99389989587475],[77.66242472727579,12.994002233291587],[77.66261757843135,12.993597266223773],[77.66230286999914,12.993453146824596],[77.6622609628907,12.993433955641219],[77.66182019139468,12.993232106193867],[77.66167058991836,12.993162860221558],[77.6616144565603,12.993136600246748],[77.66148988855,12.993078325578681],[77.66121785045875,12.992951062331512],[77.66115399569708,12.99292054833426],[77.66094488904484,12.992820623447956],[77.66082746021965,12.992763316727656],[77.66039741115839,12.992553447462772],[77.66006892956985,12.992393144381719],[77.65970427035188,12.992215186169709],[77.65960362296396,12.992166068998552],[77.6588936185905,12.99181957807604],[77.65778094073968,12.991276577512211],[77.65717830475218,12.990982483690903],[77.65501158793671,12.989925099065761],[77.65497874627687,12.989909428240072],[77.6548984689241,12.989871122855522],[77.65471336452589,12.989782797880926],[77.65277187152428,12.98887729697781],[77.65271458548972,12.988850579108883],[77.65259327625036,12.988794001193957],[77.65254980072443,12.988773724464608],[77.65253587601744,12.988767230063269],[77.65253254900105,12.988765678362359],[77.65232213899907,12.988667544376463],[77.6520414408984,12.988536628435213],[77.65195848194104,12.988497687022827],[77.65181120918419,12.988428112866963],[77.6517512987539,12.98839981016032],[77.65144001326597,12.988252753599982],[77.65099110568327,12.988040682020454],[77.65079755879249,12.987949247176461],[77.65042144654612,12.987771565352396],[77.65024591621537,12.987690373582353],[77.65014298176665,12.987642761126766],[77.65011307226438,12.987629219413735],[77.64960483203822,12.987399110493094],[77.64951508363961,12.987358476347861],[77.64930977674241,12.987267338512048],[77.64925984517336,12.98724517337675],[77.64871700883147,12.987008972362396],[77.6486663777097,12.986986941556042],[77.64789874110544,12.986652924596171],[77.6478376356161,12.986626945225511],[77.64771160661316,12.986573363227986],[77.64760796271062,12.98652929839213],[77.64715902486714,12.986342871062858],[77.64690245453829,12.98623632686789],[77.6466380052913,12.986126510848658],[77.64638563560612,12.986021711025908],[77.64633533541989,12.986000823213761],[77.64623214127666,12.985954722227852],[77.64613327254888,12.985904091892086],[77.64603731709771,12.985848319991515],[77.64600303539473,12.985825867916079],[77.64594455233227,12.985787565672599],[77.64585524627907,12.985722003555606],[77.6457696574247,12.985651823033244],[77.64569901415791,12.985587262442644],[77.64568803412124,12.985577227832383],[77.64560932781794,12.985497121899288],[77.6455820876215,12.985467862394897],[77.64557739257987,12.985462819311213],[77.64555642010193,12.985437151428972],[77.64554127229783,12.985412743581833],[77.64552554303621,12.98537800773408],[77.64550299872991,12.985329672298455],[77.6454735699456,12.985285619771597],[77.64546268251263,12.985269451957405],[77.64545737898385,12.985261576228611],[77.64545456663514,12.985255717938715],[77.64545053601562,12.985247321918447],[77.64544916378229,12.985244463474679],[77.64544352096199,12.985226340737238],[77.64544299053391,12.985222961121982],[77.64544057791416,12.985207589147215],[77.64544040447902,12.985188814060146],[77.64544040259611,12.98518861022704],[77.64544365906241,12.98516502466622],[77.64545678885341,12.985103529041538],[77.64549568915957,12.984921332797297],[77.64550342631156,12.984885094520475],[77.6455307061564,12.984757324695943],[77.64554991135972,12.984667373837762],[77.64561011330727,12.984385407708027],[77.64562852498665,12.984299173455629],[77.6456344619811,12.984271366525547],[77.6456405953061,12.984242640047102],[77.64572191792983,12.983861751614516],[77.64574779033512,12.983740573773684],[77.6457683042945,12.983644493133308],[77.64576995566497,12.983636758656523],[77.64577151549062,12.983629452945205],[77.64577486213963,12.983613778342182],[77.64578448481357,12.983568708901206],[77.64581747905756,12.983414174707896],[77.64537003548863,12.983322300300358],[77.64531682333445,12.983571527541185],[77.64531451922944,12.983582319170054],[77.6452818451023,12.983735353428377],[77.64522171376605,12.98401698771593],[77.64518308303256,12.984197920649374],[77.64512311071141,12.984478810165465],[77.64508096792946,12.984676192313204],[77.64505531788228,12.984796328223238],[77.64501140021058,12.985002023338229],[77.64500700414993,12.985015824492475],[77.64500317389331,12.98502277403137],[77.64500228098215,12.985023838820782],[77.64499811268047,12.985028809487108],[77.64499204447081,12.985033719243487],[77.64498520646544,12.985037357234765],[77.6449778537321,12.985039622347985],[77.64497023457405,12.98504045972347],[77.64496259354297,12.985039850680481],[77.64494650527219,12.98503541900057],[77.6448730542199,12.985010155761877],[77.64485497909143,12.985003938883047],[77.64475288345947,12.984976065331313],[77.64464913566042,12.984954831951537],[77.6445913654348,12.98494685162664],[77.64454418351937,12.984940333961063],[77.64444076897647,12.984932799132613],[77.64426582696468,12.984925716470167],[77.64396433213406,12.984913510218941],[77.64384173129316,12.984905921100157],[77.64383265199525,12.984905359082216],[77.64370296432693,12.984891749138386],[77.64364273232792,12.984882812535881],[77.64357400240391,12.984872615099006],[77.64344601066496,12.984847991651266],[77.64331923230186,12.984817925167018],[77.6431939062986,12.984782472284728],[77.64318072008031,12.98477812389553],[77.64307027091766,12.984741701327211],[77.6430055763482,12.984717242890461],[77.64294714978305,12.984695154136185],[77.64290205427027,12.984676989182093],[77.64289949417324,12.984675990927084],[77.64287114583279,12.984664937101295],[77.642812713438,12.98464215264518],[77.64270480882607,12.984600077561275],[77.64259889959295,12.984561471042376],[77.64250510908563,12.984527282096664],[77.64230452567803,12.984459176419142],[77.6421811539691,12.984418809128337],[77.64148373394912,12.984190612914933],[77.6414555962265,12.984181406236765],[77.64135546971733,12.984147766538738],[77.6411788750023,12.984088435668628],[77.64090423409354,12.983991308194746],[77.64063069818029,12.98388967672567],[77.64060843360949,12.983881203320497],[77.63993118435884,12.98362345717483],[77.638952328744,12.983250926290962],[77.63863481280458,12.98313008671902],[77.63769240413785,12.982771426740742],[77.63767432267562,12.982764545334437],[77.63750689615216,12.982703996802929],[77.63749290338836,12.98269893642605],[77.63730821078701,12.982639015040307],[77.6371215578615,12.98258524793945],[77.63701939340581,12.982559461787204],[77.63700517421668,12.982555872885637],[77.63700342592982,12.982553869872248],[77.63681867829497,12.98249282984308],[77.6366669867047,12.982447196101363],[77.63650728807582,12.982403799224642],[77.63632625602241,12.982378453540695],[77.63615132226381,12.982359246806125],[77.63597692544255,12.9823453326958],[77.63578656924635,12.982332989637202],[77.63531570941953,12.982302458188814],[77.63507160987515,12.982285011085455],[77.63482823815117,12.982264381348024],[77.63458470628807,12.982240493845364],[77.63421385738197,12.982201643412056],[77.63412007051878,12.982191818223846],[77.63411494712464,12.98219128149294],[77.63397095785255,12.982176197059411],[77.63383816824873,12.982212252574845],[77.6338112851292,12.982209436229683],[77.63330826080248,12.982156738098826],[77.63316253503996,12.982141471490605],[77.63315094437677,12.982140257222719],[77.6330280069908,12.98212442571099],[77.6329076441352,12.982103088772865],[77.6327884678498,12.982076079311911],[77.6326707570695,12.982043461815016],[77.63255478565434,12.982005310202508],[77.63244082190316,12.98196171361897],[77.63232913258467,12.981912772648988],[77.63221997746302,12.981858601134693],[77.63211215627302,12.98179851461552],[77.63198193725577,12.98172181090144],[77.63186208583109,12.981655549994327],[77.63182085351627,12.981635604633901],[77.63173697729073,12.981595031079918],[77.63164333021489,12.981555863168383],[77.6316086533137,12.981541359546293],[77.63147750561271,12.981494698912401],[77.63134393197636,12.981455191198764],[77.63120833881587,12.981422955999813],[77.63107113622267,12.981398093019386],[77.63093464689028,12.981380917329757],[77.63060732776466,12.98134868761203],[77.63038797312305,12.981327088696485],[77.63022303601747,12.98131432511068],[77.63019700106241,12.981313403152384],[77.63005621039568,12.981308417427151],[77.62988927888927,12.98130949120525],[77.62972254705612,12.981317543337102],[77.62955631658338,12.981332560452625],[77.62939089212593,12.981354514953386],[77.62922803397981,12.981383109733951],[77.6286766931589,12.981491859342329],[77.62804852696324,12.981615762426188],[77.62765399121076,12.981693582908495],[77.62756684116114,12.9817107728813],[77.62731055318787,12.981706017098407],[77.6270897457799,12.981749879978834],[77.62705857057317,12.981756072861339],[77.62697767413385,12.98177214275154],[77.62697544988846,12.9817725299525],[77.6269656417555,12.981770315106745],[77.62690917013131,12.98177937229808],[77.62682322985789,12.981793155813335],[77.62671026392134,12.981806079263208],[77.62664758201939,12.981810399084326],[77.62659681153477,12.981813898011543],[77.62648311382065,12.981816595144714],[77.62636940986357,12.981814165718204],[77.62625434321544,12.98180650702599],[77.62531047475386,12.981722274763698],[77.62525503611889,12.981716748622025],[77.62502591766152,12.981693910017608],[77.62474276158977,12.981659753764806],[77.62450766870448,12.981626446378163],[77.62446040274018,12.981619749851532],[77.62445770882339,12.98161931111666],[77.62441852516213,12.981612929613318],[77.62441374878374,12.981612151725923],[77.62427470954525,12.981589507609657],[77.62418254795224,12.981574498049438],[77.62417824381636,12.981573797072057],[77.62400635105574,12.98154397232811],[77.62398411915443,12.981540114918637],[77.62377904879199,12.981504533600301],[77.62372951682586,12.981495939415186],[77.62372443199841,12.981495057157696],[77.62365169355276,12.981482206006005],[77.62362347026945,12.981476301651407],[77.62360442416987,12.981469182113148],[77.62358995698155,12.981461093895598],[77.62358667396298,12.981459258447826],[77.62357064173426,12.98144674767428],[77.62356169852342,12.981437232381483],[77.623556712856,12.981431927789323],[77.62354523298106,12.981415138922985],[77.62353716497516,12.981398188049775],[77.62353659591948,12.981396992464898],[77.62353144943474,12.981386179705494],[77.6235284363412,12.981380164185877],[77.62352620957193,12.981375064229669],[77.62351947977646,12.981359651020282],[77.62351422970465,12.981347626812791],[77.62350658416433,12.981335180430083],[77.62347996479538,12.981291846034564],[77.62345155166417,12.981257371695644],[77.62343819504169,12.981241165782956],[77.62338969289732,12.98119654819653],[77.62337703601055,12.981187764539008],[77.62333537079189,12.98115884960834],[77.62327624948647,12.981128793022462],[77.62321344591925,12.98110696018895],[77.62316196593326,12.981096565842885],[77.62314815830861,12.981093777939336],[77.62308163168349,12.981089499452688],[77.62301513455857,12.981094211163938],[77.62300222292271,12.981096906070626],[77.62295915878002,12.981105894384958],[77.6229266561989,12.981112751632752],[77.62292009788978,12.981114135275241],[77.62288990462844,12.981116369136315],[77.62288639121566,12.98111615775865],[77.62285968313176,12.9811145509186],[77.62282998354218,12.981108710891577],[77.622801347445,12.981098951565405],[77.62277430156117,12.98108544240265],[77.62274517808282,12.981065580002435],[77.62268817764134,12.981021207223101],[77.62267908574984,12.981014129514897],[77.62263358048517,12.980975880172565],[77.6226246002848,12.980968331886391],[77.62257561737266,12.980920436400178],[77.62257125134785,12.980915470518926],[77.6225325559312,12.980871458664884],[77.62253043841878,12.980869050223372],[77.62248932089436,12.980814464459334],[77.62245250190243,12.980756987558234],[77.62244898611101,12.98075045417922],[77.62243888272558,12.980731679104354],[77.6224201915481,12.980696945375264],[77.62240807709625,12.980669630610663],[77.62239154665141,12.980632358993269],[77.62238683109959,12.980620527690515],[77.62235553483674,12.98054200547725],[77.62230145568093,12.98040632106595],[77.62227890641107,12.980349745027663],[77.62225706414881,12.980294942868472],[77.62221346877028,12.980185562217423],[77.62220989167182,12.98017658729007],[77.62220006017903,12.98015192010913],[77.62216661921329,12.980068016844303],[77.62215936417037,12.98004981396705],[77.62199616028404,12.979640335992102],[77.62192970215601,12.979473592782986],[77.62191192685837,12.979428994623788],[77.62189388542748,12.97938372873764],[77.62187877269372,12.979349933984198],[77.62185882771013,12.979305333462944],[77.62183049921147,12.979253830736704],[77.62181605705351,12.979227574120646],[77.62179983136807,12.97920307771772],[77.62176697306607,12.97915347055596],[77.6216271028641,12.978975797432659],[77.62134069705422,12.979211488752544],[77.62146095141071,12.979364242586605],[77.62149352234333,12.979413416366562],[77.62152191632481,12.979465038546392],[77.62154076899739,12.979507195057773],[77.62154706279469,12.979521268634475],[77.62159307207804,12.979636706156167],[77.62162958426082,12.979728315405033],[77.62177497475636,12.980093100884416],[77.62189753784456,12.980400612284555],[77.6220445716183,12.980769520756885],[77.62207893399628,12.980846996751193],[77.62208232669762,12.980854646190416],[77.62212771509654,12.980938991426033],[77.6221794541709,12.981019759301155],[77.62223725269952,12.981096491370266],[77.62230078440892,12.98116875001315],[77.62236969024778,12.981236127524703],[77.62244160708109,12.981296576876323],[77.62251126188994,12.981350800317273],[77.62253706126667,12.98137405789928],[77.62255671300186,12.98139728108245],[77.62257302932146,12.981422920868894],[77.622585700388,12.981450511973843],[77.62259448558694,12.981479552999096],[77.62259921556702,12.981509508153746],[77.62259994648466,12.981547474949458],[77.62259987805342,12.98158539565199],[77.62260431413708,12.981630986263298],[77.62261187760161,12.981669135731147],[77.62261965916171,12.981709819923683],[77.62262230218184,12.981744181360288],[77.62262208709235,12.981750233571464],[77.62262107821664,12.981778621425889],[77.62261600290103,12.981812715504967],[77.6226071406614,12.981846044101676],[77.62259210223509,12.981884614021133],[77.6225710231564,12.981937416242376],[77.622553182363,12.981998516794215],[77.6225412864894,12.982060983808699],[77.62253573098342,12.982121120323814],[77.62252950786107,12.982262240341543],[77.62251966225145,12.982419287889332],[77.62250412418123,12.982574669069855],[77.62248283594583,12.982729392458053],[77.62246863867003,12.982810271568544],[77.62246491389715,12.982831490872897],[77.62245582757694,12.982883253866582],[77.62242287864775,12.98303724218281],[77.6223433468253,12.983377996826098],[77.62230725511003,12.983546793718997],[77.62227728415884,12.98371798304512],[77.6222537292802,12.983890133561712],[77.62223662294495,12.984063013247868],[77.62223025824922,12.984166769081359],[77.62222598733683,12.984236392535438],[77.62222183798471,12.984410036079534],[77.62222416254932,12.98458248567785],[77.6222294593451,12.984747086407443],[77.62223634381787,12.984961025033268],[77.62226326601724,12.98579764660765],[77.62226447242611,12.985835136405381],[77.62227687680695,12.986220609088987],[77.62228873753425,12.986589187459767],[77.62230328695075,12.987041318274212],[77.62230190204572,12.987085313792774],[77.62229560567916,12.98712465272844],[77.6222843682365,12.98716290215198],[77.62226837269925,12.987199459281895],[77.62224787793308,12.987233749475774],[77.62222321133713,12.987265242021504],[77.62219476740442,12.987293450219282],[77.62216299627853,12.987317940366433],[77.62212839592716,12.987338342303108],[77.62209150613377,12.98735434707581],[77.62205474618462,12.987365171629788],[77.62205289645844,12.987365716311224],[77.62201316346263,12.987372280069515],[77.62197291277919,12.987373941347114],[77.62192842776037,12.987370323352497],[77.62186232206423,12.987360845552253],[77.62135075132561,12.987287499902752],[77.62118473935436,12.98726369819758],[77.62097080043948,12.987233025042269],[77.62096861681741,12.987232711968922],[77.62075763840619,12.987202463271172],[77.6207128122301,12.987194804589123],[77.62066411484328,12.987186484499476],[77.62063940588938,12.98718088466301],[77.62057161928242,12.987165522057092],[77.62042220125814,12.987127415102226],[77.62037559187219,12.98711552803718],[77.62018066642798,12.987065815057939],[77.6201264989993,12.987052000421023],[77.6201024263285,12.987044397547933],[77.62008518106795,12.987036093252314],[77.6200692981036,12.98702540642933],[77.62005511391368,12.987012546081873],[77.6200429382837,12.986997771936927],[77.6200330392375,12.986981385165848],[77.62002934211067,12.986972562997845],[77.62002283120046,12.986957026515755],[77.62002222105835,12.986955552489086],[77.62001899261818,12.986947552713609],[77.62001261686628,12.986933686228063],[77.62000568187767,12.98692028556343],[77.61999823839858,12.986907369601509],[77.61999031259431,12.986894927403153],[77.61998195025473,12.98688298055459],[77.6199732141475,12.986871565099339],[77.61996416157632,12.986860694485467],[77.61996089872913,12.986857079891054],[77.61995482267967,12.986850348820958],[77.61994524173579,12.986840528734144],[77.6199354572726,12.986831222974105],[77.61992550392944,12.986822421405558],[77.61991541742523,12.986814111753008],[77.6199052116617,12.986806266357116],[77.61989490648389,12.986798867402044],[77.61988453028988,12.986791902490333],[77.61987411210349,12.986785359123216],[77.61986367995468,12.986779223241065],[77.61985321034854,12.98677345114827],[77.61984269011741,12.986768019944588],[77.6198321427877,12.986762921938878],[77.61982157662709,12.986758144635878],[77.61981101385096,12.986753679632725],[77.61980045488548,12.986749509101395],[77.619789916253,12.986745624390858],[77.61977939516402,12.986742006302597],[77.6197688689127,12.986738636206042],[77.61975833329618,12.98673550206399],[77.61974778620757,12.986732595887517],[77.61973724443345,12.986729913338843],[77.61972669123735,12.98672744123967],[77.61971614922172,12.986725180098958],[77.61970561570537,12.98672311758169],[77.61969508770437,12.986721249514293],[77.61968457984264,12.986719568392571],[77.61967405904336,12.98671806402039],[77.61966352218884,12.986716732636037],[77.61965298607444,12.986715573187347],[77.61964243905413,12.986714578893558],[77.61963189019546,12.986713749936568],[77.61962134805975,12.986713080649288],[77.61961079235955,12.98671256826968],[77.61960024879711,12.986712211392815],[77.6195897103229,12.986712004918878],[77.61957917094786,12.986711947547713],[77.61956864855865,12.9867120359153],[77.61955812918953,12.986712266817243],[77.61954759887607,12.986712639942098],[77.61953708238696,12.986713153831934],[77.61952656633989,12.986713805239162],[77.61951605324091,12.986714595958698],[77.61950555917569,12.98671552109643],[77.6194950647546,12.986716582244616],[77.61948458600831,12.986717777766604],[77.61947413359773,12.986719104164019],[77.61946368558642,12.986720563061748],[77.61945325893223,12.986722153730643],[77.61944285714883,12.986723872530188],[77.61943246794931,12.986725722974539],[77.61942211163682,12.986727700781078],[77.61941178446018,12.986729805257802],[77.6194014752536,12.986732039390052],[77.61939120066353,12.98673440058158],[77.61938095533918,12.986736888669897],[77.61937074889106,12.986739503535093],[77.61936058282332,12.986742242401027],[77.61935043962717,12.986745112596264],[77.61934035010044,12.98674810661924],[77.61933029629753,12.986751227699843],[77.61932803175456,12.986751963014656],[77.61932028712793,12.986754477755586],[77.61931033088345,12.986757851533477],[77.61930042296885,12.986761353942772],[77.619290570473,12.986764981559283],[77.6192807581095,12.986768742779605],[77.61927100491314,12.986772633101525],[77.61926131071253,12.986776652361456],[77.61925166258287,12.986780809408398],[77.61924207923332,12.986785099170307],[77.619232552813,12.9867895260926],[77.6192230970523,12.986794088638666],[77.6192137091549,12.986798787549777],[77.6192043812917,12.986803632711721],[77.61919513689794,12.986808613952078],[77.61918597027818,12.986813736255014],[77.61917686108191,12.986819015343588],[77.61916781402405,12.986824456440157],[77.61915883469752,12.98683006129152],[77.61914993058959,12.986835833042203],[77.61914609286676,12.98683841663364],[77.61914110414598,12.986841775087942],[77.61913235901905,12.986847893806942],[77.61912369989582,12.986854191818157],[77.61911513131429,12.98686067519248],[77.61910666351206,12.98686734278007],[77.61909829819643,12.986874202387895],[77.61909001855469,12.986881276496957],[77.61908182410214,12.986888583624875],[77.61907373634607,12.986896118688154],[77.61906575459601,12.986903897901529],[77.61905789660385,12.98691192272431],[77.61905016950035,12.986920201213525],[77.6190425671852,12.98692876225958],[77.61903509886649,12.98693762273243],[77.61902779100467,12.986946780112612],[77.61902065446407,12.986956247539645],[77.61901370792019,12.9869660357569],[77.61900695356141,12.986976174716593],[77.61900038594841,12.986986730121382],[77.61894162932788,12.987088210134111],[77.61892971558501,12.987106008297914],[77.61891848228197,12.987118831532342],[77.61890569642229,12.987130101338458],[77.61888789011147,12.987142131021114],[77.61858047231942,12.98732235467792],[77.61857879278145,12.987323339306823],[77.61857240065063,12.987327086693035],[77.61854561904606,12.987342787406684],[77.61854242781901,12.987344657501161],[77.61843951122144,12.987405170682436],[77.61841608551514,12.987419415899208],[77.6182707001173,12.98750782503828],[77.61815075320278,12.987585727428739],[77.61811515270023,12.987608849026204],[77.61810423279836,12.987615941217271],[77.61808309233865,12.987630581605494],[77.61794113712482,12.98772888975262],[77.61778156041484,12.987846568919034],[77.61772142149856,12.987893743171465],[77.6176256453165,12.987968872057783],[77.61757531627889,12.988010831658618],[77.61747431596545,12.988095036185799],[77.61739326633578,12.988164681425815],[77.61739056205049,12.988167005194532],[77.61722906163206,12.988305781095356],[77.61722770226413,12.988306949188422],[77.61719278829666,12.988336950456086],[77.61719022062775,12.988339156831826],[77.6171862340659,12.988342581062101],[77.6171679604027,12.988359408668547],[77.61715449699115,12.988371806674854],[77.61710473467897,12.988417631127872],[77.6170974325312,12.988424355432059],[77.61708496756358,12.988435834004857],[77.61703254798435,12.988484105446286],[77.61692055758311,12.98858335380632],[77.6168057965741,12.988677504940748],[77.61668745572588,12.988767286272356],[77.61666318931424,12.98878428425206],[77.61656570793724,12.988852567379093],[77.6165126130124,12.98888683332379],[77.61644072967582,12.988933224771518],[77.61643133040985,12.988938798363845],[77.61635720296454,12.988982754579444],[77.61631157227828,12.98900981273945],[77.61620663016721,12.98906938666219],[77.61620178766144,12.989072135673705],[77.61619190439406,12.989077746242977],[77.61618775197363,12.989080718568003],[77.6161606433458,12.989094909157954],[77.61615341828518,12.989098691270172],[77.61614865478732,12.989101184824689],[77.61609648365538,12.989128494917031],[77.61606484668133,12.989145055966219],[77.61603858304997,12.989158804224878],[77.61586447202421,12.989249946357718],[77.61581754214073,12.989275221219781],[77.61566907793677,12.989355179064004],[77.61547558212978,12.98946534890237],[77.61532991764861,12.989552898319578],[77.6152855194362,12.989579583188572],[77.61473826716504,12.989917354013519],[77.61455296108038,12.990028706775616],[77.61448532042839,12.990067196015703],[77.61436498630312,12.9901356691735],[77.61319294566307,12.990784288800656],[77.61280128558391,12.991001037611218],[77.6126964270541,12.991055387576331],[77.61259041585927,12.991103208594582],[77.61248188583755,12.991145229403502],[77.61237116545566,12.991181324071562],[77.61225674217259,12.991211877382048],[77.61185950612531,12.991306502878528],[77.61173694617642,12.991335697852293],[77.61160443373518,12.991370522479265],[77.61147218250558,12.99141191165884],[77.61134206878079,12.991459357373815],[77.6112143788349,12.991512754860576],[77.61108939805747,12.991571984976483],[77.6109674029881,12.991636915293391],[77.61084866321802,12.991707401601541],[77.6107347945289,12.991782396962783],[77.61025438073246,12.992115159415942],[77.61024331479113,12.992122824328638],[77.61016187301644,12.99218023788566],[77.60999222403142,12.992299834391181],[77.60974371124532,12.992481255948046],[77.60949876859146,12.992666365278376],[77.60930131022384,12.992818174560366],[77.60890769135723,12.993099518369073],[77.60883730201564,12.993146143172856],[77.60876584877893,12.993186498474929],[77.60869164697074,12.99322173798225],[77.60861507668238,12.993251683240613],[77.60853652835729,12.993276180957464],[77.60845640056655,12.993295109772104],[77.60837510405453,12.993308373519413],[77.60829305253839,12.993315904528906],[77.6082258505584,12.993317340164719],[77.60820864075055,12.993317707817619],[77.60820474966798,12.993317790570707],[77.60819825545978,12.993317924844623],[77.60819171473489,12.993318060080119],[77.60816636645443,12.99331858417966],[77.60806199962816,12.993320742061337],[77.60774651522503,12.993327264996852],[77.60766809613844,12.99333064422945],[77.6076115559409,12.99333308065745],[77.60747542453329,12.993345070831738],[77.60733999582384,12.993363143193891],[77.60720555142288,12.993387257843612],[77.60707237060711,12.993417367195782],[77.60694073377688,12.993453405478153],[77.60681091585798,12.993495298481726],[77.6066846669865,12.993542404183659],[77.6066676382449,12.993549198373964],[77.60656194240633,12.993591369290662],[77.60456523493453,12.99438802302187],[77.60438129021904,12.994459356416545],[77.60423224301547,12.994517156625534],[77.60389736749204,12.994639616464394],[77.60357202229909,12.99475150431414],[77.6035601042343,12.994755602996625],[77.60322058348059,12.994865069216642],[77.6028789353627,12.99496797534304],[77.60253529139098,12.995064280542925],[77.60218978653128,12.995153947610705],[77.60184188855007,12.995237099772014],[77.60079435654991,12.995476809479062],[77.60072908284931,12.995488691710857],[77.600666150118,12.995494393378054],[77.60060295050133,12.99549443762966],[77.60054000975627,12.995488823690348],[77.60047784772864,12.995477597797269],[77.60041697962662,12.995460851132973],[77.6003549479747,12.995437610775594],[77.60034650612471,12.995434006313255],[77.6002715283434,12.995401992645098],[77.60024372600172,12.995390121729137],[77.60015008518258,12.995352130370302],[77.60011203159708,12.995336691511188],[77.60010145349764,12.995332839663337],[77.60009969831701,12.99533211123821],[77.59974589243163,12.995179315458184],[77.59968679047074,12.995155923266385],[77.59962456154516,12.995135379733151],[77.59956254471425,12.995118819380783],[77.59906117140031,12.995005276231016],[77.59883557298896,12.994950809500361],[77.59866885471244,12.994905514033784],[77.59861263846253,12.994890240715804],[77.5985563290019,12.994873210482126],[77.59839158071111,12.994823384008424],[77.59817258141977,12.99475029608342],[77.59795488511791,12.994670692931463],[77.59782307382358,12.994620357113826],[77.59772094796213,12.994585369182811],[77.59761419288094,12.994556890047848],[77.59750565193522,12.994535852865607],[77.59736576678908,12.994518667828023],[77.59723992001382,12.994566743523265],[77.59723128050769,12.994566975893946],[77.5971590326248,12.994568919093911],[77.59704944928752,12.994579693441933],[77.59694095327241,12.994598222996508],[77.59683411641807,12.994624410568422],[77.59672950266099,12.994658115940014],[77.5966451611542,12.994692108740697],[77.59662766097898,12.994699161969763],[77.59652913023689,12.994747329229035],[77.59643442551149,12.994802362903222],[77.5963440454812,12.994863974235022],[77.59625846501768,12.994931834223745],[77.59617813174223,12.995005587428137],[77.59614100919786,12.995044992815675],[77.59614418290671,12.995021179884745],[77.59619318973334,12.99465347249864],[77.59620339514609,12.994576899378222],[77.59621323496143,12.994475650828095],[77.59621590028821,12.994371635782501],[77.59621115283434,12.9942676931616],[77.59619901380107,12.994164325815841],[77.59617954352282,12.99406203959761],[77.59615283448426,12.993961331175527],[77.59611901797899,12.993862690670637],[77.5960782554692,12.993766599975421],[77.59606484501217,12.99374032806051],[77.59603074600312,12.993673525991799],[77.59597671871816,12.99358392353458],[77.59591643617543,12.993498230932762],[77.59585169253076,12.993418710402745],[77.59581691957695,12.99337893415791],[77.59545571759797,12.992965760792021],[77.59539343155942,12.992894512754333],[77.59492702221954,12.992360994312827],[77.59490763657935,12.992338819378435],[77.59488553926423,12.992313542600877],[77.59450997502269,12.991883940464742],[77.5942620931021,12.99209233094319],[77.59442550193616,12.99227925169205],[77.59474139857613,12.992640600799376],[77.59477988309031,12.992684622618581],[77.5948934597928,12.992814541189558],[77.59506947531926,12.993015882531436],[77.59516616868851,12.99312648852793],[77.59537884418437,12.99336976462165],[77.59541786797436,12.993414403310034],[77.5955308664984,12.99354366051209],[77.5955995448813,12.993622220614274],[77.59565308220297,12.993687977498285],[77.59570044619309,12.99375530667656],[77.59570394101245,12.993761102686705],[77.59574290610232,12.99382572464236],[77.59578025230526,12.9938988871879],[77.59581230112484,12.99397443815057],[77.59583889408039,12.994052006267959],[77.5958599001899,12.994131213504035],[77.59587521578062,12.994211671218658],[77.59588476463898,12.994292983934688],[77.59588849922889,12.994374754876969],[77.5958864026396,12.994456582306722],[77.59588520224375,12.994468934480144],[77.59587825760815,12.994540395363904],[77.59580710698349,12.9950742494373],[77.5957590132306,12.995435104255906],[77.5956988907224,12.99588621267603],[77.59562534372893,12.996438047071994],[77.59560927681952,12.996558599564022],[77.59556038714088,12.99692542633593],[77.5955353865696,12.997088876099799],[77.59550433566335,12.997250033744045],[77.59546708860755,12.997409922865407],[77.59546041068464,12.99743429983027],[77.59542188576688,12.997574930472203],[77.59539470474242,12.99770773029332],[77.59534349730536,12.997957917546023],[77.59533185739122,12.998014786704346],[77.59533125316321,12.99801773756632],[77.59531758172717,12.998061432328626],[77.59526850649182,12.998218283424931],[77.59525457146115,12.998262821670592],[77.59523344145273,12.998330356037483],[77.59522681557462,12.998351533240855],[77.59517897055467,12.998504452402985],[77.59512891636692,12.998664432363723],[77.59506597019235,12.998865616860314],[77.59503481401056,12.998965196235233],[77.59498936591154,12.999110454512978],[77.5949436895768,12.999256442262926],[77.59487994324303,12.999460184176757],[77.59486477462599,12.999508665130113],[77.59479834504847,12.999720983054269],[77.59476441863207,12.999829416474228],[77.59469305755826,13.000057496127733],[77.59467240082147,13.000123517855233],[77.59454073749673,13.000544331667479],[77.59453839430122,13.00055182083708],[77.59444994715527,13.000834509890726],[77.59444399415258,13.000853536493311],[77.59435842795992,13.001127017630319],[77.59434363815869,13.001174287837367],[77.59426638784933,13.001421190285473],[77.59424655787957,13.001484569553233],[77.59417612170343,13.001709693108841],[77.59414084162475,13.001822453016695],[77.59409136850037,13.00198057582083],[77.59405894875113,13.002084193728573],[77.59405193064549,13.0021066245448],[77.5939746735391,13.002353548715996],[77.5939716870106,13.002363094065888],[77.59394280976721,13.002455389645439],[77.59386205804228,13.002713483091709],[77.59383113766707,13.002812308797063],[77.59374812580512,13.003077625946853],[77.59372006115144,13.003167324379644],[77.59364536761859,13.003406055023298],[77.59363757269344,13.003430968659558],[77.59355852772131,13.003683607092094],[77.59353900345296,13.003746009297503],[77.59344827796764,13.004035980231992],[77.59343269879314,13.004085773383176],[77.59342862189311,13.004099178641438],[77.59336997970004,13.00429200008081],[77.59336757860574,13.004299895120589],[77.5933489814685,13.004361044381234],[77.59326954589477,13.00463808069014],[77.5932516559305,13.004704463689677],[77.59323567082754,13.004763778457283],[77.59319470210787,13.004915798129094],[77.59317929551312,13.004974842513992],[77.59315363684273,13.005073177053136],[77.59311915244975,13.005205335378122],[77.59311463833997,13.005221515585388],[77.59308572286852,13.005325159125702],[77.59307652883656,13.005358113872019],[77.59307255987623,13.005372340065751],[77.59302069108193,13.005536680086395],[77.59299822926711,13.00560031070324],[77.59298988540547,13.005623947487061],[77.5929633049782,13.005699245453265],[77.59290046456016,13.005859857419216],[77.59288431081703,13.005897381335789],[77.59283223915534,13.006018339844037],[77.5927587024707,13.006174520437655],[77.5927429453528,13.006205269467465],[77.59272577755033,13.006238771359524],[77.59267993638973,13.00632822751602],[77.59260219928068,13.006468180394592],[77.59259602761736,13.00647929145931],[77.59257827574748,13.006508875643894],[77.59250649084582,13.006628507985907],[77.5924384549125,13.006737716611461],[77.5923978022208,13.006802970725529],[77.59229693613634,13.006964877028702],[77.59221457986207,13.007097072106468],[77.59218632042419,13.007142433053538],[77.59207371620587,13.007323180950761],[77.59207232485538,13.007325414292293],[77.59191651197898,13.00751241886852],[77.59190269921935,13.007528996762108],[77.59187698453901,13.007559859184642],[77.59184592651842,13.007597134614889],[77.59183653526495,13.007608583380907],[77.59180695745722,13.007656060215274],[77.59176905908106,13.00771689281403],[77.59172295671553,13.007790894051354],[77.59165936214806,13.007892972905825],[77.5916307519844,13.007938896525248],[77.59162067172333,13.007955076861467],[77.59159538590484,13.007995664406925],[77.59145811938147,13.008212681315047],[77.59144365260622,13.008235553132035],[77.59139989822769,13.008304728337388],[77.59127974261192,13.008489072256703],[77.59126592855695,13.008510265914259],[77.59122801604025,13.008568431668108],[77.59121300962106,13.008591454662781],[77.59121176987654,13.008593356691245],[77.59120041093412,13.008610783691193],[77.59118420956897,13.00863491373597],[77.59118361650634,13.008635797033783],[77.59117228370945,13.008652675913517],[77.59110098334983,13.008758869487302],[77.59100117899376,13.008907516440987],[77.59099646055884,13.008914543999563],[77.59090546291985,13.00904809641865],[77.59079313467103,13.009212954644997],[77.59077903704942,13.009233644978092],[77.59075665357636,13.009266496016698],[77.59075497474583,13.009268959947292],[77.59075143057471,13.0092741615399],[77.59073617333146,13.009296553788397],[77.59072491482314,13.009313077305153],[77.59072186504388,13.009317553304943],[77.59069226513283,13.009360995527974],[77.59069099809652,13.009362855089625],[77.59067978129781,13.009379317391321],[77.5906413870499,13.009435666597405],[77.59062621760546,13.00945792998832],[77.59061066386948,13.009480757383137],[77.59056032215875,13.009554641247671],[77.59057926732673,13.009616268368273],[77.59053832187492,13.009676361319691],[77.59049726685724,13.009736615073392],[77.590419124627,13.009851299293535],[77.59040991569961,13.009864814631738],[77.59037573558412,13.009914978543158],[77.59022846091298,13.010131123907867],[77.59017546013584,13.010208909668613],[77.59010852426385,13.010307147052849],[77.59010408015429,13.010313669381047],[77.59008881557978,13.010336072194624],[77.58993144056898,13.01056704116465],[77.5898038473475,13.010754301357933],[77.58976542046389,13.01081069797204],[77.58969646482576,13.01091189963441],[77.58966619751044,13.010956320985898],[77.58959592546475,13.011059454653456],[77.58953000914288,13.01115619571093],[77.58951634332699,13.011176252131703],[77.58942124030176,13.011315828597477],[77.58939706335583,13.011351311513442],[77.58933804839647,13.01143792389445],[77.58930550136252,13.011485691039248],[77.58922499874481,13.011603839445453],[77.58917267680758,13.01168062891719],[77.58902517219566,13.011897111751056],[77.58901888009862,13.011906172955046],[77.58895443117352,13.011998985390038],[77.58893890892571,13.01202133886772],[77.58886326532993,13.01213027266753],[77.58871916608503,13.012330154860308],[77.58869720957077,13.01236061106567],[77.58868288803755,13.01238011135659],[77.58849440279468,13.012636754064692],[77.58848856163723,13.012644707421543],[77.58848393259589,13.012651010353835],[77.58838722836467,13.012777183723644],[77.5882862530285,13.012898325332264],[77.58827851386805,13.01290687467354],[77.58820330476449,13.012989957106777],[77.5881803341224,13.013015332450127],[77.58808456244857,13.013112826170394],[77.58806964688672,13.013128009925008],[77.58795437573416,13.013236172807206],[77.58793918094631,13.01324931094669],[77.58792454406044,13.013261966697138],[77.58783471239295,13.013339639447766],[77.58782362145615,13.013348468767205],[77.5877240645774,13.0134277244249],[77.58771085404166,13.013438241123419],[77.58758300784623,13.013531813375634],[77.5875241903943,13.013571310908313],[77.58745138525254,13.013620201558599],[77.58742201237698,13.013638248716653],[77.58731620505091,13.013703258406425],[77.58730024618538,13.01371219789227],[77.58728437507104,13.013721088223624],[77.58726629116978,13.013731218065114],[77.58726349165346,13.013732786236453],[77.58724902473858,13.013738318908494],[77.58714822732759,13.013776867487966],[77.58713787637495,13.013780826066933],[77.58709375711217,13.013795851455603],[77.58700093626082,13.013827462803661],[77.58687457280833,13.013865342763156],[77.58685287223503,13.013871888996631],[77.58670171765536,13.013932935186407],[77.58655682235137,13.013984909785727],[77.58642990260533,13.01402486940684],[77.58640992444238,13.014031159364443],[77.58626126076217,13.01407160960298],[77.58611106729673,13.01410619724732],[77.58603542259459,13.014120513398169],[77.5859595852203,13.014134866013185],[77.5858287144698,13.014154346910622],[77.585807055183,13.014157571025665],[77.58565372331553,13.01417427588678],[77.58549844397426,13.014185050227532],[77.58527148391498,13.014196329893238],[77.58468749400735,13.014225353550769],[77.5844853054701,13.014245523484917],[77.5844789719565,13.014235637966848],[77.58444777268424,13.014184616274543],[77.58440446431639,13.014130093792506],[77.58435470613647,13.014081097662299],[77.58429922293655,13.014038357098277],[77.58423883090889,13.014002512337816],[77.58417442351006,13.013974103692814],[77.58415065127221,13.013966863721391],[77.58410695397957,13.01395355545984],[77.58403742076942,13.013941180376957],[77.58396695364219,13.013937171371463],[77.58389782609892,13.013941401019268],[77.58382979798394,13.013953631735738],[77.58376374957986,13.013973688190474],[77.58370061906855,13.014001281542791],[77.58364130034566,13.014036012936018],[77.5835866330247,13.01407738492257],[77.58353738888749,13.01412480124136],[77.5834942558541,13.014177586089195],[77.58345783577353,13.014234991147896],[77.58343273139737,13.01428762040603],[77.5834220751038,13.014308738184383],[77.58341374181073,13.014320125748176],[77.58340368329758,13.01432999032392],[77.58339218160526,13.014338084948866],[77.58337954727371,13.014344217142813],[77.58336611227537,13.01434824450524],[77.58334657721842,13.014350822246037],[77.58324018659033,13.014356284761432],[77.583155699222,13.014360713441537],[77.58214985265685,13.014413438161485],[77.58134254993783,13.014455755559556],[77.58005309985344,13.014523346280438],[77.5797466237823,13.014536874314507],[77.57944054449894,13.014545327598135],[77.57913377825577,13.014548735779552],[77.57881360835339,13.014549650469574],[77.57874168411017,13.014549855949166],[77.57866355262253,13.014550079162214],[77.57864642064268,13.014550128106336],[77.5782454898904,13.01455127352113],[77.57790502167043,13.014555303497321],[77.5778743442676,13.014555942139863],[77.5765323657947,13.014583879467311],[77.57611778159566,13.01458943704365],[77.57570368476604,13.014588852435121],[77.57528964468172,13.014582134436973],[77.57487575485797,13.01456928211899],[77.57446210949854,13.014550299921781],[77.57404827975041,13.01452515953411],[77.57317126835248,13.014465353224697],[77.57302904564669,13.01445565458777],[77.57196164883834,13.014382865267052],[77.57177507432891,13.014350840308552],[77.5714801859905,13.014300223603712],[77.5713163099979,13.014289047003487],[77.57123372857197,13.014283414820463],[77.57091859343673,13.01426192210848],[77.56996025866695,13.014196559831447],[77.56954898354543,13.014168509217825],[77.5694488265317,13.014161411624745],[77.56915979742878,13.014149335747106],[77.56894065906752,13.014173324877987]]]}}]}