{"type":"FeatureCollection","features":[{"type":"Feature","geometry":{"type":"Point","coordinates":[77.620484,12.987485]},"properties":{"species":"Cassia Moschata Kunth","ward":"79","tree_id":"GN8035OC2DSE001","band_m":5}},{"type":"Feature","geometry":{"type":"Point","coordinates":[77.619904,12.986819]},"properties":{"species":"Millingtonia Hortensis L.F","ward":"90","tree_id":"GN8035OB2FWO001","band_m":15}},{"type":"Feature","geometry":{"type":"Point","coordinates":[77.619977,12.986919]},"properties":{"species":"Millingtonia Hortensis L.F","ward":"90","tree_id":"GN8035OB2KOK001","band_m":15}},{"type":"Feature","geometry":{"type":"Point","coordinates":[77.620002,12.986948]},"properties":{"species":"Millingtonia Hortensis L.F","ward":"90","tree_id":"GN8035OB2LPF001","band_m":15}},{"type":"Feature","geometry":{"type":"Point","coordinates":[77.619985,12.986974]},"properties":{"species":"Millingtonia Hortensis L.F","ward":"90","tree_id":"GN8035OB2KYD001","band_m":15}},{"type":"Feature","geometry":{"type":"Point","coordinates":[77.620002,12.986991]},"properties":{"species":"Millingtonia Hortensis L.F","ward":"90","tree_id":"GN8035OB2LUJ001","band_m":15}},{"type":"Feature","geometry":{"type":"Point","coordinates":[77.62002,12.98699]},"properties":{"species":"Millingtonia Hortensis L.F","ward":"90","tree_id":"GN8035OB2LUL001","band_m":15}},{"type":"Feature","geometry":{"type":"Point","coordinates":[77.619991,12.986943]},"properties":{"species":"Millingtonia Hortensis L.F","ward":"90","tree_id":"GN8035OB2KTD001","band_m":15}},{"type":"Feature","geometry":{"type":"Point","coordinates":[77.620023,12.986969]},"properties":{"species":"Millingtonia Hortensis L.F","ward":"90","tree_id":"GN8035OB2LPP001","band_m":15}},{"type":"Feature","geometry":{"type":"Point","coordinates":[77.620081,12.987045]},"properties":{"species":"Alstonia Macrophylla Wall. Ex Dc.","ward":"90","tree_id":"GN8035OB2QHB001","band_m":15}},{"type":"Feature","geometry":{"type":"Point","coordinates":[77.620058,12.987039]},"properties":{"species":"Markhamia Lutea (Benth.) K.Schum","ward":"90","tree_id":"GN8035OB2QBP001","band_m":15}},{"type":"Feature","geometry":{"type":"Point","coordinates":[77.62011,12.987102]},"properties":{"species":"Markhamia Lutea (Benth.) K.Schum","ward":"90","tree_id":"GN8035OB2QNI001","band_m":10}},{"type":"Feature","geometry":{"type":"Point","coordinates":[77.620054,12.987133]},"properties":{"species":"Markhamia Lutea (Benth.) K.Schum","ward":"90","tree_id":"GN8035OB2QQK001","band_m":5}},{"type":"Feature","geometry":{"type":"Point","coordinates":[77.620115,12.987154]},"properties":{"species":"Markhamia Lutea (Benth.) K.Schum","ward":"90","tree_id":"GN8035OB2QXB001","band_m":5}},{"type":"Feature","geometry":{"type":"Point","coordinates":[77.620109,12.987142]},"properties":{"species":"Swietenia Mahagoni (L.) Jacq.","ward":"90","tree_id":"GN8035OB2QSM001","band_m":5}},{"type":"Feature","geometry":{"type":"Point","coordinates":[77.62015,12.987165]},"properties":{"species":"Samanea Saman (Jacq.) Merr.","ward":"90","tree_id":"GN8035OB2QYE001","band_m":5}},{"type":"Feature","geometry":{"type":"Point","coordinates":[77.620504,12.987282]},"properties":{"species":"Syzygium Cumini (L.) Skeels","ward":"90","tree_id":"GN8035OB2XNP001","band_m":5}},{"type":"Feature","geometry":{"type":"Point","coordinates":[77.620726,12.987322]},"properties":{"species":"Markhamia Lutea (Benth.) K.Schum","ward":"90","tree_id":"GN8035OB2YTP001","band_m":5}},{"type":"Feature","geometry":{"type":"Point","coordinates":[77.620751,12.987253]},"properties":{"species":"Tabebuia Rosea (Bertol) Dc.","ward":"90","tree_id":"GN8035OB3UKC001","band_m":10}},{"type":"Feature","geometry":{"type":"Point","coordinates":[77.620745,12.9873]},"properties":{"species":"Millingtonia Hortensis L.F","ward":"90","tree_id":"GN8035OB3UPF001","band_m":5}},{"type":"Feature","geometry":{"type":"Point","coordinates":[77.620767,12.987327]},"properties":{"species":"Millingtonia Hortensis L.F","ward":"90","tree_id":"GN8035OB3UUD001","band_m":5}},{"type":"Feature","geometry":{"type":"Point","coordinates":[77.621061,12.987379]},"properties":{"species":"Samanea Saman (Jacq.) Merr.","ward":"90","tree_id":"GN8035OC3BDL001","band_m":5}},{"type":"Feature","geometry":{"type":"Point","coordinates":[77.621168,12.987388]},"properties":{"species":"Samanea Saman (Jacq.) Merr.","ward":"90","tree_id":"GN8035OC3CBP001","band_m":5}},{"type":"Feature","geometry":{"type":"Point","coordinates":[77.62148,12.987412]},"properties":{"species":"Samanea Saman (Jacq.) Merr.","ward":"90","tree_id":"GN8035OC3EFI001","band_m":5}},{"type":"Feature","geometry":{"type":"Point","coordinates":[77.622317,12.987192]},"properties":{"species":"Samanea Saman (Jacq.) Merr.","ward":"90","tree_id":"GN8035OB4XDM001","band_m":15}},{"type":"Feature","geometry":{"type":"Point","coordinates":[77.622394,12.987124]},"properties":{"species":"Millingtonia Hortensis L.F","ward":"90","tree_id":"GN8035OB4TPM001","band_m":5}},{"type":"Feature","geometry":{"type":"Point","coordinates":[77.622421,12.987006]},"properties":{"species":"Millingtonia Hortensis L.F","ward":"90","tree_id":"GN8035OB4TAL001","band_m":5}},{"type":"Feature","geometry":{"type":"Point","coordinates":[77.622424,12.986986]},"properties":{"species":"Millingtonia Hortensis L.F","ward":"90","tree_id":"GN8035OB4TBA001","band_m":5}},{"type":"Feature","geometry":{"type":"Point","coordinates":[77.622368,12.987024]},"properties":{"species":"Millingtonia Hortensis L.F","ward":"90","tree_id":"GN8035OB4SJB001","band_m":10}},{"type":"Feature","geometry":{"type":"Point","coordinates":[77.62239,12.986993]},"properties":{"species":"Millingtonia Hortensis L.F","ward":"90","tree_id":"GN8035OB4TAE001","band_m":10}},{"type":"Feature","geometry":{"type":"Point","coordinates":[77.622401,12.986971]},"properties":{"species":"Millingtonia Hortensis L.F","ward":"90","tree_id":"GN8035OB4OUJ001","band_m":5}},{"type":"Feature","geometry":{"type":"Point","coordinates":[77.622417,12.986951]},"properties":{"species":"Millingtonia Hortensis L.F","ward":"90","tree_id":"GN8035OB4OUD001","band_m":5}},{"type":"Feature","geometry":{"type":"Point","coordinates":[77.6224,12.986955]},"properties":{"species":"Millingtonia Hortensis L.F","ward":"90","tree_id":"GN8035OB4OUB001","band_m":5}},{"type":"Feature","geometry":{"type":"Point","coordinates":[77.622382,12.98699]},"properties":{"species":"Millingtonia Hortensis L.F","ward":"90","tree_id":"GN8035OB4SED001","band_m":10}},{"type":"Feature","geometry":{"type":"Point","coordinates":[77.622426,12.98695]},"properties":{"species":"Millingtonia Hortensis L.F","ward":"90","tree_id":"GN8035OB4OVA001","band_m":5}},{"type":"Feature","geometry":{"type":"Point","coordinates":[77.622429,12.986936]},"properties":{"species":"Millingtonia Hortensis L.F","ward":"90","tree_id":"GN8035OB4OQI001","band_m":5}},{"type":"Feature","geometry":{"type":"Point","coordinates":[77.622416,12.986809]},"properties":{"species":"Peltophorum Pterocarpum (Dc.) Back. Ex K. Heyne","ward":"90","tree_id":"GN8035OB4OAD001","band_m":5}},{"type":"Feature","geometry":{"type":"Point","coordinates":[77.622364,12.986824]},"properties":{"species":"Delonix Regia (Bojer Ex Hook.) Raf.","ward":"90","tree_id":"GN8035OB4NEJ001","band_m":10}},{"type":"Feature","geometry":{"type":"Point","coordinates":[77.622338,12.987019]},"properties":{"species":"Others","ward":"90","tree_id":"GN8035OB4SDO001","band_m":15}},{"type":"Feature","geometry":{"type":"Point","coordinates":[77.622321,12.987078]},"properties":{"species":"Markhamia Lutea (Benth.) K.Schum","ward":"90","tree_id":"GN8035OB4SNI001","band_m":15}},{"type":"Feature","geometry":{"type":"Point","coordinates":[77.622389,12.987099]},"properties":{"species":"Spathodea Campanulata P. Beauv","ward":"90","tree_id":"GN8035OB4TPA001","band_m":10}},{"type":"Feature","geometry":{"type":"Point","coordinates":[77.622309,12.987071]},"properties":{"species":"Spathodea Campanulata P. Beauv","ward":"90","tree_id":"GN8035OB4SMH001","band_m":15}},{"type":"Feature","geometry":{"type":"Point","coordinates":[77.622349,12.987054]},"properties":{"species":"Spathodea Campanulata P. Beauv","ward":"90","tree_id":"GN8035OB4SIP001","band_m":15}},{"type":"Feature","geometry":{"type":"Point","coordinates":[77.62241,12.987013]},"properties":{"species":"Spathodea Campanulata P. Beauv","ward":"90","tree_id":"GN8035OB4TAO001","band_m":5}},{"type":"Feature","geometry":{"type":"Point","coordinates":[77.622396,12.986986]},"properties":{"species":"Thespesia Populnea","ward":"90","tree_id":"GN8035OB4TAA001","band_m":5}},{"type":"Feature","geometry":{"type":"Point","coordinates":[77.622321,12.986936]},"properties":{"species":"Leucaena Latisiliqua (L.) Gillis","ward":"90","tree_id":"GN8035OB4NSI001","band_m":15}},{"type":"Feature","geometry":{"type":"Point","coordinates":[77.622343,12.986917]},"properties":{"species":"Gmelina Arborea Roxb.","ward":"90","tree_id":"GN8035OB4NSD001","band_m":15}},{"type":"Feature","geometry":{"type":"Point","coordinates":[77.622338,12.987002]},"properties":{"species":"Spathodea Campanulata P. Beauv","ward":"90","tree_id":"GN8035OB4SDK001","band_m":15}},{"type":"Feature","geometry":{"type":"Point","coordinates":[77.622221,12.987317]},"properties":{"species":"Leucaena Latisiliqua (L.) Gillis","ward":"90","tree_id":"GN8035OB4XUB001","band_m":15}},{"type":"Feature","geometry":{"type":"Point","coordinates":[77.620861,12.98731]},"properties":{"species":"Markhamia Lutea (Benth.) K.Schum","ward":"90","tree_id":"GN8035OB3USJ001","band_m":5}},{"type":"Feature","geometry":{"type":"Point","coordinates":[77.620671,12.987287]},"properties":{"species":"Terminalia Catappa L","ward":"90","tree_id":"GN8035OB2YNN001","band_m":5}},{"type":"Feature","geometry":{"type":"Point","coordinates":[77.620548,12.987283]},"properties":{"species":"Markhamia Lutea (Benth.) K.Schum","ward":"90","tree_id":"GN8035OB2YKM001","band_m":5}},{"type":"Feature","geometry":{"type":"Point","coordinates":[77.620146,12.987141]},"properties":{"species":"Syzygium Cumini (L.) Skeels","ward":"90","tree_id":"GN8035OB2QTM001","band_m":10}},{"type":"Feature","geometry":{"type":"Point","coordinates":[77.621842,12.987444]},"properties":{"species":"Swietenia Mahagoni (L.) Jacq.","ward":"90","tree_id":"GN8035OC4BKI001","band_m":10}},{"type":"Feature","geometry":{"type":"Point","coordinates":[77.621815,12.987459]},"properties":{"species":"Samanea Saman (Jacq.) Merr.","ward":"90","tree_id":"GN8035OC4ATB001","band_m":5}},{"type":"Feature","geometry":{"type":"Point","coordinates":[77.621613,12.987423]},"properties":{"species":"Peltophorum Pterocarpum (Dc.) Back. Ex K. Heyne","ward":"90","tree_id":"GN8035OC3EIP001","band_m":5}},{"type":"Feature","geometry":{"type":"Point","coordinates":[77.621111,12.987334]},"properties":{"species":"Cocos Nucifera L.","ward":"90","tree_id":"GN8035OB3WUE001","band_m":10}},{"type":"Feature","geometry":{"type":"Point","coordinates":[77.621182,12.987377]},"properties":{"species":"Peltophorum Pterocarpum (Dc.) Back. Ex K. Heyne","ward":"90","tree_id":"GN8035OC3CCI001","band_m":5}},{"type":"Feature","geometry":{"type":"Point","coordinates":[77.621116,12.987357]},"properties":{"species":"Tabebuia Rosea (Bertol) Dc.","ward":"90","tree_id":"GN8035OC3CAB001","band_m":5}},{"type":"Feature","geometry":{"type":"Point","coordinates":[77.620944,12.987313]},"properties":{"species":"Tabebuia Rosea (Bertol) Dc.","ward":"90","tree_id":"GN8035OB3VPK001","band_m":10}},{"type":"Feature","geometry":{"type":"Point","coordinates":[77.620795,12.987311]},"properties":{"species":"Swietenia Mahagoni (L.) Jacq.","ward":"90","tree_id":"GN8035OB3UQK001","band_m":5}},{"type":"Feature","geometry":{"type":"Point","coordinates":[77.620531,12.987262]},"properties":{"species":"Tabebuia Rosea (Bertol) Dc.","ward":"90","tree_id":"GN8035OB2XOC001","band_m":5}},{"type":"Feature","geometry":{"type":"Point","coordinates":[77.62002,12.987029]},"properties":{"species":"Alstonia Macrophylla Wall. Ex Dc.","ward":"90","tree_id":"GN8035OB2QAL001","band_m":15}},{"type":"Feature","geometry":{"type":"Point","coordinates":[77.619967,12.986907]},"properties":{"species":"Millingtonia Hortensis L.F","ward":"90","tree_id":"GN8035OB2KOB001","band_m":15}},{"type":"Feature","geometry":{"type":"Point","coordinates":[77.6196,12.986814]},"properties":{"species":"Saraca Asoca (Roxb.) De Wilde","ward":"90","tree_id":"GN8035OB1IYJ001","band_m":5}},{"type":"Feature","geometry":{"type":"Point","coordinates":[77.622327,12.984612]},"properties":{"species":"Ficus Benjamina L.","ward":"90","tree_id":"GN8035JI4XYE001","band_m":5}},{"type":"Feature","geometry":{"type":"Point","coordinates":[77.622315,12.984793]},"properties":{"species":"Ficus Benjamina L.","ward":"90","tree_id":"GN8035JJ4DXG001","band_m":10}},{"type":"Feature","geometry":{"type":"Point","coordinates":[77.62233,12.984906]},"properties":{"species":"Ficus Religiosa L.","ward":"90","tree_id":"GN8035JJ4IOI001","band_m":5}},{"type":"Feature","geometry":{"type":"Point","coordinates":[77.622339,12.98502]},"properties":{"species":"Markhamia Lutea (Benth.) K.Schum","ward":"90","tree_id":"GN8035JJ4NEJ001","band_m":5}},{"type":"Feature","geometry":{"type":"Point","coordinates":[77.622321,12.985003]},"properties":{"species":"Roystonea Regia (H.B.K) O. F. Cook","ward":"90","tree_id":"GN8035JJ4NDC001","band_m":10}},{"type":"Feature","geometry":{"type":"Point","coordinates":[77.622347,12.985113]},"properties":{"species":"Saraca Asoca (Roxb.) De Wilde","ward":"90","tree_id":"GN8035JJ4NTB001","band_m":5}},{"type":"Feature","geometry":{"type":"Point","coordinates":[77.622322,12.985112]},"properties":{"species":"Saraca Asoca (Roxb.) De Wilde","ward":"90","tree_id":"GN8035JJ4NSD001","band_m":10}},{"type":"Feature","geometry":{"type":"Point","coordinates":[77.622355,12.985248]},"properties":{"species":"Saraca Asoca (Roxb.) De Wilde","ward":"90","tree_id":"GN8035JJ4SJO001","band_m":5}},{"type":"Feature","geometry":{"type":"Point","coordinates":[77.622382,12.985313]},"properties":{"species":"Roystonea Regia (H.B.K) O. F. Cook","ward":"90","tree_id":"GN8035JJ4TPN001","band_m":5}},{"type":"Feature","geometry":{"type":"Point","coordinates":[77.622372,12.985238]},"properties":{"species":"Saraca Asoca (Roxb.) De Wilde","ward":"90","tree_id":"GN8035JJ4TFI001","band_m":5}},{"type":"Feature","geometry":{"type":"Point","coordinates":[77.622338,12.985354]},"properties":{"species":"Delonix Regia (Bojer Ex Hook.) Raf.","ward":"90","tree_id":"GN8035JJ4SYM001","band_m":10}},{"type":"Feature","geometry":{"type":"Point","coordinates":[77.62239,12.985459]},"properties":{"species":"Saraca Asoca (Roxb.) De Wilde","ward":"90","tree_id":"GN8035JJ4YKO001","band_m":5}},{"type":"Feature","geometry":{"type":"Point","coordinates":[77.622347,12.985562]},"properties":{"species":"Saraca Asoca (Roxb.) De Wilde","ward":"90","tree_id":"GN8035OA4DEJ001","band_m":10}},{"type":"Feature","geometry":{"type":"Point","coordinates":[77.622373,12.985538]},"properties":{"species":"Saraca Asoca (Roxb.) De Wilde","ward":"90","tree_id":"GN8035OA4EAA001","band_m":5}},{"type":"Feature","geometry":{"type":"Point","coordinates":[77.622316,12.985627]},"properties":{"species":"Roystonea Regia (H.B.K) O. F. Cook","ward":"90","tree_id":"GN8035OA4DNF001","band_m":10}},{"type":"Feature","geometry":{"type":"Point","coordinates":[77.622338,12.985661]},"properties":{"species":"Saraca Asoca (Roxb.) De Wilde","ward":"90","tree_id":"GN8035OA4DTE001","band_m":10}},{"type":"Feature","geometry":{"type":"Point","coordinates":[77.622367,12.985697]},"properties":{"species":"Roystonea Regia (H.B.K) O. F. Cook","ward":"90","tree_id":"GN8035OA4DYH001","band_m":5}},{"type":"Feature","geometry":{"type":"Point","coordinates":[77.622395,12.985675]},"properties":{"species":"Saraca Asoca (Roxb.) De Wilde","ward":"90","tree_id":"GN8035OA4EPO001","band_m":5}},{"type":"Feature","geometry":{"type":"Point","coordinates":[77.622387,12.985784]},"properties":{"species":"Saraca Asoca (Roxb.) De Wilde","ward":"90","tree_id":"GN8035OA4JFN001","band_m":5}},{"type":"Feature","geometry":{"type":"Point","coordinates":[77.62236,12.985804]},"properties":{"species":"Roystonea Regia (H.B.K) O. F. Cook","ward":"90","tree_id":"GN8035OA4IOG001","band_m":5}},{"type":"Feature","geometry":{"type":"Point","coordinates":[77.622399,12.98586]},"properties":{"species":"Saraca Asoca (Roxb.) De Wilde","ward":"90","tree_id":"GN8035OA4JPO001","band_m":5}},{"type":"Feature","geometry":{"type":"Point","coordinates":[77.622365,12.985906]},"properties":{"species":"Roystonea Regia (H.B.K) O. F. Cook","ward":"90","tree_id":"GN8035OA4NEC001","band_m":5}},{"type":"Feature","geometry":{"type":"Point","coordinates":[77.622334,12.985838]},"properties":{"species":"Roystonea Regia (H.B.K) O. F. Cook","ward":"90","tree_id":"GN8035OA4ISH001","band_m":10}},{"type":"Feature","geometry":{"type":"Point","coordinates":[77.622328,12.986041]},"properties":{"species":"Roystonea Regia (H.B.K) O. F. Cook","ward":"90","tree_id":"GN8035OA4NSO001","band_m":10}},{"type":"Feature","geometry":{"type":"Point","coordinates":[77.622385,12.986066]},"properties":{"species":"Roystonea Regia (H.B.K) O. F. Cook","ward":"90","tree_id":"GN8035OA4OUI001","band_m":5}},{"type":"Feature","geometry":{"type":"Point","coordinates":[77.622398,12.985982]},"properties":{"species":"Roystonea Regia (H.B.K) O. F. Cook","ward":"90","tree_id":"GN8035OA4OKG001","band_m":5}},{"type":"Feature","geometry":{"type":"Point","coordinates":[77.622348,12.986007]},"properties":{"species":"Ficus Religiosa L.","ward":"90","tree_id":"GN8035OA4NOM001","band_m":10}},{"type":"Feature","geometry":{"type":"Point","coordinates":[77.622343,12.98606]},"properties":{"species":"Roystonea Regia (H.B.K) O. F. Cook","ward":"90","tree_id":"GN8035OA4NYE001","band_m":10}},{"type":"Feature","geometry":{"type":"Point","coordinates":[77.622377,12.985994]},"properties":{"species":"Saraca Asoca (Roxb.) De Wilde","ward":"90","tree_id":"GN8035OA4NOL001","band_m":5}},{"type":"Feature","geometry":{"type":"Point","coordinates":[77.622276,12.985879]},"properties":{"species":"Swietenia Mahagoni (L.) Jacq.","ward":"90","tree_id":"GN8035OA4IWF001","band_m":15}},{"type":"Feature","geometry":{"type":"Point","coordinates":[77.622366,12.98574]},"properties":{"species":"Millingtonia Hortensis L.F","ward":"90","tree_id":"GN8035OA4IEL001","band_m":5}},{"type":"Feature","geometry":{"type":"Point","coordinates":[77.622356,12.985815]},"properties":{"species":"Swietenia Mahagoni (L.) Jacq.","ward":"90","tree_id":"GN8035OA4IOJ001","band_m":10}},{"type":"Feature","geometry":{"type":"Point","coordinates":[77.622299,12.985614]},"properties":{"species":"Swietenia Mahagoni (L.) Jacq.","ward":"90","tree_id":"GN8035OA4DNA001","band_m":15}},{"type":"Feature","geometry":{"type":"Point","coordinates":[77.622343,12.985328]},"properties":{"species":"Cirtus Grandis (L.) Osbeck","ward":"90","tree_id":"GN8035JJ4SYB001","band_m":5}},{"type":"Feature","geometry":{"type":"Point","coordinates":[77.622287,12.985237]},"properties":{"species":"Syzygium Cumini (L.) Skeels","ward":"90","tree_id":"GN8035JJ4SHL001","band_m":15}},{"type":"Feature","geometry":{"type":"Point","coordinates":[77.622261,12.985079]},"properties":{"species":"Syzygium Cumini (L.) Skeels","ward":"90","tree_id":"GN8035JJ4NME001","band_m":15}},{"type":"Feature","geometry":{"type":"Point","coordinates":[77.622242,12.985026]},"properties":{"species":"Roystonea Regia (H.B.K) O. F. Cook","ward":"90","tree_id":"GN8035JJ4NBO001","band_m":15}},{"type":"Feature","geometry":{"type":"Point","coordinates":[77.622319,12.984972]},"properties":{"species":"Markhamia Lutea (Benth.) K.Schum","ward":"90","tree_id":"GN8035JJ4IXG001","band_m":10}},{"type":"Feature","geometry":{"type":"Point","coordinates":[77.622309,12.984993]},"properties":{"species":"Roystonea Regia (H.B.K) O. F. Cook","ward":"90","tree_id":"GN8035JJ4IXN001","band_m":10}},{"type":"Feature","geometry":{"type":"Point","coordinates":[77.622326,12.984771]},"properties":{"species":"Delonix Regia (Bojer Ex Hook.) Raf.","ward":"90","tree_id":"GN8035JJ4DSP001","band_m":5}},{"type":"Feature","geometry":{"type":"Point","coordinates":[77.622309,12.984737]},"properties":{"species":"Samanea Saman (Jacq.) Merr.","ward":"90","tree_id":"GN8035JJ4DNN001","band_m":10}},{"type":"Feature","geometry":{"type":"Point","coordinates":[77.622332,12.984543]},"properties":{"species":"Ficus Benjamina L.","ward":"90","tree_id":"GN8035JI4XOE001","band_m":5}},{"type":"Feature","geometry":{"type":"Point","coordinates":[77.622405,12.983788]},"properties":{"species":"Saraca Asoca (Roxb.) De Wilde","ward":"90","tree_id":"GN8035JI4EGJ001","band_m":5}},{"type":"Feature","geometry":{"type":"Point","coordinates":[77.62251,12.982997]},"properties":{"species":"Delonix Regia (Bojer Ex Hook.) Raf.","ward":"90","tree_id":"GN8035JH4EYJ001","band_m":10}},{"type":"Feature","geometry":{"type":"Point","coordinates":[77.619056,12.987129]},"properties":{"species":"Delonix Regia (Bojer Ex Hook.) Raf.","ward":"90","tree_id":"GN8035OB1PTC001","band_m":5}},{"type":"Feature","geometry":{"type":"Point","coordinates":[77.618977,12.98707]},"properties":{"species":"Markhamia Lutea (Benth.) K.Schum","ward":"90","tree_id":"GN8035OB1PHF001","band_m":15}},{"type":"Feature","geometry":{"type":"Point","coordinates":[77.61895,12.987187]},"properties":{"species":"Peltophorum Pterocarpum (Dc.) Back. Ex K. Heyne","ward":"90","tree_id":"GN8035OB1PVK001","band_m":10}},{"type":"Feature","geometry":{"type":"Point","coordinates":[77.618861,12.987268]},"properties":{"species":"Delonix Regia (Bojer Ex Hook.) Raf.","ward":"90","tree_id":"GN8035OB0YJM001","band_m":5}},{"type":"Feature","geometry":{"type":"Point","coordinates":[77.618872,12.987293]},"properties":{"species":"Delonix Regia (Bojer Ex Hook.) Raf.","ward":"90","tree_id":"GN8035OB0YOK001","band_m":5}},{"type":"Feature","geometry":{"type":"Point","coordinates":[77.618754,12.987362]},"properties":{"species":"Delonix Regia (Bojer Ex Hook.) Raf.","ward":"90","tree_id":"GN8035OB0YVF001","band_m":5}},{"type":"Feature","geometry":{"type":"Point","coordinates":[77.618135,12.987718]},"properties":{"species":"Thespesia Populnea","ward":"90","tree_id":"GN8035OC0FYB001","band_m":5}},{"type":"Feature","geometry":{"type":"Point","coordinates":[77.618039,12.987778]},"properties":{"species":"Michelia Longifolia Blume","ward":"90","tree_id":"GN8035OC0KBP001","band_m":5}},{"type":"Feature","geometry":{"type":"Point","coordinates":[77.617981,12.987823]},"properties":{"species":"Thespesia Populnea","ward":"90","tree_id":"GN8035OC0KKA001","band_m":5}},{"type":"Feature","geometry":{"type":"Point","coordinates":[77.617841,12.987894]},"properties":{"species":"Delonix Regia (Bojer Ex Hook.) Raf.","ward":"90","tree_id":"GN8035NC9OQN001","band_m":10}},{"type":"Feature","geometry":{"type":"Point","coordinates":[77.646481,12.986512]},"properties":{"species":"Swietenia Mahagoni (L.) Jacq.","ward":"79","tree_id":"GN8535MB0JSL001","band_m":15}},{"type":"Feature","geometry":{"type":"Point","coordinates":[77.646202,12.986377]},"properties":{"species":"Pongamia Pinnata (L.) Pierre","ward":"79","tree_id":"GN8535MB0DVN001","band_m":10}},{"type":"Feature","geometry":{"type":"Point","coordinates":[77.646181,12.986406]},"properties":{"species":"Tabebuia Rosea (Bertol) Dc.","ward":"79","tree_id":"GN8535MB0IAL001","band_m":15}},{"type":"Feature","geometry":{"type":"Point","coordinates":[77.646262,12.986419]},"properties":{"species":"Pongamia Pinnata (L.) Pierre","ward":"79","tree_id":"GN8535MB0IIA001","band_m":15}},{"type":"Feature","geometry":{"type":"Point","coordinates":[77.647148,12.986823]},"properties":{"species":"Swietenia Mahagoni (L.) Jacq.","ward":"79","tree_id":"GN8535MB1SLL001","band_m":15}},{"type":"Feature","geometry":{"type":"Point","coordinates":[77.647415,12.986909]},"properties":{"species":"Thespesia Populnea","ward":"79","tree_id":"GN8535MB1TYM001","band_m":15}},{"type":"Feature","geometry":{"type":"Point","coordinates":[77.647542,12.986891]},"properties":{"species":"Tabebuia Rosea (Bertol) Dc.","ward":"79","tree_id":"GN8535MB2PWK001","band_m":10}},{"type":"Feature","geometry":{"type":"Point","coordinates":[77.641322,12.984467]},"properties":{"species":"Ficus Benghalensis L.","ward":"79","tree_id":"GN8535GJ5BEK001","band_m":5}},{"type":"Feature","geometry":{"type":"Point","coordinates":[77.638926,12.983646]},"properties":{"species":"Samanea Saman (Jacq.) Merr.","ward":"79","tree_id":"GN8535GI2DOH001","band_m":10}},{"type":"Feature","geometry":{"type":"Point","coordinates":[77.638144,12.983325]},"properties":{"species":"Leucaena Latisiliqua (L.) Gillis","ward":"79","tree_id":"GN8535GH1TSC001","band_m":5}},{"type":"Feature","geometry":{"type":"Point","coordinates":[77.634681,12.982777]},"properties":{"species":"Thespesia Populnea","ward":"79","tree_id":"GN8535FH8AOD001","band_m":15}},{"type":"Feature","geometry":{"type":"Point","coordinates":[77.619649,12.987397]},"properties":{"species":"Ficus Benghalensis L.","ward":"79","tree_id":"GN8035OC1EAK001","band_m":5}},{"type":"Feature","geometry":{"type":"Point","coordinates":[77.61975,12.987395]},"properties":{"species":"Pongamia Pinnata (L.) Pierre","ward":"79","tree_id":"GN8035OC1EDJ001","band_m":5}},{"type":"Feature","geometry":{"type":"Point","coordinates":[77.619821,12.987417]},"properties":{"species":"Mangifera Indica L.","ward":"79","tree_id":"GN8035OC2AFE001","band_m":5}},{"type":"Feature","geometry":{"type":"Point","coordinates":[77.620846,12.987534]},"properties":{"species":"Samanea Saman (Jacq.) Merr.","ward":"79","tree_id":"GN8035OC3AXM001","band_m":5}},{"type":"Feature","geometry":{"type":"Point","coordinates":[77.622641,12.987237]},"properties":{"species":"Michelia Longifolia Blume","ward":"79","tree_id":"GN8035OB5ULD001","band_m":5}},{"type":"Feature","geometry":{"type":"Point","coordinates":[77.622647,12.987141]},"properties":{"species":"Annona Squamosa L","ward":"79","tree_id":"GN8035OB5PWE001","band_m":5}},{"type":"Feature","geometry":{"type":"Point","coordinates":[77.627634,12.98204]},"properties":{"species":"Pongamia Pinnata (L.) Pierre","ward":"79","tree_id":"GN8535FG0CXL001","band_m":5}},{"type":"Feature","geometry":{"type":"Point","coordinates":[77.627844,12.981988]},"properties":{"species":"Delonix Regia (Bojer Ex Hook.) Raf.","ward":"79","tree_id":"GN8535FG0DTF001","band_m":5}},{"type":"Feature","geometry":{"type":"Point","coordinates":[77.628234,12.981925]},"properties":{"species":"Swietenia Mahagoni (L.) Jacq.","ward":"79","tree_id":"GN8535FG1BFI001","band_m":5}},{"type":"Feature","geometry":{"type":"Point","coordinates":[77.629311,12.981714]},"properties":{"species":"Tabebuia Rosea (Bertol) Dc.","ward":"79","tree_id":"GN8535FF2VJB001","band_m":5}},{"type":"Feature","geometry":{"type":"Point","coordinates":[77.630749,12.981708]},"properties":{"species":"Pongamia Pinnata (L.) Pierre","ward":"79","tree_id":"GN8535FF3YIF001","band_m":5}},{"type":"Feature","geometry":{"type":"Point","coordinates":[77.630994,12.981712]},"properties":{"species":"Samanea Saman (Jacq.) Merr.","ward":"79","tree_id":"GN8535FF4VFI001","band_m":5}},{"type":"Feature","geometry":{"type":"Point","coordinates":[77.624606,12.981685]},"properties":{"species":"Mangifera Indica L.","ward":"80","tree_id":"GN8035JF7QVC001","band_m":15}},{"type":"Feature","geometry":{"type":"Point","coordinates":[77.626124,12.981799]},"properties":{"species":"Ficus Religiosa L.","ward":"80","tree_id":"GN8035JF8YML001","band_m":15}},{"type":"Feature","geometry":{"type":"Point","coordinates":[77.626036,12.981906]},"properties":{"species":"Thespesia Populnea","ward":"80","tree_id":"GN8035JG8EAJ001","band_m":5}},{"type":"Feature","geometry":{"type":"Point","coordinates":[77.626208,12.981858]},"properties":{"species":"Swietenia Mahagoni (L.) Jacq.","ward":"80","tree_id":"GN8035JF9UUE001","band_m":10}},{"type":"Feature","geometry":{"type":"Point","coordinates":[77.626133,12.981883]},"properties":{"species":"Swietenia Mahagoni (L.) Jacq.","ward":"80","tree_id":"GN8035JF8YXM001","band_m":10}},{"type":"Feature","geometry":{"type":"Point","coordinates":[77.626199,12.981898]},"properties":{"species":"Ficus Religiosa L.","ward":"80","tree_id":"GN8035JG8EEH001","band_m":5}},{"type":"Feature","geometry":{"type":"Point","coordinates":[77.626126,12.981889]},"properties":{"species":"Annona Squamosa L","ward":"80","tree_id":"GN8035JG8ECD001","band_m":5}},{"type":"Feature","geometry":{"type":"Point","coordinates":[77.626096,12.981822]},"properties":{"species":"Pongamia Pinnata (L.) Pierre","ward":"80","tree_id":"GN8035JF8YRA001","band_m":15}},{"type":"Feature","geometry":{"type":"Point","coordinates":[77.631441,12.98157]},"properties":{"species":"Peltophorum Pterocarpum (Dc.) Back. Ex K. Heyne","ward":"80","tree_id":"GN8535FF4SMI001","band_m":10}},{"type":"Feature","geometry":{"type":"Point","coordinates":[77.632046,12.981784]},"properties":{"species":"Samanea Saman (Jacq.) Merr.","ward":"80","tree_id":"GN8535FF5VSO001","band_m":15}},{"type":"Feature","geometry":{"type":"Point","coordinates":[77.632691,12.982153]},"properties":{"species":"Others","ward":"80","tree_id":"GN8535FG6FUD001","band_m":5}},{"type":"Feature","geometry":{"type":"Point","coordinates":[77.633052,12.982231]},"properties":{"species":"Tabebuia Rosea (Bertol) Dc.","ward":"80","tree_id":"GN8535FG6MFH001","band_m":5}},{"type":"Feature","geometry":{"type":"Point","coordinates":[77.634971,12.98235]},"properties":{"species":"Ficus Religiosa L.","ward":"80","tree_id":"GN8535FG8RCH001","band_m":10}},{"type":"Feature","geometry":{"type":"Point","coordinates":[77.633897,12.982247]},"properties":{"species":"Swietenia Mahagoni (L.) Jacq.","ward":"80","tree_id":"GN8535FG7LNC001","band_m":10}},{"type":"Feature","geometry":{"type":"Point","coordinates":[77.634028,12.982279]},"properties":{"species":"Samanea Saman (Jacq.) Merr.","ward":"80","tree_id":"GN8535FG7MRA001","band_m":5}},{"type":"Feature","geometry":{"type":"Point","coordinates":[77.634064,12.982277]},"properties":{"species":"Ficus Religiosa L.","ward":"80","tree_id":"GN8535FG7MSA001","band_m":5}},{"type":"Feature","geometry":{"type":"Point","coordinates":[77.634088,12.982273]},"properties":{"species":"Thespesia Populnea","ward":"80","tree_id":"GN8535FG7MNP001","band_m":10}},{"type":"Feature","geometry":{"type":"Point","coordinates":[77.634276,12.982313]},"properties":{"species":"Thespesia Populnea","ward":"80","tree_id":"GN8535FG7NXD001","band_m":5}},{"type":"Feature","geometry":{"type":"Point","coordinates":[77.63428,12.982293]},"properties":{"species":"Eugenia Uniflora L","ward":"80","tree_id":"GN8535FG7NTI001","band_m":10}},{"type":"Feature","geometry":{"type":"Point","coordinates":[77.634424,12.982302]},"properties":{"species":"Swietenia Mahagoni (L.) Jacq.","ward":"80","tree_id":"GN8535FG7ORP001","band_m":10}},{"type":"Feature","geometry":{"type":"Point","coordinates":[77.634607,12.982378]},"properties":{"species":"Peltophorum Pterocarpum (Dc.) Back. Ex K. Heyne","ward":"80","tree_id":"GN8535FG8PCP001","band_m":5}},{"type":"Feature","geometry":{"type":"Point","coordinates":[77.634708,12.982274]},"properties":{"species":"Thespesia Populnea","ward":"80","tree_id":"GN8535FG8LPC001","band_m":15}},{"type":"Feature","geometry":{"type":"Point","coordinates":[77.637038,12.982641]},"properties":{"species":"Samanea Saman (Jacq.) Merr.","ward":"80","tree_id":"GN8535GG0XSP001","band_m":10}},{"type":"Feature","geometry":{"type":"Point","coordinates":[77.637081,12.98265]},"properties":{"species":"Thespesia Populnea","ward":"80","tree_id":"GN8535GG0XYD001","band_m":10}},{"type":"Feature","geometry":{"type":"Point","coordinates":[77.637146,12.982638]},"properties":{"species":"Markhamia Lutea (Benth.) K.Schum","ward":"80","tree_id":"GN8535GG0YQO001","band_m":15}},{"type":"Feature","geometry":{"type":"Point","coordinates":[77.63731,12.982691]},"properties":{"species":"Thespesia Populnea","ward":"80","tree_id":"GN8535GH1ABE001","band_m":10}},{"type":"Feature","geometry":{"type":"Point","coordinates":[77.637326,12.98266]},"properties":{"species":"Samanea Saman (Jacq.) Merr.","ward":"80","tree_id":"GN8535GG1UVK001","band_m":15}},{"type":"Feature","geometry":{"type":"Point","coordinates":[77.637262,12.982633]},"properties":{"species":"Samanea Saman (Jacq.) Merr.","ward":"80","tree_id":"GN8535GG0YTP001","band_m":15}},{"type":"Feature","geometry":{"type":"Point","coordinates":[77.637216,12.982628]},"properties":{"species":"Samanea Saman (Jacq.) Merr.","ward":"80","tree_id":"GN8535GG0YSK001","band_m":15}},{"type":"Feature","geometry":{"type":"Point","coordinates":[77.637176,12.982617]},"properties":{"species":"Samanea Saman (Jacq.) Merr.","ward":"80","tree_id":"GN8535GG0YRG001","band_m":15}},{"type":"Feature","geometry":{"type":"Point","coordinates":[77.637174,12.982613]},"properties":{"species":"Saraca Asoca (Roxb.) De Wilde","ward":"80","tree_id":"GN8535GG0YRC001","band_m":15}},{"type":"Feature","geometry":{"type":"Point","coordinates":[77.63697,12.982623]},"properties":{"species":"Saraca Asoca (Roxb.) De Wilde","ward":"80","tree_id":"GN8535GG0XQH001","band_m":10}},{"type":"Feature","geometry":{"type":"Point","coordinates":[77.636843,12.982547]},"properties":{"species":"Saraca Asoca (Roxb.) De Wilde","ward":"80","tree_id":"GN8535GG0WIG001","band_m":15}},{"type":"Feature","geometry":{"type":"Point","coordinates":[77.636718,12.982478]},"properties":{"species":"Saraca Asoca (Roxb.) De Wilde","ward":"80","tree_id":"GN8535GG0RUE001","band_m":15}},{"type":"Feature","geometry":{"type":"Point","coordinates":[77.636664,12.982476]},"properties":{"species":"Saraca Asoca (Roxb.) De Wilde","ward":"80","tree_id":"GN8535GG0QXG001","band_m":15}},{"type":"Feature","geometry":{"type":"Point","coordinates":[77.636598,12.982442]},"properties":{"species":"Markhamia Lutea (Benth.) K.Schum","ward":"80","tree_id":"GN8535GG0QQH001","band_m":15}},{"type":"Feature","geometry":{"type":"Point","coordinates":[77.636497,12.982434]},"properties":{"species":"Markhamia Lutea (Benth.) K.Schum","ward":"80","tree_id":"GN8535GG0PTA001","band_m":15}},{"type":"Feature","geometry":{"type":"Point","coordinates":[77.636224,12.982429]},"properties":{"species":"Saraca Asoca (Roxb.) De Wilde","ward":"80","tree_id":"GN8535FG9TLP001","band_m":10}},{"type":"Feature","geometry":{"type":"Point","coordinates":[77.636232,12.982402]},"properties":{"species":"Saraca Asoca (Roxb.) De Wilde","ward":"80","tree_id":"GN8535FG9TMA001","band_m":15}},{"type":"Feature","geometry":{"type":"Point","coordinates":[77.636211,12.982377]},"properties":{"species":"Saraca Asoca (Roxb.) De Wilde","ward":"80","tree_id":"GN8535FG9TGF001","band_m":15}},{"type":"Feature","geometry":{"type":"Point","coordinates":[77.636114,12.982367]},"properties":{"species":"Saraca Asoca (Roxb.) De Wilde","ward":"80","tree_id":"GN8535FG9SID001","band_m":15}},{"type":"Feature","geometry":{"type":"Point","coordinates":[77.635851,12.982339]},"properties":{"species":"Saraca Asoca (Roxb.) De Wilde","ward":"80","tree_id":"GN8535FG9RBG001","band_m":15}},{"type":"Feature","geometry":{"type":"Point","coordinates":[77.635896,12.982371]},"properties":{"species":"Saraca Asoca (Roxb.) De Wilde","ward":"80","tree_id":"GN8535FG9RHD001","band_m":15}},{"type":"Feature","geometry":{"type":"Point","coordinates":[77.635832,12.982426]},"properties":{"species":"Saraca Asoca (Roxb.) De Wilde","ward":"80","tree_id":"GN8535FG9RLI001","band_m":5}},{"type":"Feature","geometry":{"type":"Point","coordinates":[77.635842,12.98241]},"properties":{"species":"Saraca Asoca (Roxb.) De Wilde","ward":"80","tree_id":"GN8535FG9RLB001","band_m":10}},{"type":"Feature","geometry":{"type":"Point","coordinates":[77.635771,12.982374]},"properties":{"species":"Saraca Asoca (Roxb.) De Wilde","ward":"80","tree_id":"GN8535FG9QJC001","band_m":15}},{"type":"Feature","geometry":{"type":"Point","coordinates":[77.637352,12.982677]},"properties":{"species":"Peltophorum Pterocarpum (Dc.) Back. Ex K. Heyne","ward":"80","tree_id":"GN8535GH1ACB001","band_m":15}},{"type":"Feature","geometry":{"type":"Point","coordinates":[77.637995,12.982887]},"properties":{"species":"Pongamia Pinnata (L.) Pierre","ward":"80","tree_id":"GN8535GH1IJC001","band_m":15}},{"type":"Feature","geometry":{"type":"Point","coordinates":[77.637808,12.982933]},"properties":{"species":"Pongamia Pinnata (L.) Pierre","ward":"80","tree_id":"GN8535GH1HOG001","band_m":5}},{"type":"Feature","geometry":{"type":"Point","coordinates":[77.638242,12.983102]},"properties":{"species":"Pongamia Pinnata (L.) Pierre","ward":"80","tree_id":"GN8535GH2KLB001","band_m":5}},{"type":"Feature","geometry":{"type":"Point","coordinates":[77.638082,12.983002]},"properties":{"species":"Pongamia Pinnata (L.) Pierre","ward":"80","tree_id":"GN8535GH1JWA001","band_m":10}},{"type":"Feature","geometry":{"type":"Point","coordinates":[77.642422,12.984524]},"properties":{"species":"Swietenia Mahagoni (L.) Jacq.","ward":"80","tree_id":"GN8535GJ6COJ001","band_m":15}},{"type":"Feature","geometry":{"type":"Point","coordinates":[77.640234,12.983872]},"properties":{"species":"Azadirachta Indica A. Juss.","ward":"80","tree_id":"GN8535GI4GPM001","band_m":5}},{"type":"Feature","geometry":{"type":"Point","coordinates":[77.639877,12.983714]},"properties":{"species":"Swietenia Mahagoni (L.) Jacq.","ward":"80","tree_id":"GN8535GI3EUG001","band_m":5}},{"type":"Feature","geometry":{"type":"Point","coordinates":[77.639722,12.983631]},"properties":{"species":"Samanea Saman (Jacq.) Merr.","ward":"80","tree_id":"GN8535GI3DLB001","band_m":10}},{"type":"Feature","geometry":{"type":"Point","coordinates":[77.639644,12.983655]},"properties":{"species":"Thespesia Populnea","ward":"80","tree_id":"GN8535GI3COI001","band_m":5}},{"type":"Feature","geometry":{"type":"Point","coordinates":[77.639068,12.983428]},"properties":{"species":"Tabebuia Rosea (Bertol) Dc.","ward":"80","tree_id":"GN8535GH2YIG001","band_m":5}},{"type":"Feature","geometry":{"type":"Point","coordinates":[77.639025,12.98331]},"properties":{"species":"Peltophorum Pterocarpum (Dc.) Back. Ex K. Heyne","ward":"80","tree_id":"GN8535GH2TRC001","band_m":15}},{"type":"Feature","geometry":{"type":"Point","coordinates":[77.638894,12.983343]},"properties":{"species":"Swietenia Mahagoni (L.) Jacq.","ward":"80","tree_id":"GN8535GH2SSP001","band_m":5}},{"type":"Feature","geometry":{"type":"Point","coordinates":[77.6388,12.983273]},"properties":{"species":"Others","ward":"80","tree_id":"GN8535GH2SGN001","band_m":10}},{"type":"Feature","geometry":{"type":"Point","coordinates":[77.638807,12.983292]},"properties":{"species":"Annona Squamosa L","ward":"80","tree_id":"GN8535GH2SLG001","band_m":10}},{"type":"Feature","geometry":{"type":"Point","coordinates":[77.638773,12.983192]},"properties":{"species":"Annona Squamosa L","ward":"80","tree_id":"GN8535GH2NUK001","band_m":15}},{"type":"Feature","geometry":{"type":"Point","coordinates":[77.638736,12.98321]},"properties":{"species":"Tabebuia Rosea (Bertol) Dc.","ward":"80","tree_id":"GN8535GH2REC001","band_m":15}},{"type":"Feature","geometry":{"type":"Point","coordinates":[77.638693,12.983283]},"properties":{"species":"Swietenia Mahagoni (L.) Jacq.","ward":"80","tree_id":"GN8535GH2RNC001","band_m":5}},{"type":"Feature","geometry":{"type":"Point","coordinates":[77.644181,12.985349]},"properties":{"species":"Peltophorum Pterocarpum (Dc.) Back. Ex K. Heyne","ward":"80","tree_id":"GN8535LA8CBP001","band_m":15}},{"type":"Feature","geometry":{"type":"Point","coordinates":[77.643792,12.985215]},"properties":{"species":"Peltophorum Pterocarpum (Dc.) Back. Ex K. Heyne","ward":"80","tree_id":"GN8535GJ8ULB001","band_m":5}},{"type":"Feature","geometry":{"type":"Point","coordinates":[77.642942,12.984737]},"properties":{"species":"Peltophorum Pterocarpum (Dc.) Back. Ex K. Heyne","ward":"80","tree_id":"GN8535GJ7FSJ001","band_m":15}},{"type":"Feature","geometry":{"type":"Point","coordinates":[77.642519,12.984634]},"properties":{"species":"Markhamia Lutea (Benth.) K.Schum","ward":"80","tree_id":"GN8535GJ6IBL001","band_m":5}},{"type":"Feature","geometry":{"type":"Point","coordinates":[77.642166,12.984536]},"properties":{"species":"Ficus Benghalensis L.","ward":"80","tree_id":"GN8535GJ6BMN001","band_m":5}},{"type":"Feature","geometry":{"type":"Point","coordinates":[77.642166,12.984536]},"properties":{"species":"Ficus Religiosa L.","ward":"80","tree_id":"GN8535GJ6BMN002","band_m":5}},{"type":"Feature","geometry":{"type":"Point","coordinates":[77.645331,12.984069]},"properties":{"species":"Ficus Benjamina L.","ward":"80","tree_id":"GN8535GI9SDN001","band_m":5}},{"type":"Feature","geometry":{"type":"Point","coordinates":[77.64527,12.98431]},"properties":{"species":"Ficus Benjamina L.","ward":"80","tree_id":"GN8535GI9XLG001","band_m":5}},{"type":"Feature","geometry":{"type":"Point","coordinates":[77.645579,12.983984]},"properties":{"species":"Markhamia Lutea (Benth.) K.Schum","ward":"58","tree_id":"GN8535HI0KPI001","band_m":5}},{"type":"Feature","geometry":{"type":"Point","coordinates":[77.645591,12.984044]},"properties":{"species":"Swietenia Mahagoni (L.) Jacq.","ward":"58","tree_id":"GN8535HI0PAC001","band_m":10}},{"type":"Feature","geometry":{"type":"Point","coordinates":[77.64558,12.98417]},"properties":{"species":"Terminalia Catappa L","ward":"58","tree_id":"GN8535HI0PPI001","band_m":10}},{"type":"Feature","geometry":{"type":"Point","coordinates":[77.645574,12.983994]},"properties":{"species":"Swietenia Mahagoni (L.) Jacq.","ward":"58","tree_id":"GN8535HI0KPM001","band_m":5}},{"type":"Feature","geometry":{"type":"Point","coordinates":[77.64544,12.984801]},"properties":{"species":"Others","ward":"58","tree_id":"GN8535GJ9OGA001","band_m":10}},{"type":"Feature","geometry":{"type":"Point","coordinates":[77.645345,12.985134]},"properties":{"species":"Samanea Saman (Jacq.) Merr.","ward":"58","tree_id":"GN8535GJ9XDG001","band_m":5}},{"type":"Feature","geometry":{"type":"Point","coordinates":[77.645348,12.985246]},"properties":{"species":"Muntingia Calabura L.","ward":"58","tree_id":"GN8535GJ9XSG001","band_m":5}},{"type":"Feature","geometry":{"type":"Point","coordinates":[77.64611,12.985976]},"properties":{"species":"Peltophorum Pterocarpum (Dc.) Back. Ex K. Heyne","ward":"58","tree_id":"GN8535MA0RTM001","band_m":10}},{"type":"Feature","geometry":{"type":"Point","coordinates":[77.646476,12.98614]},"properties":{"species":"Peltophorum Pterocarpum (Dc.) Back. Ex K. Heyne","ward":"58","tree_id":"GN8535MA0YSH001","band_m":10}},{"type":"Feature","geometry":{"type":"Point","coordinates":[77.64702,12.986375]},"properties":{"species":"Peltophorum Pterocarpum (Dc.) Back. Ex K. Heyne","ward":"58","tree_id":"GN8535MB1HDC001","band_m":10}},{"type":"Feature","geometry":{"type":"Point","coordinates":[77.646322,12.986122]},"properties":{"species":"Peltophorum Pterocarpum (Dc.) Back. Ex K. Heyne","ward":"58","tree_id":"GN8535MA0XOP001","band_m":5}},{"type":"Feature","geometry":{"type":"Point","coordinates":[77.647081,12.986405]},"properties":{"species":"Peltophorum Pterocarpum (Dc.) Back. Ex K. Heyne","ward":"58","tree_id":"GN8535MB1IAN001","band_m":10}},{"type":"Feature","geometry":{"type":"Point","coordinates":[77.647339,12.98654]},"properties":{"species":"Bauhinia Racemosa Lam","ward":"58","tree_id":"GN8535MB1JWM001","band_m":5}},{"type":"Feature","geometry":{"type":"Point","coordinates":[77.647454,12.98652]},"properties":{"species":"Peltophorum Pterocarpum (Dc.) Back. Ex K. Heyne","ward":"58","tree_id":"GN8535MB2FUB001","band_m":10}},{"type":"Feature","geometry":{"type":"Point","coordinates":[77.648177,12.986817]},"properties":{"species":"Ficus Religiosa L.","ward":"57","tree_id":"GN8535MB2SOL001","band_m":15}},{"type":"Feature","geometry":{"type":"Point","coordinates":[77.648177,12.986817]},"properties":{"species":"Terminalia Catappa L","ward":"57","tree_id":"GN8535MB2SOL002","band_m":15}},{"type":"Feature","geometry":{"type":"Point","coordinates":[77.648177,12.986817]},"properties":{"species":"Pongamia Pinnata (L.) Pierre","ward":"57","tree_id":"GN8535MB2SOL003","band_m":15}},{"type":"Feature","geometry":{"type":"Point","coordinates":[77.648349,12.986955]},"properties":{"species":"Terminalia Catappa L","ward":"57","tree_id":"GN8535MB2YJK001","band_m":5}},{"type":"Feature","geometry":{"type":"Point","coordinates":[77.648177,12.986817]},"properties":{"species":"Terminalia Catappa L","ward":"57","tree_id":"GN8535MB2SOL004","band_m":15}},{"type":"Feature","geometry":{"type":"Point","coordinates":[77.648177,12.986817]},"properties":{"species":"Thespesia Populnea","ward":"57","tree_id":"GN8535MB2SOL005","band_m":15}},{"type":"Feature","geometry":{"type":"Point","coordinates":[77.648349,12.986955]},"properties":{"species":"Terminalia Catappa L","ward":"57","tree_id":"GN8535MB2YJK002","band_m":5}},{"type":"Feature","geometry":{"type":"Point","coordinates":[77.648177,12.986817]},"properties":{"species":"Markhamia Lutea (Benth.) K.Schum","ward":"57","tree_id":"GN8535MB2SOL006","band_m":15}},{"type":"Feature","geometry":{"type":"Point","coordinates":[77.648177,12.986817]},"properties":{"species":"Markhamia Lutea (Benth.) K.Schum","ward":"57","tree_id":"GN8535MB2SOL007","band_m":15}},{"type":"Feature","geometry":{"type":"Point","coordinates":[77.648177,12.986817]},"properties":{"species":"Terminalia Catappa L","ward":"57","tree_id":"GN8535MB2SOL008","band_m":15}},{"type":"Feature","geometry":{"type":"Point","coordinates":[77.648177,12.986817]},"properties":{"species":"Pongamia Pinnata (L.) Pierre","ward":"57","tree_id":"GN8535MB2SOL009","band_m":15}},{"type":"Feature","geometry":{"type":"Point","coordinates":[77.648532,12.986933]},"properties":{"species":"Swietenia Mahagoni (L.) Jacq.","ward":"57","tree_id":"GN8535MB3UEO001","band_m":15}},{"type":"Feature","geometry":{"type":"Point","coordinates":[77.648177,12.986817]},"properties":{"species":"Terminalia Catappa L","ward":"57","tree_id":"GN8535MB2SOL010","band_m":15}},{"type":"Feature","geometry":{"type":"Point","coordinates":[77.648533,12.986934]},"properties":{"species":"Syzygium Cumini (L.) Skeels","ward":"57","tree_id":"GN8535MB3UEO002","band_m":15}},{"type":"Feature","geometry":{"type":"Point","coordinates":[77.648177,12.986817]},"properties":{"species":"Swietenia Mahagoni (L.) Jacq.","ward":"57","tree_id":"GN8535MB2SOL011","band_m":15}},{"type":"Feature","geometry":{"type":"Point","coordinates":[77.648504,12.987025]},"properties":{"species":"Pongamia Pinnata (L.) Pierre","ward":"57","tree_id":"GN8535MB3USK001","band_m":5}},{"type":"Feature","geometry":{"type":"Point","coordinates":[77.648177,12.986817]},"properties":{"species":"Averrhoa Carambola L.","ward":"57","tree_id":"GN8535MB2SOL012","band_m":15}},{"type":"Feature","geometry":{"type":"Point","coordinates":[77.648177,12.986817]},"properties":{"species":"Averrhoa Carambola L.","ward":"57","tree_id":"GN8535MB2SOL013","band_m":15}},{"type":"Feature","geometry":{"type":"Point","coordinates":[77.648538,12.986946]},"properties":{"species":"Swietenia Mahagoni (L.) Jacq.","ward":"57","tree_id":"GN8535MB3UJG001","band_m":15}},{"type":"Feature","geometry":{"type":"Point","coordinates":[77.648177,12.986817]},"properties":{"species":"Averrhoa Carambola L.","ward":"57","tree_id":"GN8535MB2SOL014","band_m":15}},{"type":"Feature","geometry":{"type":"Point","coordinates":[77.648656,12.987015]},"properties":{"species":"Pongamia Pinnata (L.) Pierre","ward":"57","tree_id":"GN8535MB3VRH001","band_m":15}},{"type":"Feature","geometry":{"type":"Point","coordinates":[77.648177,12.986817]},"properties":{"species":"Averrhoa Carambola L.","ward":"57","tree_id":"GN8535MB2SOL015","band_m":15}},{"type":"Feature","geometry":{"type":"Point","coordinates":[77.648177,12.986817]},"properties":{"species":"Averrhoa Carambola L.","ward":"57","tree_id":"GN8535MB2SOL016","band_m":15}},{"type":"Feature","geometry":{"type":"Point","coordinates":[77.648177,12.986817]},"properties":{"species":"Averrhoa Carambola L.","ward":"57","tree_id":"GN8535MB2SOL017","band_m":15}},{"type":"Feature","geometry":{"type":"Point","coordinates":[77.649603,12.987532]},"properties":{"species":"Pongamia Pinnata (L.) Pierre","ward":"57","tree_id":"GN8535MC4LNN001","band_m":5}},{"type":"Feature","geometry":{"type":"Point","coordinates":[77.648177,12.986817]},"properties":{"species":"Averrhoa Carambola L.","ward":"57","tree_id":"GN8535MB2SOL018","band_m":15}},{"type":"Feature","geometry":{"type":"Point","coordinates":[77.649591,12.987534]},"properties":{"species":"Terminalia Catappa L","ward":"57","tree_id":"GN8535MC4LNM001","band_m":5}},{"type":"Feature","geometry":{"type":"Point","coordinates":[77.648177,12.986817]},"properties":{"species":"Averrhoa Carambola L.","ward":"57","tree_id":"GN8535MB2SOL019","band_m":15}},{"type":"Feature","geometry":{"type":"Point","coordinates":[77.649597,12.987532]},"properties":{"species":"Pongamia Pinnata (L.) Pierre","ward":"57","tree_id":"GN8535MC4LNM002","band_m":5}},{"type":"Feature","geometry":{"type":"Point","coordinates":[77.648177,12.986817]},"properties":{"species":"Leucaena Latisiliqua (L.) Gillis","ward":"57","tree_id":"GN8535MB2SOL020","band_m":15}},{"type":"Feature","geometry":{"type":"Point","coordinates":[77.648177,12.986817]},"properties":{"species":"Prosopis Juliflora (Sw.) Dc.","ward":"57","tree_id":"GN8535MB2SOL021","band_m":15}},{"type":"Feature","geometry":{"type":"Point","coordinates":[77.648177,12.986817]},"properties":{"species":"Averrhoa Carambola L.","ward":"57","tree_id":"GN8535MB2SOL022","band_m":15}},{"type":"Feature","geometry":{"type":"Point","coordinates":[77.648177,12.986817]},"properties":{"species":"Alstonia Macrophylla Wall. Ex Dc.","ward":"57","tree_id":"GN8535MB2SOL023","band_m":15}},{"type":"Feature","geometry":{"type":"Point","coordinates":[77.649693,12.987573]},"properties":{"species":"Swietenia Mahagoni (L.) Jacq.","ward":"57","tree_id":"GN8535MC4MUD001","band_m":5}},{"type":"Feature","geometry":{"type":"Point","coordinates":[77.648177,12.986817]},"properties":{"species":"Averrhoa Carambola L.","ward":"57","tree_id":"GN8535MB2SOL024","band_m":15}},{"type":"Feature","geometry":{"type":"Point","coordinates":[77.649833,12.987644]},"properties":{"species":"Thespesia Populnea","ward":"57","tree_id":"GN8535MC4RJC001","band_m":5}},{"type":"Feature","geometry":{"type":"Point","coordinates":[77.648177,12.986817]},"properties":{"species":"Averrhoa Carambola L.","ward":"57","tree_id":"GN8535MB2SOL025","band_m":15}},{"type":"Feature","geometry":{"type":"Point","coordinates":[77.648177,12.986817]},"properties":{"species":"Leucaena Latisiliqua (L.) Gillis","ward":"57","tree_id":"GN8535MB2SOL026","band_m":15}},{"type":"Feature","geometry":{"type":"Point","coordinates":[77.648177,12.986817]},"properties":{"species":"Averrhoa Carambola L.","ward":"57","tree_id":"GN8535MB2SOL027","band_m":15}},{"type":"Feature","geometry":{"type":"Point","coordinates":[77.648177,12.986817]},"properties":{"species":"Leucaena Latisiliqua (L.) Gillis","ward":"57","tree_id":"GN8535MB2SOL028","band_m":15}},{"type":"Feature","geometry":{"type":"Point","coordinates":[77.650192,12.987813]},"properties":{"species":"Leucaena Latisiliqua (L.) Gillis","ward":"57","tree_id":"GN8535MC4YEN001","band_m":5}},{"type":"Feature","geometry":{"type":"Point","coordinates":[77.648177,12.986817]},"properties":{"species":"Averrhoa Carambola L.","ward":"57","tree_id":"GN8535MB2SOL029","band_m":15}},{"type":"Feature","geometry":{"type":"Point","coordinates":[77.648177,12.986817]},"properties":{"species":"Leucaena Latisiliqua (L.) Gillis","ward":"57","tree_id":"GN8535MB2SOL030","band_m":15}},{"type":"Feature","geometry":{"type":"Point","coordinates":[77.648177,12.986817]},"properties":{"species":"Averrhoa Carambola L.","ward":"57","tree_id":"GN8535MB2SOL031","band_m":15}},{"type":"Feature","geometry":{"type":"Point","coordinates":[77.648177,12.986817]},"properties":{"species":"Samanea Saman (Jacq.) Merr.","ward":"57","tree_id":"GN8535MB2SOL032","band_m":15}},{"type":"Feature","geometry":{"type":"Point","coordinates":[77.648177,12.986817]},"properties":{"species":"Ficus Benjamina L.","ward":"57","tree_id":"GN8535MB2SOL033","band_m":15}},{"type":"Feature","geometry":{"type":"Point","coordinates":[77.648177,12.986817]},"properties":{"species":"Ficus Benjamina L.","ward":"57","tree_id":"GN8535MB2SOL034","band_m":15}},{"type":"Feature","geometry":{"type":"Point","coordinates":[77.648177,12.986817]},"properties":{"species":"Ficus Benjamina L.","ward":"57","tree_id":"GN8535MB2SOL035","band_m":15}},{"type":"Feature","geometry":{"type":"Point","coordinates":[77.648177,12.986817]},"properties":{"species":"Ficus Benjamina L.","ward":"57","tree_id":"GN8535MB2SOL036","band_m":15}},{"type":"Feature","geometry":{"type":"Point","coordinates":[77.65082,12.988094]},"properties":{"species":"Thespesia Populnea","ward":"57","tree_id":"GN8535MD5DQJ001","band_m":5}},{"type":"Feature","geometry":{"type":"Point","coordinates":[77.648177,12.986817]},"properties":{"species":"Ficus Benjamina L.","ward":"57","tree_id":"GN8535MB2SOL037","band_m":15}},{"type":"Feature","geometry":{"type":"Point","coordinates":[77.651187,12.98823]},"properties":{"species":"Terminalia Catappa L","ward":"57","tree_id":"GN8535MD6FLI001","band_m":10}},{"type":"Feature","geometry":{"type":"Point","coordinates":[77.648177,12.986817]},"properties":{"species":"Ficus Benjamina L.","ward":"57","tree_id":"GN8535MB2SOL038","band_m":15}},{"type":"Feature","geometry":{"type":"Point","coordinates":[77.648177,12.986817]},"properties":{"species":"Terminalia Catappa L","ward":"57","tree_id":"GN8535MB2SOL039","band_m":15}},{"type":"Feature","geometry":{"type":"Point","coordinates":[77.65126,12.988213]},"properties":{"species":"Thespesia Populnea","ward":"57","tree_id":"GN8535MD6FNA001","band_m":15}},{"type":"Feature","geometry":{"type":"Point","coordinates":[77.648177,12.986817]},"properties":{"species":"Annona Squamosa L","ward":"57","tree_id":"GN8535MB2SOL040","band_m":15}},{"type":"Feature","geometry":{"type":"Point","coordinates":[77.648177,12.986817]},"properties":{"species":"Leucaena Latisiliqua (L.) Gillis","ward":"57","tree_id":"GN8535MB2SOL041","band_m":15}},{"type":"Feature","geometry":{"type":"Point","coordinates":[77.648177,12.986817]},"properties":{"species":"Tabebuia Rosea (Bertol) Dc.","ward":"57","tree_id":"GN8535MB2SOL042","band_m":15}},{"type":"Feature","geometry":{"type":"Point","coordinates":[77.651607,12.988375]},"properties":{"species":"Markhamia Lutea (Benth.) K.Schum","ward":"57","tree_id":"GN8535MD6MHK001","band_m":15}},{"type":"Feature","geometry":{"type":"Point","coordinates":[77.648177,12.986817]},"properties":{"species":"Tabebuia Rosea (Bertol) Dc.","ward":"57","tree_id":"GN8535MB2SOL043","band_m":15}},{"type":"Feature","geometry":{"type":"Point","coordinates":[77.651621,12.988419]},"properties":{"species":"Delonix Regia (Bojer Ex Hook.) Raf.","ward":"57","tree_id":"GN8535MD6MMP001","band_m":10}},{"type":"Feature","geometry":{"type":"Point","coordinates":[77.648177,12.986817]},"properties":{"species":"Averrhoa Carambola L.","ward":"57","tree_id":"GN8535MB2SOL044","band_m":15}},{"type":"Feature","geometry":{"type":"Point","coordinates":[77.648177,12.986817]},"properties":{"species":"Ficus Benjamina L.","ward":"57","tree_id":"GN8535MB2SOL045","band_m":15}},{"type":"Feature","geometry":{"type":"Point","coordinates":[77.65164,12.988379]},"properties":{"species":"Swietenia Mahagoni (L.) Jacq.","ward":"57","tree_id":"GN8535MD6MIN001","band_m":15}},{"type":"Feature","geometry":{"type":"Point","coordinates":[77.648177,12.986817]},"properties":{"species":"Leucaena Latisiliqua (L.) Gillis","ward":"57","tree_id":"GN8535MB2SOL046","band_m":15}},{"type":"Feature","geometry":{"type":"Point","coordinates":[77.648177,12.986817]},"properties":{"species":"Ficus Benjamina L.","ward":"57","tree_id":"GN8535MB2SOL047","band_m":15}},{"type":"Feature","geometry":{"type":"Point","coordinates":[77.651641,12.988379]},"properties":{"species":"Pongamia Pinnata (L.) Pierre","ward":"57","tree_id":"GN8535MD6MIN002","band_m":15}},{"type":"Feature","geometry":{"type":"Point","coordinates":[77.648177,12.986817]},"properties":{"species":"Swietenia Mahagoni (L.) Jacq.","ward":"57","tree_id":"GN8535MB2SOL048","band_m":15}},{"type":"Feature","geometry":{"type":"Point","coordinates":[77.648177,12.986817]},"properties":{"species":"Ficus Benjamina L.","ward":"57","tree_id":"GN8535MB2SOL049","band_m":15}},{"type":"Feature","geometry":{"type":"Point","coordinates":[77.652083,12.988596]},"properties":{"species":"Pongamia Pinnata (L.) Pierre","ward":"57","tree_id":"GN8535MD7PKN001","band_m":15}},{"type":"Feature","geometry":{"type":"Point","coordinates":[77.652139,12.988613]},"properties":{"species":"Grevillea Robusta Cunn. Ex R. Br.","ward":"57","tree_id":"GN8535MD7PQH001","band_m":15}},{"type":"Feature","geometry":{"type":"Point","coordinates":[77.648177,12.986817]},"properties":{"species":"Averrhoa Carambola L.","ward":"57","tree_id":"GN8535MB2SOL050","band_m":15}},{"type":"Feature","geometry":{"type":"Point","coordinates":[77.648177,12.986817]},"properties":{"species":"Ficus Benjamina L.","ward":"57","tree_id":"GN8535MB2SOL051","band_m":15}},{"type":"Feature","geometry":{"type":"Point","coordinates":[77.652139,12.988613]},"properties":{"species":"Pongamia Pinnata (L.) Pierre","ward":"57","tree_id":"GN8535MD7PQH002","band_m":15}},{"type":"Feature","geometry":{"type":"Point","coordinates":[77.648177,12.986817]},"properties":{"species":"Ficus Benjamina L.","ward":"57","tree_id":"GN8535MB2SOL052","band_m":15}},{"type":"Feature","geometry":{"type":"Point","coordinates":[77.652294,12.988716]},"properties":{"species":"Pongamia Pinnata (L.) Pierre","ward":"57","tree_id":"GN8535MD7VGE001","band_m":10}},{"type":"Feature","geometry":{"type":"Point","coordinates":[77.648177,12.986817]},"properties":{"species":"Ficus Benjamina L.","ward":"57","tree_id":"GN8535MB2SOL053","band_m":15}},{"type":"Feature","geometry":{"type":"Point","coordinates":[77.652283,12.988712]},"properties":{"species":"Pongamia Pinnata (L.) Pierre","ward":"57","tree_id":"GN8535MD7VFH001","band_m":10}},{"type":"Feature","geometry":{"type":"Point","coordinates":[77.648177,12.986817]},"properties":{"species":"Ficus Benjamina L.","ward":"57","tree_id":"GN8535MB2SOL054","band_m":15}},{"type":"Feature","geometry":{"type":"Point","coordinates":[77.648177,12.986817]},"properties":{"species":"Eucalyptus Tereticornis Sm.","ward":"57","tree_id":"GN8535MB2SOL055","band_m":15}},{"type":"Feature","geometry":{"type":"Point","coordinates":[77.648177,12.986817]},"properties":{"species":"Ficus Benjamina L.","ward":"57","tree_id":"GN8535MB2SOL056","band_m":15}},{"type":"Feature","geometry":{"type":"Point","coordinates":[77.652414,12.988832]},"properties":{"species":"Pongamia Pinnata (L.) Pierre","ward":"57","tree_id":"GN8535MD7VYJ001","band_m":5}},{"type":"Feature","geometry":{"type":"Point","coordinates":[77.648177,12.986817]},"properties":{"species":"Ficus Benjamina L.","ward":"57","tree_id":"GN8535MB2SOL057","band_m":15}},{"type":"Feature","geometry":{"type":"Point","coordinates":[77.648177,12.986817]},"properties":{"species":"Ficus Benjamina L.","ward":"57","tree_id":"GN8535MB2SOL058","band_m":15}},{"type":"Feature","geometry":{"type":"Point","coordinates":[77.648177,12.986817]},"properties":{"species":"Ficus Benjamina L.","ward":"57","tree_id":"GN8535MB2SOL059","band_m":15}},{"type":"Feature","geometry":{"type":"Point","coordinates":[77.65283,12.988989]},"properties":{"species":"Swietenia Mahagoni (L.) Jacq.","ward":"57","tree_id":"GN8535ME7EUC001","band_m":10}},{"type":"Feature","geometry":{"type":"Point","coordinates":[77.648177,12.986817]},"properties":{"species":"Ficus Benjamina L.","ward":"57","tree_id":"GN8535MB2SOL060","band_m":15}},{"type":"Feature","geometry":{"type":"Point","coordinates":[77.65292,12.988986]},"properties":{"species":"Swietenia Mahagoni (L.) Jacq.","ward":"57","tree_id":"GN8535ME7EWD001","band_m":15}},{"type":"Feature","geometry":{"type":"Point","coordinates":[77.648177,12.986817]},"properties":{"species":"Ficus Benjamina L.","ward":"57","tree_id":"GN8535MB2SOL061","band_m":15}},{"type":"Feature","geometry":{"type":"Point","coordinates":[77.648177,12.986817]},"properties":{"species":"Ficus Benjamina L.","ward":"57","tree_id":"GN8535MB2SOL062","band_m":15}},{"type":"Feature","geometry":{"type":"Point","coordinates":[77.648177,12.986817]},"properties":{"species":"Pongamia Pinnata (L.) Pierre","ward":"57","tree_id":"GN8535MB2SOL063","band_m":15}},{"type":"Feature","geometry":{"type":"Point","coordinates":[77.648177,12.986817]},"properties":{"species":"Ficus Benjamina L.","ward":"57","tree_id":"GN8535MB2SOL064","band_m":15}},{"type":"Feature","geometry":{"type":"Point","coordinates":[77.648177,12.986817]},"properties":{"species":"Ficus Benjamina L.","ward":"57","tree_id":"GN8535MB2SOL065","band_m":15}},{"type":"Feature","geometry":{"type":"Point","coordinates":[77.648177,12.986817]},"properties":{"species":"Ficus Benjamina L.","ward":"57","tree_id":"GN8535MB2SOL066","band_m":15}},{"type":"Feature","geometry":{"type":"Point","coordinates":[77.648177,12.986817]},"properties":{"species":"Ficus Benjamina L.","ward":"57","tree_id":"GN8535MB2SOL067","band_m":15}},{"type":"Feature","geometry":{"type":"Point","coordinates":[77.648177,12.986817]},"properties":{"species":"Ficus Benjamina L.","ward":"57","tree_id":"GN8535MB2SOL068","band_m":15}},{"type":"Feature","geometry":{"type":"Point","coordinates":[77.648177,12.986817]},"properties":{"species":"Ficus Benjamina L.","ward":"57","tree_id":"GN8535MB2SOL069","band_m":15}},{"type":"Feature","geometry":{"type":"Point","coordinates":[77.648177,12.986817]},"properties":{"species":"Leucaena Latisiliqua (L.) Gillis","ward":"57","tree_id":"GN8535MB2SOL070","band_m":15}},{"type":"Feature","geometry":{"type":"Point","coordinates":[77.648177,12.986817]},"properties":{"species":"Pongamia Pinnata (L.) Pierre","ward":"57","tree_id":"GN8535MB2SOL071","band_m":15}},{"type":"Feature","geometry":{"type":"Point","coordinates":[77.648177,12.986817]},"properties":{"species":"Pongamia Pinnata (L.) Pierre","ward":"57","tree_id":"GN8535MB2SOL072","band_m":15}},{"type":"Feature","geometry":{"type":"Point","coordinates":[77.648177,12.986817]},"properties":{"species":"Leucaena Latisiliqua (L.) Gillis","ward":"57","tree_id":"GN8535MB2SOL073","band_m":15}},{"type":"Feature","geometry":{"type":"Point","coordinates":[77.648177,12.986817]},"properties":{"species":"Pongamia Pinnata (L.) Pierre","ward":"57","tree_id":"GN8535MB2SOL074","band_m":15}},{"type":"Feature","geometry":{"type":"Point","coordinates":[77.653025,12.989057]},"properties":{"species":"Peltophorum Pterocarpum (Dc.) Back. Ex K. Heyne","ward":"57","tree_id":"GN8535ME8FFD001","band_m":10}},{"type":"Feature","geometry":{"type":"Point","coordinates":[77.653025,12.989057]},"properties":{"species":"Pongamia Pinnata (L.) Pierre","ward":"57","tree_id":"GN8535ME8FFD002","band_m":10}},{"type":"Feature","geometry":{"type":"Point","coordinates":[77.653025,12.989057]},"properties":{"species":"Swietenia Mahagoni (L.) Jacq.","ward":"57","tree_id":"GN8535ME8FFD003","band_m":10}},{"type":"Feature","geometry":{"type":"Point","coordinates":[77.654118,12.989554]},"properties":{"species":"Pongamia Pinnata (L.) Pierre","ward":"57","tree_id":"GN8535ME9VAB001","band_m":15}},{"type":"Feature","geometry":{"type":"Point","coordinates":[77.654191,12.989633]},"properties":{"species":"Ficus Benjamina L.","ward":"57","tree_id":"GN8535ME9VMF001","band_m":10}},{"type":"Feature","geometry":{"type":"Point","coordinates":[77.654186,12.989559]},"properties":{"species":"Pongamia Pinnata (L.) Pierre","ward":"57","tree_id":"GN8535ME9VCA001","band_m":15}},{"type":"Feature","geometry":{"type":"Point","coordinates":[77.653898,12.989549]},"properties":{"species":"Pongamia Pinnata (L.) Pierre","ward":"57","tree_id":"GN8535ME8TYN001","band_m":5}},{"type":"Feature","geometry":{"type":"Point","coordinates":[77.654191,12.989633]},"properties":{"species":"Ficus Benjamina L.","ward":"57","tree_id":"GN8535ME9VMF002","band_m":10}},{"type":"Feature","geometry":{"type":"Point","coordinates":[77.654172,12.989589]},"properties":{"species":"Pongamia Pinnata (L.) Pierre","ward":"57","tree_id":"GN8535ME9VGD001","band_m":10}},{"type":"Feature","geometry":{"type":"Point","coordinates":[77.654191,12.989633]},"properties":{"species":"Swietenia Mahagoni (L.) Jacq.","ward":"57","tree_id":"GN8535ME9VMF003","band_m":10}},{"type":"Feature","geometry":{"type":"Point","coordinates":[77.654191,12.989633]},"properties":{"species":"Pongamia Pinnata (L.) Pierre","ward":"57","tree_id":"GN8535ME9VMF004","band_m":10}},{"type":"Feature","geometry":{"type":"Point","coordinates":[77.654404,12.989776]},"properties":{"species":"Pongamia Pinnata (L.) Pierre","ward":"57","tree_id":"GN8535MF9CIE001","band_m":5}},{"type":"Feature","geometry":{"type":"Point","coordinates":[77.654537,12.989811]},"properties":{"species":"Pongamia Pinnata (L.) Pierre","ward":"57","tree_id":"GN8535MF9DLG001","band_m":5}},{"type":"Feature","geometry":{"type":"Point","coordinates":[77.654266,12.989654]},"properties":{"species":"Pongamia Pinnata (L.) Pierre","ward":"57","tree_id":"GN8535ME9VON001","band_m":10}},{"type":"Feature","geometry":{"type":"Point","coordinates":[77.654191,12.989633]},"properties":{"species":"Ficus Benjamina L.","ward":"57","tree_id":"GN8535ME9VMF005","band_m":10}},{"type":"Feature","geometry":{"type":"Point","coordinates":[77.655943,12.990446]},"properties":{"species":"Pongamia Pinnata (L.) Pierre","ward":"57","tree_id":"GN8535NF1UEG001","band_m":10}},{"type":"Feature","geometry":{"type":"Point","coordinates":[77.655185,12.990025]},"properties":{"species":"Pongamia Pinnata (L.) Pierre","ward":"57","tree_id":"GN8535NF0GTE001","band_m":15}},{"type":"Feature","geometry":{"type":"Point","coordinates":[77.654191,12.989633]},"properties":{"species":"Pongamia Pinnata (L.) Pierre","ward":"57","tree_id":"GN8535ME9VMF006","band_m":10}},{"type":"Feature","geometry":{"type":"Point","coordinates":[77.6547,12.989906]},"properties":{"species":"Pongamia Pinnata (L.) Pierre","ward":"57","tree_id":"GN8535MF9EVM001","band_m":5}},{"type":"Feature","geometry":{"type":"Point","coordinates":[77.654191,12.989633]},"properties":{"species":"Swietenia Mahagoni (L.) Jacq.","ward":"57","tree_id":"GN8535ME9VMF007","band_m":10}},{"type":"Feature","geometry":{"type":"Point","coordinates":[77.654191,12.989633]},"properties":{"species":"Pongamia Pinnata (L.) Pierre","ward":"57","tree_id":"GN8535ME9VMF008","band_m":10}},{"type":"Feature","geometry":{"type":"Point","coordinates":[77.655475,12.990289]},"properties":{"species":"Markhamia Lutea (Benth.) K.Schum","ward":"57","tree_id":"GN8535NF0SBP001","band_m":5}},{"type":"Feature","geometry":{"type":"Point","coordinates":[77.655587,12.990322]},"properties":{"species":"Swietenia Mahagoni (L.) Jacq.","ward":"57","tree_id":"GN8535NF0SJL001","band_m":5}},{"type":"Feature","geometry":{"type":"Point","coordinates":[77.654191,12.989633]},"properties":{"species":"Pongamia Pinnata (L.) Pierre","ward":"57","tree_id":"GN8535ME9VMF009","band_m":10}},{"type":"Feature","geometry":{"type":"Point","coordinates":[77.655645,12.990376]},"properties":{"species":"Swietenia Mahagoni (L.) Jacq.","ward":"57","tree_id":"GN8535NF0TQG001","band_m":5}},{"type":"Feature","geometry":{"type":"Point","coordinates":[77.654191,12.989633]},"properties":{"species":"Pongamia Pinnata (L.) Pierre","ward":"57","tree_id":"GN8535ME9VMF010","band_m":10}},{"type":"Feature","geometry":{"type":"Point","coordinates":[77.656039,12.99056]},"properties":{"species":"Swietenia Mahagoni (L.) Jacq.","ward":"57","tree_id":"GN8535NF1VRE001","band_m":5}},{"type":"Feature","geometry":{"type":"Point","coordinates":[77.654191,12.989633]},"properties":{"species":"Pongamia Pinnata (L.) Pierre","ward":"57","tree_id":"GN8535ME9VMF011","band_m":10}},{"type":"Feature","geometry":{"type":"Point","coordinates":[77.655825,12.990471]},"properties":{"species":"Pongamia Pinnata (L.) Pierre","ward":"57","tree_id":"GN8535NF1UBN001","band_m":5}},{"type":"Feature","geometry":{"type":"Point","coordinates":[77.656164,12.990585]},"properties":{"species":"Swietenia Mahagoni (L.) Jacq.","ward":"57","tree_id":"GN8535NF1WUC001","band_m":10}},{"type":"Feature","geometry":{"type":"Point","coordinates":[77.656312,12.990652]},"properties":{"species":"Swietenia Mahagoni (L.) Jacq.","ward":"57","tree_id":"GN8535NG1CJC001","band_m":10}},{"type":"Feature","geometry":{"type":"Point","coordinates":[77.656255,12.990573]},"properties":{"species":"Swietenia Mahagoni (L.) Jacq.","ward":"57","tree_id":"GN8535NF1WSM001","band_m":15}},{"type":"Feature","geometry":{"type":"Point","coordinates":[77.656435,12.990739]},"properties":{"species":"Pongamia Pinnata (L.) Pierre","ward":"57","tree_id":"GN8535NG1DRL001","band_m":5}},{"type":"Feature","geometry":{"type":"Point","coordinates":[77.656416,12.990667]},"properties":{"species":"Swietenia Mahagoni (L.) Jacq.","ward":"57","tree_id":"GN8535NG1DHJ001","band_m":10}},{"type":"Feature","geometry":{"type":"Point","coordinates":[77.654191,12.989633]},"properties":{"species":"Pongamia Pinnata (L.) Pierre","ward":"57","tree_id":"GN8535ME9VMF012","band_m":10}},{"type":"Feature","geometry":{"type":"Point","coordinates":[77.65682,12.990913]},"properties":{"species":"Swietenia Mahagoni (L.) Jacq.","ward":"57","tree_id":"GN8535NG2FSF001","band_m":5}},{"type":"Feature","geometry":{"type":"Point","coordinates":[77.654191,12.989633]},"properties":{"species":"Pongamia Pinnata (L.) Pierre","ward":"57","tree_id":"GN8535ME9VMF013","band_m":10}},{"type":"Feature","geometry":{"type":"Point","coordinates":[77.656853,12.990903]},"properties":{"species":"Pongamia Pinnata (L.) Pierre","ward":"57","tree_id":"GN8535NG2FTA001","band_m":10}},{"type":"Feature","geometry":{"type":"Point","coordinates":[77.654191,12.989633]},"properties":{"species":"Pongamia Pinnata (L.) Pierre","ward":"57","tree_id":"GN8535ME9VMF014","band_m":10}},{"type":"Feature","geometry":{"type":"Point","coordinates":[77.657459,12.991192]},"properties":{"species":"Pongamia Pinnata (L.) Pierre","ward":"57","tree_id":"GN8535NG2TFG001","band_m":10}},{"type":"Feature","geometry":{"type":"Point","coordinates":[77.656962,12.990986]},"properties":{"species":"Prosopis Juliflora (Sw.) Dc.","ward":"57","tree_id":"GN8535NG2LCI001","band_m":5}},{"type":"Feature","geometry":{"type":"Point","coordinates":[77.657598,12.991189]},"properties":{"species":"Pongamia Pinnata (L.) Pierre","ward":"57","tree_id":"GN8535NG2TJF001","band_m":15}},{"type":"Feature","geometry":{"type":"Point","coordinates":[77.657755,12.991325]},"properties":{"species":"Swietenia Mahagoni (L.) Jacq.","ward":"57","tree_id":"GN8535NG3UDC001","band_m":10}},{"type":"Feature","geometry":{"type":"Point","coordinates":[77.656928,12.99099]},"properties":{"species":"Pongamia Pinnata (L.) Pierre","ward":"57","tree_id":"GN8535NG2LBI001","band_m":5}},{"type":"Feature","geometry":{"type":"Point","coordinates":[77.657459,12.991192]},"properties":{"species":"Ficus Benjamina L.","ward":"57","tree_id":"GN8535NG2TFG002","band_m":10}},{"type":"Feature","geometry":{"type":"Point","coordinates":[77.657696,12.99137]},"properties":{"species":"Ficus Benjamina L.","ward":"57","tree_id":"GN8535NG3UGH001","band_m":5}},{"type":"Feature","geometry":{"type":"Point","coordinates":[77.658319,12.991647]},"properties":{"species":"Ficus Benjamina L.","ward":"57","tree_id":"GN8535NH3DXC001","band_m":5}},{"type":"Feature","geometry":{"type":"Point","coordinates":[77.657885,12.991404]},"properties":{"species":"Pongamia Pinnata (L.) Pierre","ward":"57","tree_id":"GN8535NG3VME001","band_m":10}},{"type":"Feature","geometry":{"type":"Point","coordinates":[77.657926,12.9914]},"properties":{"species":"Swietenia Mahagoni (L.) Jacq.","ward":"57","tree_id":"GN8535NG3VNA001","band_m":10}},{"type":"Feature","geometry":{"type":"Point","coordinates":[77.658176,12.991488]},"properties":{"species":"Ficus Benjamina L.","ward":"57","tree_id":"GN8535NG3WYL001","band_m":15}},{"type":"Feature","geometry":{"type":"Point","coordinates":[77.658231,12.99157]},"properties":{"species":"Ficus Benjamina L.","ward":"57","tree_id":"GN8535NH3DLB001","band_m":10}},{"type":"Feature","geometry":{"type":"Point","coordinates":[77.658176,12.991488]},"properties":{"species":"Ficus Benjamina L.","ward":"57","tree_id":"GN8535NG3WYL002","band_m":15}},{"type":"Feature","geometry":{"type":"Point","coordinates":[77.657659,12.991364]},"properties":{"species":"Peltophorum Pterocarpum (Dc.) Back. Ex K. Heyne","ward":"57","tree_id":"GN8535NG3UFD001","band_m":5}},{"type":"Feature","geometry":{"type":"Point","coordinates":[77.658176,12.991488]},"properties":{"species":"Ficus Benjamina L.","ward":"57","tree_id":"GN8535NG3WYL003","band_m":15}},{"type":"Feature","geometry":{"type":"Point","coordinates":[77.658388,12.991649]},"properties":{"species":"Delonix Regia (Bojer Ex Hook.) Raf.","ward":"57","tree_id":"GN8535NH3EUG001","band_m":10}},{"type":"Feature","geometry":{"type":"Point","coordinates":[77.658463,12.991649]},"properties":{"species":"Swietenia Mahagoni (L.) Jacq.","ward":"57","tree_id":"GN8535NH3EWG001","band_m":15}},{"type":"Feature","geometry":{"type":"Point","coordinates":[77.659127,12.992061]},"properties":{"species":"Grevillea Robusta Cunn. Ex R. Br.","ward":"57","tree_id":"GN8535NH4SAO001","band_m":5}},{"type":"Feature","geometry":{"type":"Point","coordinates":[77.658176,12.991488]},"properties":{"species":"Swietenia Mahagoni (L.) Jacq.","ward":"57","tree_id":"GN8535NG3WYL004","band_m":15}},{"type":"Feature","geometry":{"type":"Point","coordinates":[77.659164,12.992065]},"properties":{"species":"Others","ward":"57","tree_id":"GN8535NH4SBO001","band_m":5}},{"type":"Feature","geometry":{"type":"Point","coordinates":[77.658901,12.99188]},"properties":{"species":"Tabebuia Rosea (Bertol) Dc.","ward":"57","tree_id":"GN8535NH4LEN001","band_m":10}},{"type":"Feature","geometry":{"type":"Point","coordinates":[77.658176,12.991488]},"properties":{"species":"Saraca Asoca (Roxb.) De Wilde","ward":"57","tree_id":"GN8535NG3WYL005","band_m":15}},{"type":"Feature","geometry":{"type":"Point","coordinates":[77.658901,12.99188]},"properties":{"species":"Ficus Racemosa L.","ward":"57","tree_id":"GN8535NH4LEN002","band_m":10}},{"type":"Feature","geometry":{"type":"Point","coordinates":[77.658176,12.991488]},"properties":{"species":"Grevillea Robusta Cunn. Ex R. Br.","ward":"57","tree_id":"GN8535NG3WYL006","band_m":15}},{"type":"Feature","geometry":{"type":"Point","coordinates":[77.658176,12.991488]},"properties":{"species":"Samanea Saman (Jacq.) Merr.","ward":"57","tree_id":"GN8535NG3WYL007","band_m":15}},{"type":"Feature","geometry":{"type":"Point","coordinates":[77.65987,12.992378]},"properties":{"species":"Swietenia Mahagoni (L.) Jacq.","ward":"57","tree_id":"GN8535NH5WUO001","band_m":10}},{"type":"Feature","geometry":{"type":"Point","coordinates":[77.659769,12.99237]},"properties":{"species":"Samanea Saman (Jacq.) Merr.","ward":"57","tree_id":"GN8535NH5VWL001","band_m":5}},{"type":"Feature","geometry":{"type":"Point","coordinates":[77.659776,12.992391]},"properties":{"species":"Swietenia Mahagoni (L.) Jacq.","ward":"57","tree_id":"GN8535NI5BDA001","band_m":5}},{"type":"Feature","geometry":{"type":"Point","coordinates":[77.658176,12.991488]},"properties":{"species":"Delonix Regia (Bojer Ex Hook.) Raf.","ward":"57","tree_id":"GN8535NG3WYL008","band_m":15}},{"type":"Feature","geometry":{"type":"Point","coordinates":[77.659853,12.992367]},"properties":{"species":"Samanea Saman (Jacq.) Merr.","ward":"57","tree_id":"GN8535NH5WUI001","band_m":10}},{"type":"Feature","geometry":{"type":"Point","coordinates":[77.658176,12.991488]},"properties":{"species":"Swietenia Mahagoni (L.) Jacq.","ward":"57","tree_id":"GN8535NG3WYL009","band_m":15}},{"type":"Feature","geometry":{"type":"Point","coordinates":[77.659942,12.992449]},"properties":{"species":"Pongamia Pinnata (L.) Pierre","ward":"57","tree_id":"GN8535NI5CHO001","band_m":5}},{"type":"Feature","geometry":{"type":"Point","coordinates":[77.660154,12.992529]},"properties":{"species":"Pongamia Pinnata (L.) Pierre","ward":"57","tree_id":"GN8535NI5DXB001","band_m":10}},{"type":"Feature","geometry":{"type":"Point","coordinates":[77.658176,12.991488]},"properties":{"species":"Swietenia Mahagoni (L.) Jacq.","ward":"57","tree_id":"GN8535NG3WYL010","band_m":15}},{"type":"Feature","geometry":{"type":"Point","coordinates":[77.660512,12.992639]},"properties":{"species":"Swietenia Mahagoni (L.) Jacq.","ward":"57","tree_id":"GN8535NI6FMH001","band_m":15}},{"type":"Feature","geometry":{"type":"Point","coordinates":[77.66096,12.992909]},"properties":{"species":"Swietenia Mahagoni (L.) Jacq.","ward":"57","tree_id":"GN8535NI6NUM001","band_m":10}},{"type":"Feature","geometry":{"type":"Point","coordinates":[77.660889,12.992864]},"properties":{"species":"Leucaena Latisiliqua (L.) Gillis","ward":"57","tree_id":"GN8535NI6MSI001","band_m":10}},{"type":"Feature","geometry":{"type":"Point","coordinates":[77.660752,12.992786]},"properties":{"species":"Swietenia Mahagoni (L.) Jacq.","ward":"57","tree_id":"GN8535NI6LJF001","band_m":10}},{"type":"Feature","geometry":{"type":"Point","coordinates":[77.66096,12.992909]},"properties":{"species":"Swietenia Mahagoni (L.) Jacq.","ward":"57","tree_id":"GN8535NI6NUM002","band_m":10}},{"type":"Feature","geometry":{"type":"Point","coordinates":[77.661507,12.993131]},"properties":{"species":"Swietenia Mahagoni (L.) Jacq.","ward":"57","tree_id":"GN8535NI7UJD001","band_m":15}},{"type":"Feature","geometry":{"type":"Point","coordinates":[77.661343,12.993086]},"properties":{"species":"Pongamia Pinnata (L.) Pierre","ward":"57","tree_id":"GN8535NI7PUN001","band_m":10}},{"type":"Feature","geometry":{"type":"Point","coordinates":[77.66096,12.992909]},"properties":{"species":"Pongamia Pinnata (L.) Pierre","ward":"57","tree_id":"GN8535NI6NUM003","band_m":10}},{"type":"Feature","geometry":{"type":"Point","coordinates":[77.661838,12.993286]},"properties":{"species":"Swietenia Mahagoni (L.) Jacq.","ward":"57","tree_id":"GN8535NJ7CDL001","band_m":15}},{"type":"Feature","geometry":{"type":"Point","coordinates":[77.66096,12.992909]},"properties":{"species":"Swietenia Mahagoni (L.) Jacq.","ward":"57","tree_id":"GN8535NI6NUM004","band_m":10}},{"type":"Feature","geometry":{"type":"Point","coordinates":[77.661969,12.993328]},"properties":{"species":"Swietenia Mahagoni (L.) Jacq.","ward":"57","tree_id":"GN8535NJ7DHJ001","band_m":15}},{"type":"Feature","geometry":{"type":"Point","coordinates":[77.662135,12.993383]},"properties":{"species":"Swietenia Mahagoni (L.) Jacq.","ward":"57","tree_id":"GN8535NJ7EQH001","band_m":15}},{"type":"Feature","geometry":{"type":"Point","coordinates":[77.661689,12.993269]},"properties":{"species":"Pongamia Pinnata (L.) Pierre","ward":"57","tree_id":"GN8535NJ7BEC001","band_m":10}},{"type":"Feature","geometry":{"type":"Point","coordinates":[77.66221,12.993487]},"properties":{"species":"Leucaena Latisiliqua (L.) Gillis","ward":"57","tree_id":"GN8535NJ7JID001","band_m":10}},{"type":"Feature","geometry":{"type":"Point","coordinates":[77.662282,12.993555]},"properties":{"species":"Pongamia Pinnata (L.) Pierre","ward":"57","tree_id":"GN8535NJ8FPC001","band_m":5}},{"type":"Feature","geometry":{"type":"Point","coordinates":[77.609939,12.993692]},"properties":{"species":"Tabebuia Aurea (Manso) Benth. & Hook.F. Ex S. Moore","ward":"78","tree_id":"GN8035NI1VKB001","band_m":5}},{"type":"Feature","geometry":{"type":"Point","coordinates":[77.609955,12.993661]},"properties":{"species":"Grevillea Robusta Cunn. Ex R. Br.","ward":"78","tree_id":"GN8035NI1VFG001","band_m":5}},{"type":"Feature","geometry":{"type":"Point","coordinates":[77.609994,12.993634]},"properties":{"species":"Samanea Saman (Jacq.) Merr.","ward":"78","tree_id":"GN8035NI1VBL001","band_m":10}},{"type":"Feature","geometry":{"type":"Point","coordinates":[77.60996,12.99365]},"properties":{"species":"Peltophorum Pterocarpum (Dc.) Back. Ex K. Heyne","ward":"78","tree_id":"GN8035NI1VFD001","band_m":5}},{"type":"Feature","geometry":{"type":"Point","coordinates":[77.608525,12.993953]},"properties":{"species":"Pongamia Pinnata (L.) Pierre","ward":"78","tree_id":"GN8035MJ9DVD001","band_m":10}},{"type":"Feature","geometry":{"type":"Point","coordinates":[77.608518,12.993972]},"properties":{"species":"Pongamia Pinnata (L.) Pierre","ward":"78","tree_id":"GN8035MJ9DVK001","band_m":10}},{"type":"Feature","geometry":{"type":"Point","coordinates":[77.608491,12.993982]},"properties":{"species":"Samanea Saman (Jacq.) Merr.","ward":"78","tree_id":"GN8035MJ9DUP001","band_m":15}},{"type":"Feature","geometry":{"type":"Point","coordinates":[77.608495,12.99402]},"properties":{"species":"Pongamia Pinnata (L.) Pierre","ward":"78","tree_id":"GN8035MJ9IAP001","band_m":15}},{"type":"Feature","geometry":{"type":"Point","coordinates":[77.608497,12.994014]},"properties":{"species":"Spathodea Campanulata P. Beauv","ward":"78","tree_id":"GN8035MJ9IBI001","band_m":15}},{"type":"Feature","geometry":{"type":"Point","coordinates":[77.608457,12.99401]},"properties":{"species":"Samanea Saman (Jacq.) Merr.","ward":"78","tree_id":"GN8035MJ9HEL001","band_m":15}},{"type":"Feature","geometry":{"type":"Point","coordinates":[77.609948,12.993057]},"properties":{"species":"Samanea Saman (Jacq.) Merr.","ward":"78","tree_id":"GN8035NI1BUK001","band_m":5}},{"type":"Feature","geometry":{"type":"Point","coordinates":[77.609347,12.993771]},"properties":{"species":"Enterolobium Contortisiliqum (Vell.)","ward":"78","tree_id":"GN8035NI0WYA001","band_m":5}},{"type":"Feature","geometry":{"type":"Point","coordinates":[77.609928,12.993659]},"properties":{"species":"Ptychosperma Macarthuri Nichols","ward":"78","tree_id":"GN8035NI1VFE001","band_m":5}},{"type":"Feature","geometry":{"type":"Point","coordinates":[77.609927,12.99367]},"properties":{"species":"Ptychosperma Macarthuri Nichols","ward":"78","tree_id":"GN8035NI1UJL001","band_m":5}},{"type":"Feature","geometry":{"type":"Point","coordinates":[77.609932,12.99368]},"properties":{"species":"Ptychosperma Macarthuri Nichols","ward":"78","tree_id":"GN8035NI1VFM001","band_m":5}},{"type":"Feature","geometry":{"type":"Point","coordinates":[77.609927,12.993651]},"properties":{"species":"Ptychosperma Macarthuri Nichols","ward":"78","tree_id":"GN8035NI1UJD001","band_m":5}},{"type":"Feature","geometry":{"type":"Point","coordinates":[77.609878,12.993706]},"properties":{"species":"Enterolobium Contortisiliqum (Vell.)","ward":"78","tree_id":"GN8035NI1UNK001","band_m":5}},{"type":"Feature","geometry":{"type":"Point","coordinates":[77.609853,12.993745]},"properties":{"species":"Ptychosperma Macarthuri Nichols","ward":"78","tree_id":"GN8035NI1URL001","band_m":5}},{"type":"Feature","geometry":{"type":"Point","coordinates":[77.60991,12.993724]},"properties":{"species":"Ptychosperma Macarthuri Nichols","ward":"78","tree_id":"GN8035NI1UTB001","band_m":5}},{"type":"Feature","geometry":{"type":"Point","coordinates":[77.609885,12.993721]},"properties":{"species":"Ptychosperma Macarthuri Nichols","ward":"78","tree_id":"GN8035NI1UNP001","band_m":5}},{"type":"Feature","geometry":{"type":"Point","coordinates":[77.610039,12.993607]},"properties":{"species":"Spathodea Campanulata P. Beauv","ward":"78","tree_id":"GN8035NI1QXM001","band_m":10}},{"type":"Feature","geometry":{"type":"Point","coordinates":[77.60991,12.993766]},"properties":{"species":"Spathodea Campanulata P. Beauv","ward":"78","tree_id":"GN8035NI1UYB001","band_m":10}},{"type":"Feature","geometry":{"type":"Point","coordinates":[77.609865,12.993733]},"properties":{"species":"Ptychosperma Macarthuri Nichols","ward":"78","tree_id":"GN8035NI1USE001","band_m":5}},{"type":"Feature","geometry":{"type":"Point","coordinates":[77.609802,12.993881]},"properties":{"species":"Ptychosperma Macarthuri Nichols","ward":"78","tree_id":"GN8035NJ1ALF001","band_m":15}},{"type":"Feature","geometry":{"type":"Point","coordinates":[77.609799,12.993894]},"properties":{"species":"Ptychosperma Macarthuri Nichols","ward":"78","tree_id":"GN8035NJ1ALJ001","band_m":15}},{"type":"Feature","geometry":{"type":"Point","coordinates":[77.609779,12.993863]},"properties":{"species":"Ptychosperma Macarthuri Nichols","ward":"78","tree_id":"GN8035NJ1AFP001","band_m":10}},{"type":"Feature","geometry":{"type":"Point","coordinates":[77.60976,12.993886]},"properties":{"species":"Terminalia Catappa L","ward":"78","tree_id":"GN8035NJ1AKJ001","band_m":15}},{"type":"Feature","geometry":{"type":"Point","coordinates":[77.60978,12.993864]},"properties":{"species":"Pongamia Pinnata (L.) Pierre","ward":"78","tree_id":"GN8035NJ1AFP002","band_m":10}},{"type":"Feature","geometry":{"type":"Point","coordinates":[77.609824,12.99382]},"properties":{"species":"Swietenia Mahagoni (L.) Jacq.","ward":"78","tree_id":"GN8035NJ1ACI001","band_m":10}},{"type":"Feature","geometry":{"type":"Point","coordinates":[77.609787,12.993866]},"properties":{"species":"Samanea Saman (Jacq.) Merr.","ward":"78","tree_id":"GN8035NJ1AGM001","band_m":10}},{"type":"Feature","geometry":{"type":"Point","coordinates":[77.609849,12.993831]},"properties":{"species":"Terminalia Arjuna (Roxb. Ex Dc.) Wight & Arn.","ward":"78","tree_id":"GN8035NJ1AHD001","band_m":10}},{"type":"Feature","geometry":{"type":"Point","coordinates":[77.609855,12.99379]},"properties":{"species":"Enterolobium Contortisiliqum (Vell.)","ward":"78","tree_id":"GN8035NI1UWP001","band_m":10}},{"type":"Feature","geometry":{"type":"Point","coordinates":[77.609812,12.993774]},"properties":{"species":"Millingtonia Hortensis L.F","ward":"78","tree_id":"GN8035NI1UVH001","band_m":5}},{"type":"Feature","geometry":{"type":"Point","coordinates":[77.609696,12.993859]},"properties":{"species":"Pongamia Pinnata (L.) Pierre","ward":"78","tree_id":"GN8035NJ0EIK001","band_m":10}},{"type":"Feature","geometry":{"type":"Point","coordinates":[77.609685,12.993869]},"properties":{"species":"Enterolobium Contortisiliqum (Vell.)","ward":"78","tree_id":"GN8035NJ0ENB001","band_m":10}},{"type":"Feature","geometry":{"type":"Point","coordinates":[77.609601,12.993902]},"properties":{"species":"Spathodea Campanulata P. Beauv","ward":"78","tree_id":"GN8035NJ0ELM001","band_m":10}},{"type":"Feature","geometry":{"type":"Point","coordinates":[77.60955,12.99388]},"properties":{"species":"Spathodea Campanulata P. Beauv","ward":"78","tree_id":"GN8035NJ0DOG001","band_m":10}},{"type":"Feature","geometry":{"type":"Point","coordinates":[77.609561,12.993905]},"properties":{"species":"Spathodea Campanulata P. Beauv","ward":"78","tree_id":"GN8035NJ0DOP001","band_m":10}},{"type":"Feature","geometry":{"type":"Point","coordinates":[77.60955,12.993923]},"properties":{"species":"Pongamia Pinnata (L.) Pierre","ward":"78","tree_id":"GN8035NJ0DTG001","band_m":15}},{"type":"Feature","geometry":{"type":"Point","coordinates":[77.609565,12.993936]},"properties":{"species":"Spathodea Campanulata P. Beauv","ward":"78","tree_id":"GN8035NJ0EPM001","band_m":15}},{"type":"Feature","geometry":{"type":"Point","coordinates":[77.609538,12.993928]},"properties":{"species":"Enterolobium Contortisiliqum (Vell.)","ward":"78","tree_id":"GN8035NJ0DTJ001","band_m":15}},{"type":"Feature","geometry":{"type":"Point","coordinates":[77.609529,12.993928]},"properties":{"species":"Pongamia Pinnata (L.) Pierre","ward":"78","tree_id":"GN8035NJ0DTI001","band_m":15}},{"type":"Feature","geometry":{"type":"Point","coordinates":[77.609414,12.993846]},"properties":{"species":"Ficus Virens Aiton (Ficus Infectoria Sensu Roxb. -Type Iii)","ward":"78","tree_id":"GN8035NJ0DFH001","band_m":5}},{"type":"Feature","geometry":{"type":"Point","coordinates":[77.609268,12.993822]},"properties":{"species":"Ficus Virens Aiton (Ficus Infectoria Sensu Roxb. -Type Iii)","ward":"78","tree_id":"GN8035NJ0CCI001","band_m":10}},{"type":"Feature","geometry":{"type":"Point","coordinates":[77.609211,12.993793]},"properties":{"species":"Spathodea Campanulata P. Beauv","ward":"78","tree_id":"GN8035NI0WUN001","band_m":15}},{"type":"Feature","geometry":{"type":"Point","coordinates":[77.60901,12.993642]},"properties":{"species":"Tabebuia Rosea (Bertol) Dc.","ward":"78","tree_id":"GN8035NI0VAI001","band_m":5}},{"type":"Feature","geometry":{"type":"Point","coordinates":[77.609021,12.993729]},"properties":{"species":"Pongamia Pinnata (L.) Pierre","ward":"78","tree_id":"GN8035NI0VKN001","band_m":15}},{"type":"Feature","geometry":{"type":"Point","coordinates":[77.609087,12.993626]},"properties":{"species":"Spathodea Campanulata P. Beauv","ward":"78","tree_id":"GN8035NI0VCA001","band_m":5}},{"type":"Feature","geometry":{"type":"Point","coordinates":[77.609066,12.99368]},"properties":{"species":"Enterolobium Contortisiliqum (Vell.)","ward":"78","tree_id":"GN8035NI0VGK001","band_m":10}},{"type":"Feature","geometry":{"type":"Point","coordinates":[77.609154,12.993671]},"properties":{"species":"Ptychosperma Macarthuri Nichols","ward":"78","tree_id":"GN8035NI0VIH001","band_m":5}},{"type":"Feature","geometry":{"type":"Point","coordinates":[77.609127,12.993644]},"properties":{"species":"Ptychosperma Macarthuri Nichols","ward":"78","tree_id":"GN8035NI0VDJ001","band_m":5}},{"type":"Feature","geometry":{"type":"Point","coordinates":[77.609279,12.993882]},"properties":{"species":"Saraca Asoca (Roxb.) De Wilde","ward":"78","tree_id":"GN8035NJ0CMF001","band_m":15}},{"type":"Feature","geometry":{"type":"Point","coordinates":[77.609328,12.993907]},"properties":{"species":"Saraca Asoca (Roxb.) De Wilde","ward":"78","tree_id":"GN8035NJ0CNO001","band_m":15}},{"type":"Feature","geometry":{"type":"Point","coordinates":[77.609352,12.993906]},"properties":{"species":"Pongamia Pinnata (L.) Pierre","ward":"78","tree_id":"GN8035NJ0CON001","band_m":15}},{"type":"Feature","geometry":{"type":"Point","coordinates":[77.609481,12.99395]},"properties":{"species":"Grevillea Robusta Cunn. Ex R. Br.","ward":"78","tree_id":"GN8035NJ0DWD001","band_m":15}},{"type":"Feature","geometry":{"type":"Point","coordinates":[77.609109,12.99376]},"properties":{"species":"Ptychosperma Macarthuri Nichols","ward":"78","tree_id":"GN8035NI0VRO001","band_m":15}},{"type":"Feature","geometry":{"type":"Point","coordinates":[77.609052,12.993735]},"properties":{"species":"Ptychosperma Macarthuri Nichols","ward":"78","tree_id":"GN8035NI0VQA001","band_m":15}},{"type":"Feature","geometry":{"type":"Point","coordinates":[77.609054,12.993719]},"properties":{"species":"Ptychosperma Macarthuri Nichols","ward":"78","tree_id":"GN8035NI0VLI001","band_m":15}},{"type":"Feature","geometry":{"type":"Point","coordinates":[77.609031,12.993744]},"properties":{"species":"Ptychosperma Macarthuri Nichols","ward":"78","tree_id":"GN8035NI0VPG001","band_m":15}},{"type":"Feature","geometry":{"type":"Point","coordinates":[77.609032,12.993713]},"properties":{"species":"Ptychosperma Macarthuri Nichols","ward":"78","tree_id":"GN8035NI0VKK001","band_m":10}},{"type":"Feature","geometry":{"type":"Point","coordinates":[77.609008,12.993707]},"properties":{"species":"Ptychosperma Macarthuri Nichols","ward":"78","tree_id":"GN8035NI0UOH001","band_m":10}},{"type":"Feature","geometry":{"type":"Point","coordinates":[77.609007,12.993727]},"properties":{"species":"Ptychosperma Macarthuri Nichols","ward":"78","tree_id":"GN8035NI0UOP001","band_m":15}},{"type":"Feature","geometry":{"type":"Point","coordinates":[77.609005,12.993744]},"properties":{"species":"Ptychosperma Macarthuri Nichols","ward":"78","tree_id":"GN8035NI0UTH001","band_m":15}},{"type":"Feature","geometry":{"type":"Point","coordinates":[77.608971,12.993685]},"properties":{"species":"Markhamia Lutea (Benth.) K.Schum","ward":"78","tree_id":"GN8035NI0UJI001","band_m":5}},{"type":"Feature","geometry":{"type":"Point","coordinates":[77.609026,12.993709]},"properties":{"species":"Markhamia Lutea (Benth.) K.Schum","ward":"78","tree_id":"GN8035NI0VKF001","band_m":10}},{"type":"Feature","geometry":{"type":"Point","coordinates":[77.609002,12.993726]},"properties":{"species":"Ptychosperma Macarthuri Nichols","ward":"78","tree_id":"GN8035NI0UOP002","band_m":10}},{"type":"Feature","geometry":{"type":"Point","coordinates":[77.608974,12.993766]},"properties":{"species":"Markhamia Lutea (Benth.) K.Schum","ward":"78","tree_id":"GN8035NI0UTM001","band_m":15}},{"type":"Feature","geometry":{"type":"Point","coordinates":[77.608963,12.99374]},"properties":{"species":"Ptychosperma Macarthuri Nichols","ward":"78","tree_id":"GN8035NI0USD001","band_m":10}},{"type":"Feature","geometry":{"type":"Point","coordinates":[77.608977,12.993698]},"properties":{"species":"Ptychosperma Macarthuri Nichols","ward":"78","tree_id":"GN8035NI0UOA001","band_m":10}},{"type":"Feature","geometry":{"type":"Point","coordinates":[77.608965,12.993742]},"properties":{"species":"Ptychosperma Macarthuri Nichols","ward":"78","tree_id":"GN8035NI0USH001","band_m":10}},{"type":"Feature","geometry":{"type":"Point","coordinates":[77.60897,12.993702]},"properties":{"species":"Ptychosperma Macarthuri Nichols","ward":"78","tree_id":"GN8035NI0UND001","band_m":10}},{"type":"Feature","geometry":{"type":"Point","coordinates":[77.609004,12.99377]},"properties":{"species":"Ptychosperma Macarthuri Nichols","ward":"78","tree_id":"GN8035NI0UYD001","band_m":15}},{"type":"Feature","geometry":{"type":"Point","coordinates":[77.608958,12.99371]},"properties":{"species":"Markhamia Lutea (Benth.) K.Schum","ward":"78","tree_id":"GN8035NI0UNG001","band_m":10}},{"type":"Feature","geometry":{"type":"Point","coordinates":[77.608943,12.993752]},"properties":{"species":"Ptychosperma Macarthuri Nichols","ward":"78","tree_id":"GN8035NI0USI001","band_m":10}},{"type":"Feature","geometry":{"type":"Point","coordinates":[77.608947,12.993736]},"properties":{"species":"Ptychosperma Macarthuri Nichols","ward":"78","tree_id":"GN8035NI0USB001","band_m":10}},{"type":"Feature","geometry":{"type":"Point","coordinates":[77.608955,12.993727]},"properties":{"species":"Ptychosperma Macarthuri Nichols","ward":"78","tree_id":"GN8035NI0UNO001","band_m":10}},{"type":"Feature","geometry":{"type":"Point","coordinates":[77.60898,12.993755]},"properties":{"species":"Ptychosperma Macarthuri Nichols","ward":"78","tree_id":"GN8035NI0UTI001","band_m":15}},{"type":"Feature","geometry":{"type":"Point","coordinates":[77.608948,12.993708]},"properties":{"species":"Ptychosperma Macarthuri Nichols","ward":"78","tree_id":"GN8035NI0UNF001","band_m":10}},{"type":"Feature","geometry":{"type":"Point","coordinates":[77.608947,12.993728]},"properties":{"species":"Ptychosperma Macarthuri Nichols","ward":"78","tree_id":"GN8035NI0UNN001","band_m":10}},{"type":"Feature","geometry":{"type":"Point","coordinates":[77.60897,12.993676]},"properties":{"species":"Ptychosperma Macarthuri Nichols","ward":"78","tree_id":"GN8035NI0UIH001","band_m":5}},{"type":"Feature","geometry":{"type":"Point","coordinates":[77.608953,12.993709]},"properties":{"species":"Ptychosperma Macarthuri Nichols","ward":"78","tree_id":"GN8035NI0UNG002","band_m":10}},{"type":"Feature","geometry":{"type":"Point","coordinates":[77.608959,12.993675]},"properties":{"species":"Markhamia Lutea (Benth.) K.Schum","ward":"78","tree_id":"GN8035NI0UIG001","band_m":5}},{"type":"Feature","geometry":{"type":"Point","coordinates":[77.60899,12.993692]},"properties":{"species":"Ptychosperma Macarthuri Nichols","ward":"78","tree_id":"GN8035NI0UJO001","band_m":10}},{"type":"Feature","geometry":{"type":"Point","coordinates":[77.608936,12.993695]},"properties":{"species":"Ptychosperma Macarthuri Nichols","ward":"78","tree_id":"GN8035NI0UIM001","band_m":5}},{"type":"Feature","geometry":{"type":"Point","coordinates":[77.608929,12.99369]},"properties":{"species":"Ptychosperma Macarthuri Nichols","ward":"78","tree_id":"GN8035NI0UHP001","band_m":5}},{"type":"Feature","geometry":{"type":"Point","coordinates":[77.608962,12.993717]},"properties":{"species":"Ptychosperma Macarthuri Nichols","ward":"78","tree_id":"GN8035NI0UNK001","band_m":10}},{"type":"Feature","geometry":{"type":"Point","coordinates":[77.6089,12.993744]},"properties":{"species":"Ptychosperma Macarthuri Nichols","ward":"78","tree_id":"GN8035NI0URE001","band_m":10}},{"type":"Feature","geometry":{"type":"Point","coordinates":[77.608915,12.993707]},"properties":{"species":"Ptychosperma Macarthuri Nichols","ward":"78","tree_id":"GN8035NI0UMF001","band_m":5}},{"type":"Feature","geometry":{"type":"Point","coordinates":[77.608996,12.993711]},"properties":{"species":"Ptychosperma Macarthuri Nichols","ward":"78","tree_id":"GN8035NI0UOG001","band_m":10}},{"type":"Feature","geometry":{"type":"Point","coordinates":[77.608999,12.993717]},"properties":{"species":"Markhamia Lutea (Benth.) K.Schum","ward":"78","tree_id":"GN8035NI0UOL001","band_m":10}},{"type":"Feature","geometry":{"type":"Point","coordinates":[77.608895,12.993743]},"properties":{"species":"Ptychosperma Macarthuri Nichols","ward":"78","tree_id":"GN8035NI0UQH001","band_m":5}},{"type":"Feature","geometry":{"type":"Point","coordinates":[77.608948,12.99374]},"properties":{"species":"Ptychosperma Macarthuri Nichols","ward":"78","tree_id":"GN8035NI0USB002","band_m":10}},{"type":"Feature","geometry":{"type":"Point","coordinates":[77.608897,12.993689]},"properties":{"species":"Ptychosperma Macarthuri Nichols","ward":"78","tree_id":"GN8035NI0UGP002","band_m":5}},{"type":"Feature","geometry":{"type":"Point","coordinates":[77.608897,12.993764]},"properties":{"species":"Ptychosperma Macarthuri Nichols","ward":"78","tree_id":"GN8035NI0UQP001","band_m":10}},{"type":"Feature","geometry":{"type":"Point","coordinates":[77.608874,12.993738]},"properties":{"species":"Ptychosperma Macarthuri Nichols","ward":"78","tree_id":"GN8035NI0UQB001","band_m":5}},{"type":"Feature","geometry":{"type":"Point","coordinates":[77.608874,12.993726]},"properties":{"species":"Saraca Asoca (Roxb.) De Wilde","ward":"78","tree_id":"GN8035NI0ULN001","band_m":5}},{"type":"Feature","geometry":{"type":"Point","coordinates":[77.608885,12.993759]},"properties":{"species":"Markhamia Lutea (Benth.) K.Schum","ward":"78","tree_id":"GN8035NI0UQO001","band_m":10}},{"type":"Feature","geometry":{"type":"Point","coordinates":[77.608937,12.993754]},"properties":{"species":"Samanea Saman (Jacq.) Merr.","ward":"78","tree_id":"GN8035NI0USI002","band_m":10}},{"type":"Feature","geometry":{"type":"Point","coordinates":[77.608857,12.993766]},"properties":{"species":"Ptychosperma Macarthuri Nichols","ward":"78","tree_id":"GN8035NI0UPP001","band_m":5}},{"type":"Feature","geometry":{"type":"Point","coordinates":[77.608874,12.993761]},"properties":{"species":"Ptychosperma Macarthuri Nichols","ward":"78","tree_id":"GN8035NI0UQN001","band_m":5}},{"type":"Feature","geometry":{"type":"Point","coordinates":[77.608868,12.993785]},"properties":{"species":"Ptychosperma Macarthuri Nichols","ward":"78","tree_id":"GN8035NI0UVE001","band_m":10}},{"type":"Feature","geometry":{"type":"Point","coordinates":[77.608835,12.993813]},"properties":{"species":"Ptychosperma Macarthuri Nichols","ward":"78","tree_id":"GN8035NJ0AAB001","band_m":10}},{"type":"Feature","geometry":{"type":"Point","coordinates":[77.608855,12.993782]},"properties":{"species":"Ptychosperma Macarthuri Nichols","ward":"78","tree_id":"GN8035NI0UUH001","band_m":5}},{"type":"Feature","geometry":{"type":"Point","coordinates":[77.608819,12.993803]},"properties":{"species":"Ptychosperma Macarthuri Nichols","ward":"78","tree_id":"GN8035MI9YYP001","band_m":5}},{"type":"Feature","geometry":{"type":"Point","coordinates":[77.608844,12.993787]},"properties":{"species":"Peltophorum Pterocarpum (Dc.) Back. Ex K. Heyne","ward":"78","tree_id":"GN8035NI0UUK001","band_m":5}},{"type":"Feature","geometry":{"type":"Point","coordinates":[77.608813,12.993813]},"properties":{"species":"Ptychosperma Macarthuri Nichols","ward":"78","tree_id":"GN8035MJ9EEC001","band_m":5}},{"type":"Feature","geometry":{"type":"Point","coordinates":[77.608778,12.993844]},"properties":{"species":"Ptychosperma Macarthuri Nichols","ward":"78","tree_id":"GN8035MJ9EIC001","band_m":5}},{"type":"Feature","geometry":{"type":"Point","coordinates":[77.608801,12.993854]},"properties":{"species":"Ptychosperma Macarthuri Nichols","ward":"78","tree_id":"GN8035MJ9EJF001","band_m":10}},{"type":"Feature","geometry":{"type":"Point","coordinates":[77.608784,12.9938]},"properties":{"species":"Ptychosperma Macarthuri Nichols","ward":"78","tree_id":"GN8035MI9YXP001","band_m":5}},{"type":"Feature","geometry":{"type":"Point","coordinates":[77.608818,12.993856]},"properties":{"species":"Saraca Asoca (Roxb.) De Wilde","ward":"78","tree_id":"GN8035MJ9EJH001","band_m":10}},{"type":"Feature","geometry":{"type":"Point","coordinates":[77.608762,12.993825]},"properties":{"species":"Ptychosperma Macarthuri Nichols","ward":"78","tree_id":"GN8035MJ9EDJ001","band_m":5}},{"type":"Feature","geometry":{"type":"Point","coordinates":[77.608802,12.993822]},"properties":{"species":"Ptychosperma Macarthuri Nichols","ward":"78","tree_id":"GN8035MJ9EEF001","band_m":5}},{"type":"Feature","geometry":{"type":"Point","coordinates":[77.608748,12.993828]},"properties":{"species":"Ptychosperma Macarthuri Nichols","ward":"78","tree_id":"GN8035MJ9ECL001","band_m":5}},{"type":"Feature","geometry":{"type":"Point","coordinates":[77.608783,12.993827]},"properties":{"species":"Ptychosperma Macarthuri Nichols","ward":"78","tree_id":"GN8035MJ9EDL001","band_m":5}},{"type":"Feature","geometry":{"type":"Point","coordinates":[77.608773,12.993882]},"properties":{"species":"Ptychosperma Macarthuri Nichols","ward":"78","tree_id":"GN8035MJ9ENC001","band_m":10}},{"type":"Feature","geometry":{"type":"Point","coordinates":[77.608726,12.993873]},"properties":{"species":"Ptychosperma Macarthuri Nichols","ward":"78","tree_id":"GN8035MJ9EHN001","band_m":5}},{"type":"Feature","geometry":{"type":"Point","coordinates":[77.608763,12.993853]},"properties":{"species":"Ptychosperma Macarthuri Nichols","ward":"78","tree_id":"GN8035MJ9EIF001","band_m":5}},{"type":"Feature","geometry":{"type":"Point","coordinates":[77.608794,12.99384]},"properties":{"species":"Saraca Asoca (Roxb.) De Wilde","ward":"78","tree_id":"GN8035MJ9EEM001","band_m":5}},{"type":"Feature","geometry":{"type":"Point","coordinates":[77.608755,12.99386]},"properties":{"species":"Ptychosperma Macarthuri Nichols","ward":"78","tree_id":"GN8035MJ9EII001","band_m":5}},{"type":"Feature","geometry":{"type":"Point","coordinates":[77.608795,12.993863]},"properties":{"species":"Spathodea Campanulata P. Beauv","ward":"78","tree_id":"GN8035MJ9EJI001","band_m":10}},{"type":"Feature","geometry":{"type":"Point","coordinates":[77.608739,12.993858]},"properties":{"species":"Markhamia Lutea (Benth.) K.Schum","ward":"78","tree_id":"GN8035MJ9EHG001","band_m":5}},{"type":"Feature","geometry":{"type":"Point","coordinates":[77.608853,12.993798]},"properties":{"species":"Ptychosperma Macarthuri Nichols","ward":"78","tree_id":"GN8035NI0UUP001","band_m":10}},{"type":"Feature","geometry":{"type":"Point","coordinates":[77.608661,12.99394]},"properties":{"species":"Ptychosperma Macarthuri Nichols","ward":"78","tree_id":"GN8035MJ9EPK001","band_m":5}},{"type":"Feature","geometry":{"type":"Point","coordinates":[77.6087,12.993878]},"properties":{"species":"Saraca Asoca (Roxb.) De Wilde","ward":"78","tree_id":"GN8035MJ9EGO001","band_m":5}},{"type":"Feature","geometry":{"type":"Point","coordinates":[77.608576,12.993983]},"properties":{"species":"Markhamia Lutea (Benth.) K.Schum","ward":"78","tree_id":"GN8035MJ9DXM001","band_m":5}},{"type":"Feature","geometry":{"type":"Point","coordinates":[77.60862,12.993969]},"properties":{"species":"Caryota Mitis Lour.","ward":"78","tree_id":"GN8035MJ9DYF001","band_m":5}},{"type":"Feature","geometry":{"type":"Point","coordinates":[77.608555,12.994045]},"properties":{"species":"Ptychosperma Macarthuri Nichols","ward":"78","tree_id":"GN8035MJ9IHK001","band_m":15}},{"type":"Feature","geometry":{"type":"Point","coordinates":[77.608638,12.994019]},"properties":{"species":"Ptychosperma Macarthuri Nichols","ward":"78","tree_id":"GN8035MJ9IEP001","band_m":10}},{"type":"Feature","geometry":{"type":"Point","coordinates":[77.608519,12.994016]},"properties":{"species":"Ptychosperma Macarthuri Nichols","ward":"78","tree_id":"GN8035MJ9IBO001","band_m":15}},{"type":"Feature","geometry":{"type":"Point","coordinates":[77.608525,12.994008]},"properties":{"species":"Ptychosperma Macarthuri Nichols","ward":"78","tree_id":"GN8035MJ9IBL001","band_m":10}},{"type":"Feature","geometry":{"type":"Point","coordinates":[77.608536,12.994038]},"properties":{"species":"Ptychosperma Macarthuri Nichols","ward":"78","tree_id":"GN8035MJ9IHE001","band_m":15}},{"type":"Feature","geometry":{"type":"Point","coordinates":[77.60854,12.994052]},"properties":{"species":"Ptychosperma Macarthuri Nichols","ward":"78","tree_id":"GN8035MJ9IHM001","band_m":15}},{"type":"Feature","geometry":{"type":"Point","coordinates":[77.608519,12.994008]},"properties":{"species":"Ptychosperma Macarthuri Nichols","ward":"78","tree_id":"GN8035MJ9IBK001","band_m":10}},{"type":"Feature","geometry":{"type":"Point","coordinates":[77.608575,12.994039]},"properties":{"species":"Ptychosperma Macarthuri Nichols","ward":"78","tree_id":"GN8035MJ9IIE001","band_m":10}},{"type":"Feature","geometry":{"type":"Point","coordinates":[77.608557,12.99403]},"properties":{"species":"Ptychosperma Macarthuri Nichols","ward":"78","tree_id":"GN8035MJ9IHC001","band_m":10}},{"type":"Feature","geometry":{"type":"Point","coordinates":[77.608537,12.994031]},"properties":{"species":"Saraca Asoca (Roxb.) De Wilde","ward":"78","tree_id":"GN8035MJ9IHA001","band_m":15}},{"type":"Feature","geometry":{"type":"Point","coordinates":[77.608578,12.994037]},"properties":{"species":"Ptychosperma Macarthuri Nichols","ward":"78","tree_id":"GN8035MJ9IIF001","band_m":10}},{"type":"Feature","geometry":{"type":"Point","coordinates":[77.608525,12.994023]},"properties":{"species":"Ptychosperma Macarthuri Nichols","ward":"78","tree_id":"GN8035MJ9IBP001","band_m":15}},{"type":"Feature","geometry":{"type":"Point","coordinates":[77.608496,12.99403]},"properties":{"species":"Ptychosperma Macarthuri Nichols","ward":"78","tree_id":"GN8035MJ9IGA001","band_m":15}},{"type":"Feature","geometry":{"type":"Point","coordinates":[77.60854,12.994071]},"properties":{"species":"Ptychosperma Macarthuri Nichols","ward":"78","tree_id":"GN8035MJ9IME001","band_m":15}},{"type":"Feature","geometry":{"type":"Point","coordinates":[77.60853,12.994071]},"properties":{"species":"Ptychosperma Macarthuri Nichols","ward":"78","tree_id":"GN8035MJ9ILH001","band_m":15}},{"type":"Feature","geometry":{"type":"Point","coordinates":[77.608508,12.994019]},"properties":{"species":"Ptychosperma Macarthuri Nichols","ward":"78","tree_id":"GN8035MJ9IBN001","band_m":15}},{"type":"Feature","geometry":{"type":"Point","coordinates":[77.608508,12.994059]},"properties":{"species":"Ptychosperma Macarthuri Nichols","ward":"78","tree_id":"GN8035MJ9IGN001","band_m":15}},{"type":"Feature","geometry":{"type":"Point","coordinates":[77.608549,12.994076]},"properties":{"species":"Ptychosperma Macarthuri Nichols","ward":"78","tree_id":"GN8035MJ9IMF001","band_m":15}},{"type":"Feature","geometry":{"type":"Point","coordinates":[77.608649,12.994088]},"properties":{"species":"Michelia Longifolia Blume","ward":"78","tree_id":"GN8035MJ9JKM001","band_m":15}},{"type":"Feature","geometry":{"type":"Point","coordinates":[77.60872,12.994026]},"properties":{"species":"Pongamia Pinnata (L.) Pierre","ward":"78","tree_id":"GN8035MJ9JHA001","band_m":15}},{"type":"Feature","geometry":{"type":"Point","coordinates":[77.60866,12.993987]},"properties":{"species":"Thespesia Populnea","ward":"78","tree_id":"GN8035MJ9EUN001","band_m":10}},{"type":"Feature","geometry":{"type":"Point","coordinates":[77.608683,12.994018]},"properties":{"species":"Ficus Religiosa L.","ward":"78","tree_id":"GN8035MJ9JBM001","band_m":15}},{"type":"Feature","geometry":{"type":"Point","coordinates":[77.60909,12.993684]},"properties":{"species":"Terminalia Catappa L","ward":"78","tree_id":"GN8035NI0VHJ001","band_m":10}},{"type":"Feature","geometry":{"type":"Point","coordinates":[77.608942,12.993791]},"properties":{"species":"Swietenia Mahagoni (L.) Jacq.","ward":"78","tree_id":"GN8035NI0UXI001","band_m":15}},{"type":"Feature","geometry":{"type":"Point","coordinates":[77.608865,12.993868]},"properties":{"species":"Ficus Religiosa L.","ward":"78","tree_id":"GN8035NJ0AGM001","band_m":15}},{"type":"Feature","geometry":{"type":"Point","coordinates":[77.608829,12.993888]},"properties":{"species":"Markhamia Lutea (Benth.) K.Schum","ward":"78","tree_id":"GN8035NJ0AKE001","band_m":15}},{"type":"Feature","geometry":{"type":"Point","coordinates":[77.595101,12.999996]},"properties":{"species":"Samanea Saman (Jacq.) Merr.","ward":"63","tree_id":"GN8035QF5PKL001","band_m":10}},{"type":"Feature","geometry":{"type":"Point","coordinates":[77.595162,12.999917]},"properties":{"species":"Ficus Religiosa L.","ward":"63","tree_id":"GN8035QF5PCG001","band_m":10}}]}