{"type": "FeatureCollection", "features": [{"type": "Feature", "geometry": {"type": "Point", "coordinates": [77.6191896, 12.9156111]}, "properties": {"species": "Pongamia Pinnata (L.) Pierre", "ward": "176", "tree_id": "GN8025YC2KXB001", "status": 1, "band_m": 5}}, {"type": "Feature", "geometry": {"type": "Point", "coordinates": [77.6191686, 12.915622099999998]}, "properties": {"species": "Tabebuia Rosea (Bertol) Dc.", "ward": "176", "tree_id": "GN8025YC2KWH001", "status": 1, "band_m": 5}}, {"type": "Feature", "geometry": {"type": "Point", "coordinates": [77.6191926, 12.915634100000002]}, "properties": {"species": "Pongamia Pinnata (L.) Pierre", "ward": "176", "tree_id": "GN8025YC2KXK001", "status": 1, "band_m": 5}}, {"type": "Feature", "geometry": {"type": "Point", "coordinates": [77.6199636, 12.9159031]}, "properties": {"species": "Pongamia Pinnata (L.) Pierre", "ward": "176", "tree_id": "GN8025YC2YOF001", "status": 1, "band_m": 5}}, {"type": "Feature", "geometry": {"type": "Point", "coordinates": [77.6206406, 12.917363099999996]}, "properties": {"species": "Grevillea Robusta Cunn. Ex R. Br.", "ward": "172", "tree_id": "GN8025YE3NMN001", "status": 1, "band_m": 5}}, {"type": "Feature", "geometry": {"type": "Point", "coordinates": [77.6206676, 12.917363099999998]}, "properties": {"species": "Grevillea Robusta Cunn. Ex R. Br.", "ward": "172", "tree_id": "GN8025YE3NNM001", "status": 1, "band_m": 5}}, {"type": "Feature", "geometry": {"type": "Point", "coordinates": [77.6206526, 12.917386099999998]}, "properties": {"species": "Grevillea Robusta Cunn. Ex R. Br.", "ward": "172", "tree_id": "GN8025YE3NRK001", "status": 1, "band_m": 5}}, {"type": "Feature", "geometry": {"type": "Point", "coordinates": [77.6206896, 12.917411099999997]}, "properties": {"species": "Grevillea Robusta Cunn. Ex R. Br.", "ward": "172", "tree_id": "GN8025YE3NXG001", "status": 1, "band_m": 5}}, {"type": "Feature", "geometry": {"type": "Point", "coordinates": [77.62070260000002, 12.917421099999997]}, "properties": {"species": "Grevillea Robusta Cunn. Ex R. Br.", "ward": "172", "tree_id": "GN8025YE3NYI001", "status": 1, "band_m": 5}}, {"type": "Feature", "geometry": {"type": "Point", "coordinates": [77.6207156, 12.917422100000001]}, "properties": {"species": "Grevillea Robusta Cunn. Ex R. Br.", "ward": "172", "tree_id": "GN8025YE3NYJ001", "status": 1, "band_m": 5}}, {"type": "Feature", "geometry": {"type": "Point", "coordinates": [77.6208696, 12.917605099999998]}, "properties": {"species": "Manilkara Zapota (L.) P. Royen", "ward": "172", "tree_id": "GN8025YE3TXK001", "status": 1, "band_m": 5}}, {"type": "Feature", "geometry": {"type": "Point", "coordinates": [77.6209696, 12.9177661]}, "properties": {"species": "Terminalia Catappa L", "ward": "172", "tree_id": "GN8025YE4UVA001", "status": 1, "band_m": 5}}, {"type": "Feature", "geometry": {"type": "Point", "coordinates": [77.6210436, 12.917968099999998]}, "properties": {"species": "Jacaranda Acutifolia Humb. & Bonp", "ward": "172", "tree_id": "GN8025YF4AXM001", "status": 1, "band_m": 5}}, {"type": "Feature", "geometry": {"type": "Point", "coordinates": [77.6210656, 12.917972099999998]}, "properties": {"species": "Delonix Regia (Bojer Ex Hook.) Raf.", "ward": "172", "tree_id": "GN8025YF4AXO001", "status": 1, "band_m": 5}}, {"type": "Feature", "geometry": {"type": "Point", "coordinates": [77.6210396, 12.917979099999998]}, "properties": {"species": "Jacaranda Acutifolia Humb. & Bonp", "ward": "172", "tree_id": "GN8025YF4FDA001", "status": 1, "band_m": 5}}, {"type": "Feature", "geometry": {"type": "Point", "coordinates": [77.6210636, 12.9180931]}, "properties": {"species": "Saraca Asoca (Roxb.) De Wilde", "ward": "172", "tree_id": "GN8025YF4FSG001", "status": 1, "band_m": 5}}, {"type": "Feature", "geometry": {"type": "Point", "coordinates": [77.62108960000002, 12.9181111]}, "properties": {"species": "Saraca Asoca (Roxb.) De Wilde", "ward": "172", "tree_id": "GN8025YF4FTN001", "status": 1, "band_m": 5}}, {"type": "Feature", "geometry": {"type": "Point", "coordinates": [77.6211066, 12.918123099999997]}, "properties": {"species": "Phyllanthus Acidus (L.) Skeels", "ward": "172", "tree_id": "GN8025YF4FYD001", "status": 1, "band_m": 5}}, {"type": "Feature", "geometry": {"type": "Point", "coordinates": [77.62109160000001, 12.9181251]}, "properties": {"species": "Bombax Malabaricum Dc", "ward": "172", "tree_id": "GN8025YF4FYB001", "status": 1, "band_m": 5}}, {"type": "Feature", "geometry": {"type": "Point", "coordinates": [77.6210836, 12.9181261]}, "properties": {"species": "Tectona Grandis L.F", "ward": "172", "tree_id": "GN8025YF4FYA001", "status": 1, "band_m": 5}}, {"type": "Feature", "geometry": {"type": "Point", "coordinates": [77.6210676, 12.918131099999998]}, "properties": {"species": "Saraca Asoca (Roxb.) De Wilde", "ward": "172", "tree_id": "GN8025YF4FXG001", "status": 1, "band_m": 5}}, {"type": "Feature", "geometry": {"type": "Point", "coordinates": [77.6210796, 12.918142099999999]}, "properties": {"species": "Bombax Malabaricum Dc", "ward": "172", "tree_id": "GN8025YF4FYI001", "status": 1, "band_m": 5}}, {"type": "Feature", "geometry": {"type": "Point", "coordinates": [77.6211126, 12.9181711]}, "properties": {"species": "Livistona Chinensis (Jacq.) R. Br. Ex Mart.", "ward": "172", "tree_id": "GN8025YF4KEH001", "status": 1, "band_m": 5}}, {"type": "Feature", "geometry": {"type": "Point", "coordinates": [77.6210906, 12.9181841]}, "properties": {"species": "Terminalia Catappa L", "ward": "172", "tree_id": "GN8025YF4KEN002", "status": 1, "band_m": 5}}, {"type": "Feature", "geometry": {"type": "Point", "coordinates": [77.6210966, 12.918190099999999]}, "properties": {"species": "Pritchardia Pacifica Seem. & H. Wendl.", "ward": "172", "tree_id": "GN8025YF4KEN001", "status": 1, "band_m": 5}}, {"type": "Feature", "geometry": {"type": "Point", "coordinates": [77.6210906, 12.9181961]}, "properties": {"species": "Livistona Chinensis (Jacq.) R. Br. Ex Mart.", "ward": "172", "tree_id": "GN8025YF4KJB001", "status": 1, "band_m": 5}}, {"type": "Feature", "geometry": {"type": "Point", "coordinates": [77.6211186, 12.918197099999999]}, "properties": {"species": "Livistona Chinensis (Jacq.) R. Br. Ex Mart.", "ward": "172", "tree_id": "GN8025YF4LFA001", "status": 1, "band_m": 5}}, {"type": "Feature", "geometry": {"type": "Point", "coordinates": [77.6211066, 12.9182061]}, "properties": {"species": "Livistona Chinensis (Jacq.) R. Br. Ex Mart.", "ward": "172", "tree_id": "GN8025YF4KJH001", "status": 1, "band_m": 5}}, {"type": "Feature", "geometry": {"type": "Point", "coordinates": [77.6210746, 12.918631099999997]}, "properties": {"species": "Saraca Asoca (Roxb.) De Wilde", "ward": "172", "tree_id": "GN8025YF4USD001", "status": 1, "band_m": 5}}, {"type": "Feature", "geometry": {"type": "Point", "coordinates": [77.6211146, 12.9186381]}, "properties": {"species": "Saraca Asoca (Roxb.) De Wilde", "ward": "172", "tree_id": "GN8025YF4UTH001", "status": 1, "band_m": 5}}, {"type": "Feature", "geometry": {"type": "Point", "coordinates": [77.6211106, 12.918653099999997]}, "properties": {"species": "Artocarpus Heterophyllus Lam.", "ward": "172", "tree_id": "GN8025YF4UTO001", "status": 1, "band_m": 5}}, {"type": "Feature", "geometry": {"type": "Point", "coordinates": [77.6210876, 12.9186811]}, "properties": {"species": "Livistona Chinensis (Jacq.) R. Br. Ex Mart.", "ward": "172", "tree_id": "GN8025YF4UYI001", "status": 1, "band_m": 5}}, {"type": "Feature", "geometry": {"type": "Point", "coordinates": [77.6210376, 12.9189231]}, "properties": {"species": "Grevillea Robusta Cunn. Ex R. Br.", "ward": "172", "tree_id": "GN8025YG4FHC001", "status": 1, "band_m": 5}}, {"type": "Feature", "geometry": {"type": "Point", "coordinates": [77.6210246, 12.919095099999996]}, "properties": {"species": "Saraca Asoca (Roxb.) De Wilde", "ward": "172", "tree_id": "GN8025YG4KCN001", "status": 1, "band_m": 5}}, {"type": "Feature", "geometry": {"type": "Point", "coordinates": [77.6210146, 12.9191141]}, "properties": {"species": "Saraca Asoca (Roxb.) De Wilde", "ward": "172", "tree_id": "GN8025YG4KHI001", "status": 1, "band_m": 5}}, {"type": "Feature", "geometry": {"type": "Point", "coordinates": [77.6209896, 12.919121100000002]}, "properties": {"species": "Saraca Asoca (Roxb.) De Wilde", "ward": "172", "tree_id": "GN8025YG4KGJ001", "status": 1, "band_m": 5}}, {"type": "Feature", "geometry": {"type": "Point", "coordinates": [77.6209876, 12.9191491]}, "properties": {"species": "Saraca Asoca (Roxb.) De Wilde", "ward": "172", "tree_id": "GN8025YG4KLF001", "status": 1, "band_m": 5}}, {"type": "Feature", "geometry": {"type": "Point", "coordinates": [77.6209936, 12.919157100000001]}, "properties": {"species": "Saraca Asoca (Roxb.) De Wilde", "ward": "172", "tree_id": "GN8025YG4KLJ001", "status": 1, "band_m": 5}}, {"type": "Feature", "geometry": {"type": "Point", "coordinates": [77.6209776, 12.919177099999997]}, "properties": {"species": "Saraca Asoca (Roxb.) De Wilde", "ward": "172", "tree_id": "GN8025YG4KPD001", "status": 1, "band_m": 5}}, {"type": "Feature", "geometry": {"type": "Point", "coordinates": [77.6209846, 12.9191791]}, "properties": {"species": "Cocos Nucifera L.", "ward": "172", "tree_id": "GN8025YG4KQE001", "status": 1, "band_m": 5}}, {"type": "Feature", "geometry": {"type": "Point", "coordinates": [77.6417146, 12.959422199999999]}, "properties": {"species": "Markhamia Lutea (Benth.) K.Schum", "ward": "112", "tree_id": "GN8530VB6FMJ001", "status": 1, "band_m": 5}}, {"type": "Feature", "geometry": {"type": "Point", "coordinates": [77.6417456, 12.959775199999997]}, "properties": {"species": "Ficus Benghalensis L.", "ward": "112", "tree_id": "GN8530VB6PNI001", "status": 1, "band_m": 5}}, {"type": "Feature", "geometry": {"type": "Point", "coordinates": [77.6417966, 12.959905199999998]}, "properties": {"species": "Tabebuia Rosea (Bertol) Dc.", "ward": "112", "tree_id": "GN8530VB6UJB002", "status": 1, "band_m": 5}}, {"type": "Feature", "geometry": {"type": "Point", "coordinates": [77.6417966, 12.959905199999998]}, "properties": {"species": "Tabebuia Rosea (Bertol) Dc.", "ward": "112", "tree_id": "GN8530VB6UJB001", "status": 1, "band_m": 5}}, {"type": "Feature", "geometry": {"type": "Point", "coordinates": [77.6415816, 12.9605152]}, "properties": {"species": "Tabebuia Rosea (Bertol) Dc.", "ward": "112", "tree_id": "GN8530VC5ONN001", "status": 1, "band_m": 5}}, {"type": "Feature", "geometry": {"type": "Point", "coordinates": [77.6415816, 12.9605152]}, "properties": {"species": "Markhamia Lutea (Benth.) K.Schum", "ward": "112", "tree_id": "GN8530VC5ONN003", "status": 1, "band_m": 5}}, {"type": "Feature", "geometry": {"type": "Point", "coordinates": [77.6415816, 12.9605152]}, "properties": {"species": "Ficus Racemosa L.", "ward": "112", "tree_id": "GN8530VC5ONN002", "status": 1, "band_m": 5}}, {"type": "Feature", "geometry": {"type": "Point", "coordinates": [77.6416106, 12.9605872]}, "properties": {"species": "Ficus Benjamina L.", "ward": "112", "tree_id": "GN8530VC5OYM001", "status": 1, "band_m": 5}}, {"type": "Feature", "geometry": {"type": "Point", "coordinates": [77.6418906, 12.9607322]}, "properties": {"species": "Tabebuia Rosea (Bertol) Dc.", "ward": "88", "tree_id": "GN8530VC6QVD001", "status": 1, "band_m": 5}}, {"type": "Feature", "geometry": {"type": "Point", "coordinates": [77.64189160000001, 12.960831200000001]}, "properties": {"species": "Swietenia Mahagoni (L.) Jacq.", "ward": "88", "tree_id": "GN8530VC6VGP001", "status": 1, "band_m": 5}}, {"type": "Feature", "geometry": {"type": "Point", "coordinates": [77.6418866, 12.960836200000001]}, "properties": {"species": "Pritchardia Pacifica Seem. & H. Wendl.", "ward": "88", "tree_id": "GN8530VC6VGO001", "status": 1, "band_m": 5}}, {"type": "Feature", "geometry": {"type": "Point", "coordinates": [77.6418976, 12.961291199999998]}, "properties": {"species": "Roystonea Regia (H.B.K) O. F. Cook", "ward": "88", "tree_id": "GN8530VD6GVL001", "status": 1, "band_m": 5}}, {"type": "Feature", "geometry": {"type": "Point", "coordinates": [77.6418606, 12.961325199999997]}, "properties": {"species": "Ficus Religiosa L.", "ward": "88", "tree_id": "GN8530VD6LAH001", "status": 1, "band_m": 5}}, {"type": "Feature", "geometry": {"type": "Point", "coordinates": [77.6418936, 12.961367199999998]}, "properties": {"species": "Others", "ward": "88", "tree_id": "GN8530VD6LGK001", "status": 1, "band_m": 5}}, {"type": "Feature", "geometry": {"type": "Point", "coordinates": [77.6418006, 12.9626472]}, "properties": {"species": "Millingtonia Hortensis L.F", "ward": "88", "tree_id": "GN8530VE6UIP001", "status": 1, "band_m": 5}}, {"type": "Feature", "geometry": {"type": "Point", "coordinates": [77.6415186, 12.963754199999999]}, "properties": {"species": "Markhamia Lutea (Benth.) K.Schum", "ward": "112", "tree_id": "GN8530VG5EKL002", "status": 1, "band_m": 5}}, {"type": "Feature", "geometry": {"type": "Point", "coordinates": [77.6415186, 12.963754199999999]}, "properties": {"species": "Terminalia Catappa L", "ward": "112", "tree_id": "GN8530VG5EKL001", "status": 1, "band_m": 5}}, {"type": "Feature", "geometry": {"type": "Point", "coordinates": [77.6417016, 12.964066199999998]}, "properties": {"species": "Samanea Saman (Jacq.) Merr.", "ward": "88", "tree_id": "GN8530VG6KFC001", "status": 1, "band_m": 5}}, {"type": "Feature", "geometry": {"type": "Point", "coordinates": [77.6416726, 12.964976199999999]}, "properties": {"species": "Samanea Saman (Jacq.) Merr.", "ward": "88", "tree_id": "GN8530VH5OJG002", "status": 1, "band_m": 5}}, {"type": "Feature", "geometry": {"type": "Point", "coordinates": [77.6416726, 12.964976199999999]}, "properties": {"species": "Samanea Saman (Jacq.) Merr.", "ward": "88", "tree_id": "GN8530VH5OJG001", "status": 1, "band_m": 5}}, {"type": "Feature", "geometry": {"type": "Point", "coordinates": [77.6416606, 12.9655692]}, "properties": {"species": "Samanea Saman (Jacq.) Merr.", "ward": "88", "tree_id": "GN8530VI5EOM002", "status": 1, "band_m": 5}}, {"type": "Feature", "geometry": {"type": "Point", "coordinates": [77.6416586, 12.965573199999994]}, "properties": {"species": "Thespesia Populnea", "ward": "88", "tree_id": "GN8530VI5EOM001", "status": 1, "band_m": 5}}, {"type": "Feature", "geometry": {"type": "Point", "coordinates": [77.6415986, 12.966072199999997]}, "properties": {"species": "Delonix Regia (Bojer Ex Hook.) Raf.", "ward": "88", "tree_id": "GN8530VI5THJ001", "status": 1, "band_m": 5}}, {"type": "Feature", "geometry": {"type": "Point", "coordinates": [77.6416026, 12.966102199999998]}, "properties": {"species": "Samanea Saman (Jacq.) Merr.", "ward": "88", "tree_id": "GN8530VI5TMJ001", "status": 1, "band_m": 5}}, {"type": "Feature", "geometry": {"type": "Point", "coordinates": [77.6413936, 12.9666952]}, "properties": {"species": "Ficus Religiosa L.", "ward": "112", "tree_id": "GN8530VJ5IQO013", "status": 1, "band_m": 5}}, {"type": "Feature", "geometry": {"type": "Point", "coordinates": [77.6413936, 12.9666952]}, "properties": {"species": "Delonix Regia (Bojer Ex Hook.) Raf.", "ward": "112", "tree_id": "GN8530VJ5IQO009", "status": 1, "band_m": 5}}, {"type": "Feature", "geometry": {"type": "Point", "coordinates": [77.6413936, 12.9666952]}, "properties": {"species": "Bauhinia Purpurea L.", "ward": "112", "tree_id": "GN8530VJ5IQO008", "status": 1, "band_m": 5}}, {"type": "Feature", "geometry": {"type": "Point", "coordinates": [77.6413936, 12.9666952]}, "properties": {"species": "Delonix Regia (Bojer Ex Hook.) Raf.", "ward": "112", "tree_id": "GN8530VJ5IQO006", "status": 1, "band_m": 5}}, {"type": "Feature", "geometry": {"type": "Point", "coordinates": [77.6413936, 12.9666952]}, "properties": {"species": "Others", "ward": "112", "tree_id": "GN8530VJ5IQO012", "status": 1, "band_m": 5}}, {"type": "Feature", "geometry": {"type": "Point", "coordinates": [77.6413936, 12.9666952]}, "properties": {"species": "Samanea Saman (Jacq.) Merr.", "ward": "112", "tree_id": "GN8530VJ5IQO001", "status": 1, "band_m": 5}}, {"type": "Feature", "geometry": {"type": "Point", "coordinates": [77.6413936, 12.9666952]}, "properties": {"species": "Delonix Regia (Bojer Ex Hook.) Raf.", "ward": "112", "tree_id": "GN8530VJ5IQO002", "status": 1, "band_m": 5}}, {"type": "Feature", "geometry": {"type": "Point", "coordinates": [77.6413936, 12.9666952]}, "properties": {"species": "Delonix Regia (Bojer Ex Hook.) Raf.", "ward": "112", "tree_id": "GN8530VJ5IQO003", "status": 1, "band_m": 5}}, {"type": "Feature", "geometry": {"type": "Point", "coordinates": [77.6413936, 12.9666952]}, "properties": {"species": "Delonix Regia (Bojer Ex Hook.) Raf.", "ward": "112", "tree_id": "GN8530VJ5IQO004", "status": 1, "band_m": 5}}, {"type": "Feature", "geometry": {"type": "Point", "coordinates": [77.6413936, 12.9666952]}, "properties": {"species": "Swietenia Mahagoni (L.) Jacq.", "ward": "112", "tree_id": "GN8530VJ5IQO007", "status": 1, "band_m": 5}}, {"type": "Feature", "geometry": {"type": "Point", "coordinates": [77.6413936, 12.9666952]}, "properties": {"species": "Pongamia Pinnata (L.) Pierre", "ward": "112", "tree_id": "GN8530VJ5IQO010", "status": 1, "band_m": 5}}, {"type": "Feature", "geometry": {"type": "Point", "coordinates": [77.6413936, 12.9666952]}, "properties": {"species": "Markhamia Lutea (Benth.) K.Schum", "ward": "112", "tree_id": "GN8530VJ5IQO014", "status": 1, "band_m": 5}}, {"type": "Feature", "geometry": {"type": "Point", "coordinates": [77.6413936, 12.9666952]}, "properties": {"species": "Pongamia Pinnata (L.) Pierre", "ward": "112", "tree_id": "GN8530VJ5IQO011", "status": 1, "band_m": 5}}, {"type": "Feature", "geometry": {"type": "Point", "coordinates": [77.6413936, 12.9666952]}, "properties": {"species": "Markhamia Lutea (Benth.) K.Schum", "ward": "112", "tree_id": "GN8530VJ5IQO005", "status": 1, "band_m": 5}}, {"type": "Feature", "geometry": {"type": "Point", "coordinates": [77.6413936, 12.9666952]}, "properties": {"species": "Delonix Regia (Bojer Ex Hook.) Raf.", "ward": "112", "tree_id": "GN8530VJ5IQO015", "status": 1, "band_m": 5}}, {"type": "Feature", "geometry": {"type": "Point", "coordinates": [77.6415486, 12.966994199999997]}, "properties": {"species": "Delonix Regia (Bojer Ex Hook.) Raf.", "ward": "88", "tree_id": "GN8530VJ5TKC001", "status": 1, "band_m": 5}}, {"type": "Feature", "geometry": {"type": "Point", "coordinates": [77.6415336, 12.967114199999997]}, "properties": {"species": "Azadirachta Indica A. Juss.", "ward": "88", "tree_id": "GN8530VJ5YAJ001", "status": 1, "band_m": 5}}, {"type": "Feature", "geometry": {"type": "Point", "coordinates": [77.6415326, 12.967248199999998]}, "properties": {"species": "Samanea Saman (Jacq.) Merr.", "ward": "88", "tree_id": "GN8530VJ5YUA001", "status": 1, "band_m": 5}}, {"type": "Feature", "geometry": {"type": "Point", "coordinates": [77.6414996, 12.967331200000002]}, "properties": {"species": "Delonix Regia (Bojer Ex Hook.) Raf.", "ward": "88", "tree_id": "GN8535BA5DJJ001", "status": 1, "band_m": 5}}, {"type": "Feature", "geometry": {"type": "Point", "coordinates": [77.6414606, 12.9679182]}, "properties": {"species": "Delonix Regia (Bojer Ex Hook.) Raf.", "ward": "88", "tree_id": "GN8535BA5SNM001", "status": 1, "band_m": 5}}, {"type": "Feature", "geometry": {"type": "Point", "coordinates": [77.6414406, 12.968193199999998]}, "properties": {"species": "Swietenia Mahagoni (L.) Jacq.", "ward": "88", "tree_id": "GN8535BB5DCF001", "status": 1, "band_m": 5}}, {"type": "Feature", "geometry": {"type": "Point", "coordinates": [77.6414426, 12.968286200000001]}, "properties": {"species": "Delonix Regia (Bojer Ex Hook.) Raf.", "ward": "88", "tree_id": "GN8535BB5DMN001", "status": 1, "band_m": 5}}, {"type": "Feature", "geometry": {"type": "Point", "coordinates": [77.6414336, 12.968548199999999]}, "properties": {"species": "Samanea Saman (Jacq.) Merr.", "ward": "88", "tree_id": "GN8535BB5NCA001", "status": 1, "band_m": 5}}, {"type": "Feature", "geometry": {"type": "Point", "coordinates": [77.64141260000001, 12.9687932]}, "properties": {"species": "Bauhinia Purpurea L.", "ward": "88", "tree_id": "GN8535BB5SGO001", "status": 1, "band_m": 5}}, {"type": "Feature", "geometry": {"type": "Point", "coordinates": [77.6413706, 12.9697822]}, "properties": {"species": "Alstonia Macrophylla Wall. Ex Dc.", "ward": "88", "tree_id": "GN8535BC5SUE001", "status": 1, "band_m": 5}}, {"type": "Feature", "geometry": {"type": "Point", "coordinates": [77.6413756, 12.9698382]}, "properties": {"species": "Delonix Regia (Bojer Ex Hook.) Raf.", "ward": "88", "tree_id": "GN8535BC5XAM001", "status": 1, "band_m": 5}}, {"type": "Feature", "geometry": {"type": "Point", "coordinates": [77.6413466, 12.9704152]}, "properties": {"species": "Tabebuia Rosea (Bertol) Dc.", "ward": "80", "tree_id": "GN8535BD5MJN001", "status": 1, "band_m": 5}}, {"type": "Feature", "geometry": {"type": "Point", "coordinates": [77.6413316, 12.970436199999998]}, "properties": {"species": "Samanea Saman (Jacq.) Merr.", "ward": "80", "tree_id": "GN8535BD5MNH001", "status": 1, "band_m": 5}}, {"type": "Feature", "geometry": {"type": "Point", "coordinates": [77.6413216, 12.970647200000002]}, "properties": {"species": "Tabebuia Rosea (Bertol) Dc.", "ward": "80", "tree_id": "GN8535BD5RSC001", "status": 1, "band_m": 5}}, {"type": "Feature", "geometry": {"type": "Point", "coordinates": [77.6411396, 12.971205199999996]}, "properties": {"species": "Callistemon Viminalis (Soland. Ex Gaertn.) G. Don", "ward": "112", "tree_id": "GN8535BE5GSJ004", "status": 1, "band_m": 5}}, {"type": "Feature", "geometry": {"type": "Point", "coordinates": [77.6413126, 12.9708172]}, "properties": {"species": "Swietenia Mahagoni (L.) Jacq.", "ward": "80", "tree_id": "GN8535BD5WNM001", "status": 1, "band_m": 5}}, {"type": "Feature", "geometry": {"type": "Point", "coordinates": [77.6413116, 12.970896200000002]}, "properties": {"species": "Samanea Saman (Jacq.) Merr.", "ward": "80", "tree_id": "GN8535BE5CDA001", "status": 1, "band_m": 5}}, {"type": "Feature", "geometry": {"type": "Point", "coordinates": [77.6412886, 12.970960199999995]}, "properties": {"species": "Samanea Saman (Jacq.) Merr.", "ward": "80", "tree_id": "GN8535BE5CHO001", "status": 1, "band_m": 5}}, {"type": "Feature", "geometry": {"type": "Point", "coordinates": [77.6412896, 12.971105199999998]}, "properties": {"species": "Delonix Regia (Bojer Ex Hook.) Raf.", "ward": "80", "tree_id": "GN8535BE5HCO001", "status": 1, "band_m": 5}}, {"type": "Feature", "geometry": {"type": "Point", "coordinates": [77.6413066, 12.971159200000004]}, "properties": {"species": "Saraca Asoca (Roxb.) De Wilde", "ward": "80", "tree_id": "GN8535BE5HMH001", "status": 1, "band_m": 5}}, {"type": "Feature", "geometry": {"type": "Point", "coordinates": [77.6412746, 12.971295200000002]}, "properties": {"species": "Samanea Saman (Jacq.) Merr.", "ward": "80", "tree_id": "GN8535BE5MHA001", "status": 1, "band_m": 5}}, {"type": "Feature", "geometry": {"type": "Point", "coordinates": [77.6412696, 12.9714822]}, "properties": {"species": "Pongamia Pinnata (L.) Pierre", "ward": "80", "tree_id": "GN8535BE5RGH001", "status": 1, "band_m": 5}}, {"type": "Feature", "geometry": {"type": "Point", "coordinates": [77.6412666, 12.9715242]}, "properties": {"species": "Delonix Regia (Bojer Ex Hook.) Raf.", "ward": "80", "tree_id": "GN8535BE5RLL001", "status": 1, "band_m": 5}}, {"type": "Feature", "geometry": {"type": "Point", "coordinates": [77.6411396, 12.971205199999996]}, "properties": {"species": "Markhamia Lutea (Benth.) K.Schum", "ward": "112", "tree_id": "GN8535BE5GSJ001", "status": 1, "band_m": 5}}, {"type": "Feature", "geometry": {"type": "Point", "coordinates": [77.6411396, 12.971205199999996]}, "properties": {"species": "Michelia Champaca L", "ward": "112", "tree_id": "GN8535BE5GSJ002", "status": 1, "band_m": 5}}, {"type": "Feature", "geometry": {"type": "Point", "coordinates": [77.6411396, 12.971205199999996]}, "properties": {"species": "Markhamia Lutea (Benth.) K.Schum", "ward": "112", "tree_id": "GN8535BE5GSJ003", "status": 1, "band_m": 5}}, {"type": "Feature", "geometry": {"type": "Point", "coordinates": [77.6412856, 12.9717172]}, "properties": {"species": "Pongamia Pinnata (L.) Pierre", "ward": "80", "tree_id": "GN8535BE5WMM001", "status": 1, "band_m": 5}}, {"type": "Feature", "geometry": {"type": "Point", "coordinates": [77.6412576, 12.971820199999998]}, "properties": {"species": "Delonix Regia (Bojer Ex Hook.) Raf.", "ward": "80", "tree_id": "GN8535BF5CBJ001", "status": 1, "band_m": 5}}, {"type": "Feature", "geometry": {"type": "Point", "coordinates": [77.6412866, 12.971856199999998]}, "properties": {"species": "Swietenia Mahagoni (L.) Jacq.", "ward": "80", "tree_id": "GN8535BF5CHI001", "status": 1, "band_m": 5}}, {"type": "Feature", "geometry": {"type": "Point", "coordinates": [77.6412636, 12.9721282]}, "properties": {"species": "Pongamia Pinnata (L.) Pierre", "ward": "80", "tree_id": "GN8535BF5HVC001", "status": 1, "band_m": 5}}, {"type": "Feature", "geometry": {"type": "Point", "coordinates": [77.6412586, 12.972330200000002]}, "properties": {"species": "Swietenia Mahagoni (L.) Jacq.", "ward": "80", "tree_id": "GN8535BF5MVN001", "status": 1, "band_m": 5}}, {"type": "Feature", "geometry": {"type": "Point", "coordinates": [77.6412446, 12.9723382]}, "properties": {"species": "Markhamia Lutea (Benth.) K.Schum", "ward": "80", "tree_id": "GN8535BF5RAD001", "status": 1, "band_m": 5}}, {"type": "Feature", "geometry": {"type": "Point", "coordinates": [77.6412476, 12.9724622]}, "properties": {"species": "Delonix Regia (Bojer Ex Hook.) Raf.", "ward": "80", "tree_id": "GN8535BF5RPH001", "status": 1, "band_m": 5}}, {"type": "Feature", "geometry": {"type": "Point", "coordinates": [77.6412306, 12.972509199999998]}, "properties": {"species": "Samanea Saman (Jacq.) Merr.", "ward": "80", "tree_id": "GN8535BF5RUO001", "status": 1, "band_m": 5}}, {"type": "Feature", "geometry": {"type": "Point", "coordinates": [77.6412256, 12.972816200000002]}, "properties": {"species": "Ficus Benjamina L.", "ward": "80", "tree_id": "GN8535BG5CPB001", "status": 1, "band_m": 5}}, {"type": "Feature", "geometry": {"type": "Point", "coordinates": [77.6410706, 12.972731199999998]}, "properties": {"species": "Markhamia Lutea (Benth.) K.Schum", "ward": "89", "tree_id": "GN8535BG5BBM001", "status": 1, "band_m": 5}}, {"type": "Feature", "geometry": {"type": "Point", "coordinates": [77.6411916, 12.9731792]}, "properties": {"species": "Delonix Regia (Bojer Ex Hook.) Raf.", "ward": "80", "tree_id": "GN8535BG5LTF001", "status": 1, "band_m": 5}}, {"type": "Feature", "geometry": {"type": "Point", "coordinates": [77.6411396, 12.974119199999999]}, "properties": {"species": "Ficus Religiosa L.", "ward": "80", "tree_id": "GN8535BH5LWG001", "status": 1, "band_m": 5}}, {"type": "Feature", "geometry": {"type": "Point", "coordinates": [77.6411286, 12.9741662]}, "properties": {"species": "Swietenia Mahagoni (L.) Jacq.", "ward": "80", "tree_id": "GN8535BH5QCJ001", "status": 1, "band_m": 5}}, {"type": "Feature", "geometry": {"type": "Point", "coordinates": [77.6411126, 12.974287200000001]}, "properties": {"species": "Delonix Regia (Bojer Ex Hook.) Raf.", "ward": "80", "tree_id": "GN8535BH5QQP001", "status": 1, "band_m": 5}}, {"type": "Feature", "geometry": {"type": "Point", "coordinates": [77.6411476, 12.9743542]}, "properties": {"species": "Samanea Saman (Jacq.) Merr.", "ward": "80", "tree_id": "GN8535BH5VCO001", "status": 1, "band_m": 5}}, {"type": "Feature", "geometry": {"type": "Point", "coordinates": [77.6411336, 12.9746072]}, "properties": {"species": "Muntingia Calabura L.", "ward": "80", "tree_id": "GN8535BI5BMN001", "status": 1, "band_m": 5}}, {"type": "Feature", "geometry": {"type": "Point", "coordinates": [77.6411266, 12.974876199999999]}, "properties": {"species": "Delonix Regia (Bojer Ex Hook.) Raf.", "ward": "80", "tree_id": "GN8535BI5LCA001", "status": 1, "band_m": 5}}, {"type": "Feature", "geometry": {"type": "Point", "coordinates": [77.6410906, 12.974980200000001]}, "properties": {"species": "Samanea Saman (Jacq.) Merr.", "ward": "80", "tree_id": "GN8535BI5LPD001", "status": 1, "band_m": 5}}, {"type": "Feature", "geometry": {"type": "Point", "coordinates": [77.6410986, 12.9750502]}, "properties": {"species": "Delonix Regia (Bojer Ex Hook.) Raf.", "ward": "80", "tree_id": "GN8535BI5QBA001", "status": 1, "band_m": 5}}, {"type": "Feature", "geometry": {"type": "Point", "coordinates": [77.6410846, 12.9750732]}, "properties": {"species": "Swietenia Mahagoni (L.) Jacq.", "ward": "80", "tree_id": "GN8535BI5QAL001", "status": 1, "band_m": 5}}, {"type": "Feature", "geometry": {"type": "Point", "coordinates": [77.6410636, 12.975514199999997]}, "properties": {"species": "Samanea Saman (Jacq.) Merr.", "ward": "80", "tree_id": "GN8535BJ5BKM001", "status": 1, "band_m": 5}}, {"type": "Feature", "geometry": {"type": "Point", "coordinates": [77.6410716, 12.9757752]}, "properties": {"species": "Samanea Saman (Jacq.) Merr.", "ward": "80", "tree_id": "GN8535BJ5LAB001", "status": 1, "band_m": 5}}, {"type": "Feature", "geometry": {"type": "Point", "coordinates": [77.6410466, 12.975849199999999]}, "properties": {"species": "Delonix Regia (Bojer Ex Hook.) Raf.", "ward": "80", "tree_id": "GN8535BJ5KOC001", "status": 1, "band_m": 5}}, {"type": "Feature", "geometry": {"type": "Point", "coordinates": [77.6410546, 12.976101199999999]}, "properties": {"species": "Delonix Regia (Bojer Ex Hook.) Raf.", "ward": "80", "tree_id": "GN8535BJ5PYC001", "status": 1, "band_m": 5}}, {"type": "Feature", "geometry": {"type": "Point", "coordinates": [77.6408916, 12.9761592]}, "properties": {"species": "Delonix Regia (Bojer Ex Hook.) Raf.", "ward": "80", "tree_id": "GN8535BJ5UAJ001", "status": 1, "band_m": 5}}, {"type": "Feature", "geometry": {"type": "Point", "coordinates": [77.64089460000001, 12.9761942]}, "properties": {"species": "Delonix Regia (Bojer Ex Hook.) Raf.", "ward": "80", "tree_id": "GN8535BJ5UFJ001", "status": 1, "band_m": 5}}, {"type": "Feature", "geometry": {"type": "Point", "coordinates": [77.6408666, 12.976612199999998]}, "properties": {"species": "Annona Squamosa L", "ward": "80", "tree_id": "GN8535GA4JTB001", "status": 1, "band_m": 5}}, {"type": "Feature", "geometry": {"type": "Point", "coordinates": [77.6408296, 12.9767492]}, "properties": {"species": "Terminalia Catappa L", "ward": "80", "tree_id": "GN8535GA4OIN001", "status": 1, "band_m": 5}}, {"type": "Feature", "geometry": {"type": "Point", "coordinates": [77.6408416, 12.976911199999996]}, "properties": {"species": "Terminalia Catappa L", "ward": "80", "tree_id": "GN8535GA4TIG001", "status": 1, "band_m": 5}}, {"type": "Feature", "geometry": {"type": "Point", "coordinates": [77.6409796, 12.977092199999998]}, "properties": {"species": "Samanea Saman (Jacq.) Merr.", "ward": "80", "tree_id": "GN8535GA5UHJ001", "status": 1, "band_m": 5}}, {"type": "Feature", "geometry": {"type": "Point", "coordinates": [77.6409716, 12.977286200000002]}, "properties": {"species": "Samanea Saman (Jacq.) Merr.", "ward": "80", "tree_id": "GN8535GB5AHM001", "status": 1, "band_m": 5}}, {"type": "Feature", "geometry": {"type": "Point", "coordinates": [77.6409886, 12.9773602]}, "properties": {"species": "Delonix Regia (Bojer Ex Hook.) Raf.", "ward": "80", "tree_id": "GN8535GB5ARO001", "status": 1, "band_m": 5}}, {"type": "Feature", "geometry": {"type": "Point", "coordinates": [77.6407776, 12.977693199999997]}, "properties": {"species": "Michelia Champaca L", "ward": "80", "tree_id": "GN8535GB4OQC012", "status": 1, "band_m": 5}}, {"type": "Feature", "geometry": {"type": "Point", "coordinates": [77.6407776, 12.977693199999997]}, "properties": {"species": "Pongamia Pinnata (L.) Pierre", "ward": "80", "tree_id": "GN8535GB4OQC013", "status": 1, "band_m": 5}}, {"type": "Feature", "geometry": {"type": "Point", "coordinates": [77.6407776, 12.977693199999997]}, "properties": {"species": "Samanea Saman (Jacq.) Merr.", "ward": "80", "tree_id": "GN8535GB4OQC025", "status": 1, "band_m": 5}}, {"type": "Feature", "geometry": {"type": "Point", "coordinates": [77.6407776, 12.977693199999997]}, "properties": {"species": "Pongamia Pinnata (L.) Pierre", "ward": "80", "tree_id": "GN8535GB4OQC028", "status": 1, "band_m": 5}}, {"type": "Feature", "geometry": {"type": "Point", "coordinates": [77.6407776, 12.977693199999997]}, "properties": {"species": "Michelia Longifolia Blume", "ward": "80", "tree_id": "GN8535GB4OQC026", "status": 1, "band_m": 5}}, {"type": "Feature", "geometry": {"type": "Point", "coordinates": [77.6407776, 12.977693199999997]}, "properties": {"species": "Pongamia Pinnata (L.) Pierre", "ward": "80", "tree_id": "GN8535GB4OQC029", "status": 1, "band_m": 5}}, {"type": "Feature", "geometry": {"type": "Point", "coordinates": [77.6407776, 12.977693199999997]}, "properties": {"species": "Saraca Asoca (Roxb.) De Wilde", "ward": "80", "tree_id": "GN8535GB4OQC006", "status": 1, "band_m": 5}}, {"type": "Feature", "geometry": {"type": "Point", "coordinates": [77.6407776, 12.977693199999997]}, "properties": {"species": "Michelia Longifolia Blume", "ward": "80", "tree_id": "GN8535GB4OQC027", "status": 1, "band_m": 5}}, {"type": "Feature", "geometry": {"type": "Point", "coordinates": [77.6407776, 12.977693199999997]}, "properties": {"species": "Peltophorum Pterocarpum (Dc.) Back. Ex K. Heyne", "ward": "80", "tree_id": "GN8535GB4OQC036", "status": 1, "band_m": 5}}, {"type": "Feature", "geometry": {"type": "Point", "coordinates": [77.6407776, 12.977693199999997]}, "properties": {"species": "Saraca Asoca (Roxb.) De Wilde", "ward": "80", "tree_id": "GN8535GB4OQC007", "status": 1, "band_m": 5}}, {"type": "Feature", "geometry": {"type": "Point", "coordinates": [77.6407776, 12.977693199999997]}, "properties": {"species": "Pongamia Pinnata (L.) Pierre", "ward": "80", "tree_id": "GN8535GB4OQC003", "status": 1, "band_m": 5}}, {"type": "Feature", "geometry": {"type": "Point", "coordinates": [77.6407776, 12.977693199999997]}, "properties": {"species": "Averrhoa Carambola L.", "ward": "80", "tree_id": "GN8535GB4OQC008", "status": 1, "band_m": 5}}, {"type": "Feature", "geometry": {"type": "Point", "coordinates": [77.6407776, 12.977693199999997]}, "properties": {"species": "Michelia Longifolia Blume", "ward": "80", "tree_id": "GN8535GB4OQC014", "status": 1, "band_m": 5}}, {"type": "Feature", "geometry": {"type": "Point", "coordinates": [77.6407776, 12.977693199999997]}, "properties": {"species": "Peltophorum Pterocarpum (Dc.) Back. Ex K. Heyne", "ward": "80", "tree_id": "GN8535GB4OQC039", "status": 1, "band_m": 5}}, {"type": "Feature", "geometry": {"type": "Point", "coordinates": [77.6407776, 12.977693199999997]}, "properties": {"species": "Muntingia Calabura L.", "ward": "80", "tree_id": "GN8535GB4OQC033", "status": 1, "band_m": 5}}, {"type": "Feature", "geometry": {"type": "Point", "coordinates": [77.6407776, 12.977693199999997]}, "properties": {"species": "Grevillea Robusta Cunn. Ex R. Br.", "ward": "80", "tree_id": "GN8535GB4OQC015", "status": 1, "band_m": 5}}, {"type": "Feature", "geometry": {"type": "Point", "coordinates": [77.6407776, 12.977693199999997]}, "properties": {"species": "Ficus Racemosa L.", "ward": "80", "tree_id": "GN8535GB4OQC035", "status": 1, "band_m": 5}}, {"type": "Feature", "geometry": {"type": "Point", "coordinates": [77.6407776, 12.977693199999997]}, "properties": {"species": "Pongamia Pinnata (L.) Pierre", "ward": "80", "tree_id": "GN8535GB4OQC009", "status": 1, "band_m": 5}}, {"type": "Feature", "geometry": {"type": "Point", "coordinates": [77.6407776, 12.977693199999997]}, "properties": {"species": "Tabebuia Rosea (Bertol) Dc.", "ward": "80", "tree_id": "GN8535GB4OQC018", "status": 1, "band_m": 5}}, {"type": "Feature", "geometry": {"type": "Point", "coordinates": [77.6407776, 12.977693199999997]}, "properties": {"species": "Peltophorum Pterocarpum (Dc.) Back. Ex K. Heyne", "ward": "80", "tree_id": "GN8535GB4OQC037", "status": 1, "band_m": 5}}, {"type": "Feature", "geometry": {"type": "Point", "coordinates": [77.6407776, 12.977693199999997]}, "properties": {"species": "Artocarpus Heterophyllus Lam.", "ward": "80", "tree_id": "GN8535GB4OQC019", "status": 1, "band_m": 5}}, {"type": "Feature", "geometry": {"type": "Point", "coordinates": [77.6407776, 12.977693199999997]}, "properties": {"species": "Alstonia Macrophylla Wall. Ex Dc.", "ward": "80", "tree_id": "GN8535GB4OQC017", "status": 1, "band_m": 5}}, {"type": "Feature", "geometry": {"type": "Point", "coordinates": [77.6407776, 12.977693199999997]}, "properties": {"species": "Michelia Champaca L", "ward": "80", "tree_id": "GN8535GB4OQC022", "status": 1, "band_m": 5}}, {"type": "Feature", "geometry": {"type": "Point", "coordinates": [77.6407776, 12.977693199999997]}, "properties": {"species": "Bauhinia Purpurea L.", "ward": "80", "tree_id": "GN8535GB4OQC020", "status": 1, "band_m": 5}}, {"type": "Feature", "geometry": {"type": "Point", "coordinates": [77.6407776, 12.977693199999997]}, "properties": {"species": "Others", "ward": "80", "tree_id": "GN8535GB4OQC034", "status": 1, "band_m": 5}}, {"type": "Feature", "geometry": {"type": "Point", "coordinates": [77.6407776, 12.977693199999997]}, "properties": {"species": "Pongamia Pinnata (L.) Pierre", "ward": "80", "tree_id": "GN8535GB4OQC024", "status": 1, "band_m": 5}}, {"type": "Feature", "geometry": {"type": "Point", "coordinates": [77.6407776, 12.977693199999997]}, "properties": {"species": "Michelia Champaca L", "ward": "80", "tree_id": "GN8535GB4OQC023", "status": 1, "band_m": 5}}, {"type": "Feature", "geometry": {"type": "Point", "coordinates": [77.6407776, 12.977693199999997]}, "properties": {"species": "Pongamia Pinnata (L.) Pierre", "ward": "80", "tree_id": "GN8535GB4OQC005", "status": 1, "band_m": 5}}, {"type": "Feature", "geometry": {"type": "Point", "coordinates": [77.6407776, 12.977693199999997]}, "properties": {"species": "Delonix Regia (Bojer Ex Hook.) Raf.", "ward": "80", "tree_id": "GN8535GB4OQC001", "status": 1, "band_m": 5}}, {"type": "Feature", "geometry": {"type": "Point", "coordinates": [77.6407776, 12.977693199999997]}, "properties": {"species": "Michelia Longifolia Blume", "ward": "80", "tree_id": "GN8535GB4OQC032", "status": 1, "band_m": 5}}, {"type": "Feature", "geometry": {"type": "Point", "coordinates": [77.6407776, 12.977693199999997]}, "properties": {"species": "Delonix Regia (Bojer Ex Hook.) Raf.", "ward": "80", "tree_id": "GN8535GB4OQC002", "status": 1, "band_m": 5}}, {"type": "Feature", "geometry": {"type": "Point", "coordinates": [77.6407776, 12.977693199999997]}, "properties": {"species": "Michelia Longifolia Blume", "ward": "80", "tree_id": "GN8535GB4OQC030", "status": 1, "band_m": 5}}, {"type": "Feature", "geometry": {"type": "Point", "coordinates": [77.6407776, 12.977693199999997]}, "properties": {"species": "Michelia Longifolia Blume", "ward": "80", "tree_id": "GN8535GB4OQC031", "status": 1, "band_m": 5}}, {"type": "Feature", "geometry": {"type": "Point", "coordinates": [77.6407776, 12.977693199999997]}, "properties": {"species": "Syzygium Cumini (L.) Skeels", "ward": "80", "tree_id": "GN8535GB4OQC004", "status": 1, "band_m": 5}}, {"type": "Feature", "geometry": {"type": "Point", "coordinates": [77.6407776, 12.977693199999997]}, "properties": {"species": "Pongamia Pinnata (L.) Pierre", "ward": "80", "tree_id": "GN8535GB4OQC011", "status": 1, "band_m": 5}}, {"type": "Feature", "geometry": {"type": "Point", "coordinates": [77.6407776, 12.977693199999997]}, "properties": {"species": "Peltophorum Pterocarpum (Dc.) Back. Ex K. Heyne", "ward": "80", "tree_id": "GN8535GB4OQC038", "status": 1, "band_m": 5}}, {"type": "Feature", "geometry": {"type": "Point", "coordinates": [77.6407776, 12.977693199999997]}, "properties": {"species": "Artocarpus Heterophyllus Lam.", "ward": "80", "tree_id": "GN8535GB4OQC016", "status": 1, "band_m": 5}}, {"type": "Feature", "geometry": {"type": "Point", "coordinates": [77.6407776, 12.977693199999997]}, "properties": {"species": "Michelia Champaca L", "ward": "80", "tree_id": "GN8535GB4OQC021", "status": 1, "band_m": 5}}, {"type": "Feature", "geometry": {"type": "Point", "coordinates": [77.6407776, 12.977693199999997]}, "properties": {"species": "Michelia Longifolia Blume", "ward": "80", "tree_id": "GN8535GB4OQC010", "status": 1, "band_m": 5}}, {"type": "Feature", "geometry": {"type": "Point", "coordinates": [77.6407676, 12.977700200000001]}, "properties": {"species": "Samanea Saman (Jacq.) Merr.", "ward": "80", "tree_id": "GN8535GB4OQF001", "status": 1, "band_m": 5}}, {"type": "Feature", "geometry": {"type": "Point", "coordinates": [77.6454706, 12.978457199999998]}, "properties": {"species": "Swietenia Mahagoni (L.) Jacq.", "ward": "80", "tree_id": "GN8535GC9ODL001", "status": 1, "band_m": 5}}, {"type": "Feature", "geometry": {"type": "Point", "coordinates": [77.64383860000001, 12.978445199999998]}, "properties": {"species": "Others", "ward": "80", "tree_id": "GN8535GC8FYO001", "status": 1, "band_m": 5}}, {"type": "Feature", "geometry": {"type": "Point", "coordinates": [77.6441316, 12.978459199999998]}, "properties": {"species": "Swietenia Mahagoni (L.) Jacq.", "ward": "80", "tree_id": "GN8535GC8MCC001", "status": 1, "band_m": 5}}, {"type": "Feature", "geometry": {"type": "Point", "coordinates": [77.6409576, 12.977802199999998]}, "properties": {"species": "Terminalia Catappa L", "ward": "80", "tree_id": "GN8535GB5PGC001", "status": 1, "band_m": 5}}, {"type": "Feature", "geometry": {"type": "Point", "coordinates": [77.6409646, 12.9779172]}, "properties": {"species": "Delonix Regia (Bojer Ex Hook.) Raf.", "ward": "80", "tree_id": "GN8535GB5PVG001", "status": 1, "band_m": 5}}, {"type": "Feature", "geometry": {"type": "Point", "coordinates": [77.6408596, 12.978075199999994]}, "properties": {"species": "Samanea Saman (Jacq.) Merr.", "ward": "80", "tree_id": "GN8535GB4YSL001", "status": 1, "band_m": 5}}, {"type": "Feature", "geometry": {"type": "Point", "coordinates": [77.6410736, 12.9781552]}, "properties": {"species": "Bauhinia Racemosa Lam", "ward": "80", "tree_id": "GN8535GC5AEO001", "status": 1, "band_m": 5}}, {"type": "Feature", "geometry": {"type": "Point", "coordinates": [77.6410886, 12.978162199999996]}, "properties": {"species": "Terminalia Catappa L", "ward": "80", "tree_id": "GN8535GC5BFA001", "status": 1, "band_m": 5}}, {"type": "Feature", "geometry": {"type": "Point", "coordinates": [77.6411446, 12.9782072]}, "properties": {"species": "Terminalia Catappa L", "ward": "80", "tree_id": "GN8535GC5BLG001", "status": 1, "band_m": 5}}, {"type": "Feature", "geometry": {"type": "Point", "coordinates": [77.6413626, 12.978327200000003]}, "properties": {"species": "Tabebuia Rosea (Bertol) Dc.", "ward": "80", "tree_id": "GN8535GC5HCN001", "status": 1, "band_m": 5}}, {"type": "Feature", "geometry": {"type": "Point", "coordinates": [77.6412726, 12.9782782]}, "properties": {"species": "Millingtonia Hortensis L.F", "ward": "80", "tree_id": "GN8535GC5BYH001", "status": 1, "band_m": 5}}, {"type": "Feature", "geometry": {"type": "Point", "coordinates": [77.6412736, 12.978280199999999]}, "properties": {"species": "Millingtonia Hortensis L.F", "ward": "80", "tree_id": "GN8535GC5CUE001", "status": 1, "band_m": 5}}, {"type": "Feature", "geometry": {"type": "Point", "coordinates": [77.6423186, 12.978388199999996]}, "properties": {"species": "Millingtonia Hortensis L.F", "ward": "80", "tree_id": "GN8535GC6HNJ001", "status": 1, "band_m": 5}}, {"type": "Feature", "geometry": {"type": "Point", "coordinates": [77.6426366, 12.9783972]}, "properties": {"species": "Markhamia Lutea (Benth.) K.Schum", "ward": "80", "tree_id": "GN8535GC6JQD001", "status": 1, "band_m": 5}}, {"type": "Feature", "geometry": {"type": "Point", "coordinates": [77.6427746, 12.978412199999998]}, "properties": {"species": "Swietenia Mahagoni (L.) Jacq.", "ward": "80", "tree_id": "GN8535GC7FPK001", "status": 1, "band_m": 5}}, {"type": "Feature", "geometry": {"type": "Point", "coordinates": [77.6410306, 12.978364199999998]}, "properties": {"species": "Terminalia Catappa L", "ward": "80", "tree_id": "GN8535GC5FIJ001", "status": 1, "band_m": 5}}, {"type": "Feature", "geometry": {"type": "Point", "coordinates": [77.6411246, 12.978401200000002]}, "properties": {"species": "Terminalia Catappa L", "ward": "80", "tree_id": "GN8535GC5GKP001", "status": 1, "band_m": 5}}, {"type": "Feature", "geometry": {"type": "Point", "coordinates": [77.6422716, 12.978376199999998]}, "properties": {"species": "Delonix Regia (Bojer Ex Hook.) Raf.", "ward": "80", "tree_id": "GN8535GC6HME001", "status": 1, "band_m": 5}}, {"type": "Feature", "geometry": {"type": "Point", "coordinates": [77.6421036, 12.978401200000002]}, "properties": {"species": "Tabebuia Rosea (Bertol) Dc.", "ward": "80", "tree_id": "GN8535GC6GRC001", "status": 1, "band_m": 5}}, {"type": "Feature", "geometry": {"type": "Point", "coordinates": [77.6447786, 12.978460199999999]}, "properties": {"species": "Markhamia Lutea (Benth.) K.Schum", "ward": "80", "tree_id": "GN8535GC9LAE001", "status": 1, "band_m": 5}}, {"type": "Feature", "geometry": {"type": "Point", "coordinates": [77.6447786, 12.978479200000002]}, "properties": {"species": "Leucaena Latisiliqua (L.) Gillis", "ward": "80", "tree_id": "GN8535GC9LAM001", "status": 1, "band_m": 5}}, {"type": "Feature", "geometry": {"type": "Point", "coordinates": [77.64509160000001, 12.9784842]}, "properties": {"species": "Markhamia Lutea (Benth.) K.Schum", "ward": "80", "tree_id": "GN8535GC9MIC001", "status": 1, "band_m": 5}}, {"type": "Feature", "geometry": {"type": "Point", "coordinates": [77.6451696, 12.9784902]}, "properties": {"species": "Markhamia Lutea (Benth.) K.Schum", "ward": "80", "tree_id": "GN8535GC9NFG001", "status": 1, "band_m": 5}}, {"type": "Feature", "geometry": {"type": "Point", "coordinates": [77.6453466, 12.9786432]}, "properties": {"species": "Markhamia Lutea (Benth.) K.Schum", "ward": "80", "tree_id": "GN8535GC9TAJ001", "status": 1, "band_m": 5}}, {"type": "Feature", "geometry": {"type": "Point", "coordinates": [77.6458526, 12.978646199999998]}, "properties": {"species": "Markhamia Lutea (Benth.) K.Schum", "ward": "80", "tree_id": "GN8535HC0QEM001", "status": 1, "band_m": 5}}, {"type": "Feature", "geometry": {"type": "Point", "coordinates": [77.6436266, 12.978591199999999]}, "properties": {"species": "Terminalia Catappa L", "ward": "80", "tree_id": "GN8535GC7OSL001", "status": 1, "band_m": 5}}, {"type": "Feature", "geometry": {"type": "Point", "coordinates": [77.6459486, 12.9811552]}, "properties": {"species": "Markhamia Lutea (Benth.) K.Schum", "ward": "80", "tree_id": "GN8535HF0MBE001", "status": 1, "band_m": 5}}, {"type": "Feature", "geometry": {"type": "Point", "coordinates": [77.6464356, 12.978710199999997]}, "properties": {"species": "Pongamia Pinnata (L.) Pierre", "ward": "80", "tree_id": "GN8535HC0TOP001", "status": 1, "band_m": 5}}, {"type": "Feature", "geometry": {"type": "Point", "coordinates": [77.6464416, 12.9793122]}, "properties": {"species": "Bauhinia Purpurea L.", "ward": "80", "tree_id": "GN8535HD0JYH001", "status": 1, "band_m": 5}}, {"type": "Feature", "geometry": {"type": "Point", "coordinates": [77.6463716, 12.9796212]}, "properties": {"species": "Swietenia Mahagoni (L.) Jacq.", "ward": "80", "tree_id": "GN8535HD0TRD001", "status": 1, "band_m": 5}}, {"type": "Feature", "geometry": {"type": "Point", "coordinates": [77.6461246, 12.980464199999998]}, "properties": {"species": "Terminalia Catappa L", "ward": "80", "tree_id": "GN8535HE0SGE001", "status": 1, "band_m": 5}}, {"type": "Feature", "geometry": {"type": "Point", "coordinates": [77.6461426, 12.980512199999996]}, "properties": {"species": "Thespesia Populnea", "ward": "80", "tree_id": "GN8535HE0SLK001", "status": 1, "band_m": 5}}, {"type": "Feature", "geometry": {"type": "Point", "coordinates": [77.6460806, 12.980695200000001]}, "properties": {"species": "Thespesia Populnea", "ward": "80", "tree_id": "GN8535HE0WOL001", "status": 1, "band_m": 5}}, {"type": "Feature", "geometry": {"type": "Point", "coordinates": [77.6461936, 12.9807902]}, "properties": {"species": "Eucalyptus Tereticornis Sm.", "ward": "58", "tree_id": "GN8535HF0DCH001", "status": 1, "band_m": 5}}, {"type": "Feature", "geometry": {"type": "Point", "coordinates": [77.6459776, 12.981188200000002]}, "properties": {"species": "Markhamia Lutea (Benth.) K.Schum", "ward": "80", "tree_id": "GN8535HF0MGH001", "status": 1, "band_m": 5}}, {"type": "Feature", "geometry": {"type": "Point", "coordinates": [77.6459896, 12.9817862]}, "properties": {"species": "Syzygium Cumini (L.) Skeels", "ward": "58", "tree_id": "GN8535HG0CLP001", "status": 1, "band_m": 5}}, {"type": "Feature", "geometry": {"type": "Point", "coordinates": [77.64592060000001, 12.981364199999996]}, "properties": {"species": "Delonix Regia (Bojer Ex Hook.) Raf.", "ward": "80", "tree_id": "GN8535HF0RFA001", "status": 1, "band_m": 5}}, {"type": "Feature", "geometry": {"type": "Point", "coordinates": [77.6459066, 12.981463199999999]}, "properties": {"species": "Simarouba Glauca Dc.", "ward": "80", "tree_id": "GN8535HF0QTP001", "status": 1, "band_m": 5}}, {"type": "Feature", "geometry": {"type": "Point", "coordinates": [77.6459556, 12.981898199999998]}, "properties": {"species": "Bauhinia Racemosa Lam", "ward": "58", "tree_id": "GN8535HG0HBM001", "status": 1, "band_m": 5}}, {"type": "Feature", "geometry": {"type": "Point", "coordinates": [77.6457746, 12.981906200000003]}, "properties": {"species": "Ficus Benjamina L.", "ward": "80", "tree_id": "GN8535HG0GGA001", "status": 1, "band_m": 5}}, {"type": "Feature", "geometry": {"type": "Point", "coordinates": [77.6457876, 12.981927199999998]}, "properties": {"species": "Ficus Benjamina L.", "ward": "80", "tree_id": "GN8535HG0GGJ001", "status": 1, "band_m": 5}}, {"type": "Feature", "geometry": {"type": "Point", "coordinates": [77.6459566, 12.9820282]}, "properties": {"species": "Swietenia Mahagoni (L.) Jacq.", "ward": "58", "tree_id": "GN8535HG0HVI001", "status": 1, "band_m": 5}}, {"type": "Feature", "geometry": {"type": "Point", "coordinates": [77.6456766, 12.982424200000002]}, "properties": {"species": "Swietenia Mahagoni (L.) Jacq.", "ward": "80", "tree_id": "GN8535HG0UDF001", "status": 1, "band_m": 5}}, {"type": "Feature", "geometry": {"type": "Point", "coordinates": [77.64379160000001, 12.9852152]}, "properties": {"species": "Peltophorum Pterocarpum (Dc.) Back. Ex K. Heyne", "ward": "80", "tree_id": "GN8535GJ8ULB001", "status": 1, "band_m": 5}}, {"type": "Feature", "geometry": {"type": "Point", "coordinates": [77.6454396, 12.984801199999998]}, "properties": {"species": "Others", "ward": "58", "tree_id": "GN8535GJ9OGA001", "status": 1, "band_m": 5}}, {"type": "Feature", "geometry": {"type": "Point", "coordinates": [77.6453446, 12.985134199999997]}, "properties": {"species": "Samanea Saman (Jacq.) Merr.", "ward": "58", "tree_id": "GN8535GJ9XDG001", "status": 1, "band_m": 5}}, {"type": "Feature", "geometry": {"type": "Point", "coordinates": [77.6453476, 12.9852462]}, "properties": {"species": "Muntingia Calabura L.", "ward": "58", "tree_id": "GN8535GJ9XSG001", "status": 1, "band_m": 5}}, {"type": "Feature", "geometry": {"type": "Point", "coordinates": [77.6463216, 12.9861222]}, "properties": {"species": "Peltophorum Pterocarpum (Dc.) Back. Ex K. Heyne", "ward": "58", "tree_id": "GN8535MA0XOP001", "status": 1, "band_m": 5}}, {"type": "Feature", "geometry": {"type": "Point", "coordinates": [77.6473386, 12.9865402]}, "properties": {"species": "Bauhinia Racemosa Lam", "ward": "58", "tree_id": "GN8535MB1JWM001", "status": 1, "band_m": 5}}, {"type": "Feature", "geometry": {"type": "Point", "coordinates": [77.6191596, 12.915566099999998]}, "properties": {"species": "Pongamia Pinnata (L.) Pierre", "ward": "176", "tree_id": "GN8025YC2KMO001", "status": 1, "band_m": 10}}, {"type": "Feature", "geometry": {"type": "Point", "coordinates": [77.6191256, 12.915588099999997]}, "properties": {"species": "Michelia Champaca L", "ward": "176", "tree_id": "GN8025YC2KQG001", "status": 1, "band_m": 10}}, {"type": "Feature", "geometry": {"type": "Point", "coordinates": [77.6191656, 12.9155911]}, "properties": {"species": "Spathodea Campanulata P. Beauv", "ward": "176", "tree_id": "GN8025YC2KRL001", "status": 1, "band_m": 10}}, {"type": "Feature", "geometry": {"type": "Point", "coordinates": [77.6192356, 12.9155991]}, "properties": {"species": "Pongamia Pinnata (L.) Pierre", "ward": "176", "tree_id": "GN8025YC2KTK001", "status": 1, "band_m": 10}}, {"type": "Feature", "geometry": {"type": "Point", "coordinates": [77.6191006, 12.915612100000002]}, "properties": {"species": "Pongamia Pinnata (L.) Pierre", "ward": "176", "tree_id": "GN8025YC2KVA001", "status": 1, "band_m": 10}}, {"type": "Feature", "geometry": {"type": "Point", "coordinates": [77.6199136, 12.915839099999996]}, "properties": {"species": "Spathodea Campanulata P. Beauv", "ward": "176", "tree_id": "GN8025YC2YDI001", "status": 1, "band_m": 10}}, {"type": "Feature", "geometry": {"type": "Point", "coordinates": [77.6199536, 12.915867099999998]}, "properties": {"species": "Terminalia Catappa L", "ward": "176", "tree_id": "GN8025YC2YJE001", "status": 1, "band_m": 10}}, {"type": "Feature", "geometry": {"type": "Point", "coordinates": [77.6202726, 12.9170221]}, "properties": {"species": "Others", "ward": "172", "tree_id": "GN8025YE3BRF001", "status": 1, "band_m": 10}}, {"type": "Feature", "geometry": {"type": "Point", "coordinates": [77.6206536, 12.917400100000002]}, "properties": {"species": "Grevillea Robusta Cunn. Ex R. Br.", "ward": "172", "tree_id": "GN8025YE3NRO001", "status": 1, "band_m": 10}}, {"type": "Feature", "geometry": {"type": "Point", "coordinates": [77.6206776, 12.9174731]}, "properties": {"species": "Ficus Racemosa L.", "ward": "172", "tree_id": "GN8025YE3SIB001", "status": 1, "band_m": 10}}, {"type": "Feature", "geometry": {"type": "Point", "coordinates": [77.6206936, 12.9174881]}, "properties": {"species": "Grevillea Robusta Cunn. Ex R. Br.", "ward": "172", "tree_id": "GN8025YE3SIH001", "status": 1, "band_m": 10}}, {"type": "Feature", "geometry": {"type": "Point", "coordinates": [77.6208276, 12.9176881]}, "properties": {"species": "Grevillea Robusta Cunn. Ex R. Br.", "ward": "172", "tree_id": "GN8025YE3YHN001", "status": 1, "band_m": 10}}, {"type": "Feature", "geometry": {"type": "Point", "coordinates": [77.62087060000002, 12.917688099999998]}, "properties": {"species": "Phyllanthus Acidus (L.) Skeels", "ward": "172", "tree_id": "GN8025YE3YNC001", "status": 1, "band_m": 10}}, {"type": "Feature", "geometry": {"type": "Point", "coordinates": [77.6208546, 12.917691099999999]}, "properties": {"species": "Lagerstroemia Speciosa (L.) Pers", "ward": "172", "tree_id": "GN8025YE3YNA001", "status": 1, "band_m": 10}}, {"type": "Feature", "geometry": {"type": "Point", "coordinates": [77.6209076, 12.917731099999996]}, "properties": {"species": "Ficus Religiosa L.", "ward": "172", "tree_id": "GN8025YE3YTB001", "status": 1, "band_m": 10}}, {"type": "Feature", "geometry": {"type": "Point", "coordinates": [77.6209016, 12.9177361]}, "properties": {"species": "Persea Americana Mille", "ward": "172", "tree_id": "GN8025YE3YTF001", "status": 1, "band_m": 10}}, {"type": "Feature", "geometry": {"type": "Point", "coordinates": [77.6209376, 12.917793100000003]}, "properties": {"species": "Terminalia Catappa L", "ward": "172", "tree_id": "GN8025YE4UUN001", "status": 1, "band_m": 10}}, {"type": "Feature", "geometry": {"type": "Point", "coordinates": [77.6209066, 12.9177951]}, "properties": {"species": "Lagerstroemia Speciosa (L.) Pers", "ward": "172", "tree_id": "GN8025YE3YYN001", "status": 1, "band_m": 10}}, {"type": "Feature", "geometry": {"type": "Point", "coordinates": [77.6210046, 12.9179961]}, "properties": {"species": "Grevillea Robusta Cunn. Ex R. Br.", "ward": "172", "tree_id": "GN8025YF4FCI001", "status": 1, "band_m": 10}}, {"type": "Feature", "geometry": {"type": "Point", "coordinates": [77.6210696, 12.9181791]}, "properties": {"species": "Artocarpus Heterophyllus Lam.", "ward": "172", "tree_id": "GN8025YF4KDL001", "status": 1, "band_m": 10}}, {"type": "Feature", "geometry": {"type": "Point", "coordinates": [77.6210346, 12.918188099999997]}, "properties": {"species": "Grevillea Robusta Cunn. Ex R. Br.", "ward": "172", "tree_id": "GN8025YF4KCP001", "status": 1, "band_m": 10}}, {"type": "Feature", "geometry": {"type": "Point", "coordinates": [77.6210496, 12.918191099999996]}, "properties": {"species": "Grevillea Robusta Cunn. Ex R. Br.", "ward": "172", "tree_id": "GN8025YF4KDM001", "status": 1, "band_m": 10}}, {"type": "Feature", "geometry": {"type": "Point", "coordinates": [77.6210746, 12.918195099999998]}, "properties": {"species": "Pongamia Pinnata (L.) Pierre", "ward": "172", "tree_id": "GN8025YF4KID001", "status": 1, "band_m": 10}}, {"type": "Feature", "geometry": {"type": "Point", "coordinates": [77.6210576, 12.918197100000004]}, "properties": {"species": "Livistona Chinensis (Jacq.) R. Br. Ex Mart.", "ward": "172", "tree_id": "GN8025YF4KIB001", "status": 1, "band_m": 10}}, {"type": "Feature", "geometry": {"type": "Point", "coordinates": [77.6210516, 12.918203100000001]}, "properties": {"species": "Grevillea Robusta Cunn. Ex R. Br.", "ward": "172", "tree_id": "GN8025YF4KIF001", "status": 1, "band_m": 10}}, {"type": "Feature", "geometry": {"type": "Point", "coordinates": [77.6210676, 12.918651099999996]}, "properties": {"species": "Saraca Asoca (Roxb.) De Wilde", "ward": "172", "tree_id": "GN8025YF4USK001", "status": 1, "band_m": 10}}, {"type": "Feature", "geometry": {"type": "Point", "coordinates": [77.6210486, 12.9186771]}, "properties": {"species": "Livistona Chinensis (Jacq.) R. Br. Ex Mart.", "ward": "172", "tree_id": "GN8025YF4UXE001", "status": 1, "band_m": 10}}, {"type": "Feature", "geometry": {"type": "Point", "coordinates": [77.6209426, 12.9191481]}, "properties": {"species": "Spathodea Campanulata P. Beauv", "ward": "172", "tree_id": "GN8025YG4KKE001", "status": 1, "band_m": 10}}, {"type": "Feature", "geometry": {"type": "Point", "coordinates": [77.6209206, 12.919186099999997]}, "properties": {"species": "Grevillea Robusta Cunn. Ex R. Br.", "ward": "172", "tree_id": "GN8025YG3OTF001", "status": 1, "band_m": 10}}, {"type": "Feature", "geometry": {"type": "Point", "coordinates": [77.6209346, 12.9191891]}, "properties": {"species": "Michelia Champaca L", "ward": "172", "tree_id": "GN8025YG3OTL001", "status": 1, "band_m": 10}}, {"type": "Feature", "geometry": {"type": "Point", "coordinates": [77.6209576, 12.9191951]}, "properties": {"species": "Saraca Asoca (Roxb.) De Wilde", "ward": "172", "tree_id": "GN8025YG4KPJ001", "status": 1, "band_m": 10}}, {"type": "Feature", "geometry": {"type": "Point", "coordinates": [77.6209476, 12.9191961]}, "properties": {"species": "Saraca Asoca (Roxb.) De Wilde", "ward": "172", "tree_id": "GN8025YG4KPM001", "status": 1, "band_m": 10}}, {"type": "Feature", "geometry": {"type": "Point", "coordinates": [77.6209226, 12.919205100000001]}, "properties": {"species": "Saraca Asoca (Roxb.) De Wilde", "ward": "172", "tree_id": "GN8025YG3OTN001", "status": 1, "band_m": 10}}, {"type": "Feature", "geometry": {"type": "Point", "coordinates": [77.6209056, 12.9192291]}, "properties": {"species": "Saraca Asoca (Roxb.) De Wilde", "ward": "172", "tree_id": "GN8025YG3OYI001", "status": 1, "band_m": 10}}, {"type": "Feature", "geometry": {"type": "Point", "coordinates": [77.6209246, 12.9192771]}, "properties": {"species": "Terminalia Arjuna (Roxb. Ex Dc.) Wight & Arn.", "ward": "172", "tree_id": "GN8025YG3TEO001", "status": 1, "band_m": 10}}, {"type": "Feature", "geometry": {"type": "Point", "coordinates": [77.6419256, 12.960730199999997]}, "properties": {"species": "Caryota Mitis Lour.", "ward": "88", "tree_id": "GN8530VC6QRO026", "status": 1, "band_m": 10}}, {"type": "Feature", "geometry": {"type": "Point", "coordinates": [77.6419256, 12.960730199999997]}, "properties": {"species": "Ficus Benghalensis L.", "ward": "88", "tree_id": "GN8530VC6QRO015", "status": 1, "band_m": 10}}, {"type": "Feature", "geometry": {"type": "Point", "coordinates": [77.6419256, 12.960730199999997]}, "properties": {"species": "Syzygium Cumini (L.) Skeels", "ward": "88", "tree_id": "GN8530VC6QRO018", "status": 1, "band_m": 10}}, {"type": "Feature", "geometry": {"type": "Point", "coordinates": [77.6419256, 12.960730199999997]}, "properties": {"species": "Samanea Saman (Jacq.) Merr.", "ward": "88", "tree_id": "GN8530VC6QRO019", "status": 1, "band_m": 10}}, {"type": "Feature", "geometry": {"type": "Point", "coordinates": [77.6419256, 12.960730199999997]}, "properties": {"species": "Swietenia Mahagoni (L.) Jacq.", "ward": "88", "tree_id": "GN8530VC6QRO020", "status": 1, "band_m": 10}}, {"type": "Feature", "geometry": {"type": "Point", "coordinates": [77.6419256, 12.960730199999997]}, "properties": {"species": "Roystonea Regia (H.B.K) O. F. Cook", "ward": "88", "tree_id": "GN8530VC6QRO021", "status": 1, "band_m": 10}}, {"type": "Feature", "geometry": {"type": "Point", "coordinates": [77.6419256, 12.960730199999997]}, "properties": {"species": "Phoenix Sylvestris (L.) Roxb.", "ward": "88", "tree_id": "GN8530VC6QRO024", "status": 1, "band_m": 10}}, {"type": "Feature", "geometry": {"type": "Point", "coordinates": [77.6419256, 12.960730199999997]}, "properties": {"species": "Swietenia Mahagoni (L.) Jacq.", "ward": "88", "tree_id": "GN8530VC6QRO010", "status": 1, "band_m": 10}}, {"type": "Feature", "geometry": {"type": "Point", "coordinates": [77.6419256, 12.960730199999997]}, "properties": {"species": "Terminalia Catappa L", "ward": "88", "tree_id": "GN8530VC6QRO012", "status": 1, "band_m": 10}}, {"type": "Feature", "geometry": {"type": "Point", "coordinates": [77.6419256, 12.960730199999997]}, "properties": {"species": "Roystonea Regia (H.B.K) O. F. Cook", "ward": "88", "tree_id": "GN8530VC6QRO004", "status": 1, "band_m": 10}}, {"type": "Feature", "geometry": {"type": "Point", "coordinates": [77.6419256, 12.960730199999997]}, "properties": {"species": "Caryota Mitis Lour.", "ward": "88", "tree_id": "GN8530VC6QRO013", "status": 1, "band_m": 10}}, {"type": "Feature", "geometry": {"type": "Point", "coordinates": [77.6419256, 12.960730199999997]}, "properties": {"species": "Couroupita Guianensis Abul.", "ward": "88", "tree_id": "GN8530VC6QRO014", "status": 1, "band_m": 10}}, {"type": "Feature", "geometry": {"type": "Point", "coordinates": [77.6419256, 12.960730199999997]}, "properties": {"species": "Roystonea Regia (H.B.K) O. F. Cook", "ward": "88", "tree_id": "GN8530VC6QRO003", "status": 1, "band_m": 10}}, {"type": "Feature", "geometry": {"type": "Point", "coordinates": [77.6419256, 12.960730199999997]}, "properties": {"species": "Ficus Benghalensis L.", "ward": "88", "tree_id": "GN8530VC6QRO002", "status": 1, "band_m": 10}}, {"type": "Feature", "geometry": {"type": "Point", "coordinates": [77.6419256, 12.960730199999997]}, "properties": {"species": "Roystonea Regia (H.B.K) O. F. Cook", "ward": "88", "tree_id": "GN8530VC6QRO005", "status": 1, "band_m": 10}}, {"type": "Feature", "geometry": {"type": "Point", "coordinates": [77.6419256, 12.960730199999997]}, "properties": {"species": "Caryota Mitis Lour.", "ward": "88", "tree_id": "GN8530VC6QRO025", "status": 1, "band_m": 10}}, {"type": "Feature", "geometry": {"type": "Point", "coordinates": [77.6419256, 12.960730199999997]}, "properties": {"species": "Kigelia Africana (Lam.) Benth", "ward": "88", "tree_id": "GN8530VC6QRO006", "status": 1, "band_m": 10}}, {"type": "Feature", "geometry": {"type": "Point", "coordinates": [77.6419256, 12.960730199999997]}, "properties": {"species": "Caryota Mitis Lour.", "ward": "88", "tree_id": "GN8530VC6QRO009", "status": 1, "band_m": 10}}, {"type": "Feature", "geometry": {"type": "Point", "coordinates": [77.6419256, 12.960730199999997]}, "properties": {"species": "Caryota Mitis Lour.", "ward": "88", "tree_id": "GN8530VC6QRO001", "status": 1, "band_m": 10}}, {"type": "Feature", "geometry": {"type": "Point", "coordinates": [77.6419256, 12.960730199999997]}, "properties": {"species": "Caryota Mitis Lour.", "ward": "88", "tree_id": "GN8530VC6QRO011", "status": 1, "band_m": 10}}, {"type": "Feature", "geometry": {"type": "Point", "coordinates": [77.6419256, 12.960730199999997]}, "properties": {"species": "Phoenix Sylvestris (L.) Roxb.", "ward": "88", "tree_id": "GN8530VC6QRO023", "status": 1, "band_m": 10}}, {"type": "Feature", "geometry": {"type": "Point", "coordinates": [77.6419256, 12.960730199999997]}, "properties": {"species": "Ficus Benghalensis L.", "ward": "88", "tree_id": "GN8530VC6QRO017", "status": 1, "band_m": 10}}, {"type": "Feature", "geometry": {"type": "Point", "coordinates": [77.6419256, 12.960730199999997]}, "properties": {"species": "Kigelia Africana (Lam.) Benth", "ward": "88", "tree_id": "GN8530VC6QRO007", "status": 1, "band_m": 10}}, {"type": "Feature", "geometry": {"type": "Point", "coordinates": [77.6419256, 12.960730199999997]}, "properties": {"species": "Ficus Benghalensis L.", "ward": "88", "tree_id": "GN8530VC6QRO008", "status": 1, "band_m": 10}}, {"type": "Feature", "geometry": {"type": "Point", "coordinates": [77.6419256, 12.960730199999997]}, "properties": {"species": "Couroupita Guianensis Abul.", "ward": "88", "tree_id": "GN8530VC6QRO027", "status": 1, "band_m": 10}}, {"type": "Feature", "geometry": {"type": "Point", "coordinates": [77.6419256, 12.960730199999997]}, "properties": {"species": "Swietenia Mahagoni (L.) Jacq.", "ward": "88", "tree_id": "GN8530VC6QRO022", "status": 1, "band_m": 10}}, {"type": "Feature", "geometry": {"type": "Point", "coordinates": [77.6419256, 12.960730199999997]}, "properties": {"species": "Caryota Mitis Lour.", "ward": "88", "tree_id": "GN8530VC6QRO016", "status": 1, "band_m": 10}}, {"type": "Feature", "geometry": {"type": "Point", "coordinates": [77.6419256, 12.9607882]}, "properties": {"species": "Markhamia Lutea (Benth.) K.Schum", "ward": "88", "tree_id": "GN8530VC6VCK001", "status": 1, "band_m": 10}}, {"type": "Feature", "geometry": {"type": "Point", "coordinates": [77.6419066, 12.960794199999999]}, "properties": {"species": "Caryota Mitis Lour.", "ward": "88", "tree_id": "GN8530VC6VCI001", "status": 1, "band_m": 10}}, {"type": "Feature", "geometry": {"type": "Point", "coordinates": [77.6419416, 12.9608142]}, "properties": {"species": "Caryota Mitis Lour.", "ward": "88", "tree_id": "GN8530VC6VIE002", "status": 1, "band_m": 10}}, {"type": "Feature", "geometry": {"type": "Point", "coordinates": [77.6419446, 12.960817199999997]}, "properties": {"species": "Syzygium Cumini (L.) Skeels", "ward": "88", "tree_id": "GN8530VC6VIE001", "status": 1, "band_m": 10}}, {"type": "Feature", "geometry": {"type": "Point", "coordinates": [77.6419486, 12.9608372]}, "properties": {"species": "Pritchardia Pacifica Seem. & H. Wendl.", "ward": "88", "tree_id": "GN8530VC6VIN001", "status": 1, "band_m": 10}}, {"type": "Feature", "geometry": {"type": "Point", "coordinates": [77.64193660000001, 12.9613392]}, "properties": {"species": "Roystonea Regia (H.B.K) O. F. Cook", "ward": "88", "tree_id": "GN8530VD6LCP001", "status": 1, "band_m": 10}}, {"type": "Feature", "geometry": {"type": "Point", "coordinates": [77.6415496, 12.9619612]}, "properties": {"species": "Markhamia Lutea (Benth.) K.Schum", "ward": "112", "tree_id": "GN8530VE5EMM002", "status": 1, "band_m": 10}}, {"type": "Feature", "geometry": {"type": "Point", "coordinates": [77.6415496, 12.9619612]}, "properties": {"species": "Pongamia Pinnata (L.) Pierre", "ward": "112", "tree_id": "GN8530VE5EMM013", "status": 1, "band_m": 10}}, {"type": "Feature", "geometry": {"type": "Point", "coordinates": [77.6415496, 12.9619612]}, "properties": {"species": "Pongamia Pinnata (L.) Pierre", "ward": "112", "tree_id": "GN8530VE5EMM006", "status": 1, "band_m": 10}}, {"type": "Feature", "geometry": {"type": "Point", "coordinates": [77.6415496, 12.9619612]}, "properties": {"species": "Markhamia Lutea (Benth.) K.Schum", "ward": "112", "tree_id": "GN8530VE5EMM001", "status": 1, "band_m": 10}}, {"type": "Feature", "geometry": {"type": "Point", "coordinates": [77.6415496, 12.9619612]}, "properties": {"species": "Pongamia Pinnata (L.) Pierre", "ward": "112", "tree_id": "GN8530VE5EMM008", "status": 1, "band_m": 10}}, {"type": "Feature", "geometry": {"type": "Point", "coordinates": [77.6415496, 12.9619612]}, "properties": {"species": "Delonix Regia (Bojer Ex Hook.) Raf.", "ward": "112", "tree_id": "GN8530VE5EMM014", "status": 1, "band_m": 10}}, {"type": "Feature", "geometry": {"type": "Point", "coordinates": [77.6415496, 12.9619612]}, "properties": {"species": "Delonix Regia (Bojer Ex Hook.) Raf.", "ward": "112", "tree_id": "GN8530VE5EMM009", "status": 1, "band_m": 10}}, {"type": "Feature", "geometry": {"type": "Point", "coordinates": [77.6415496, 12.9619612]}, "properties": {"species": "Delonix Regia (Bojer Ex Hook.) Raf.", "ward": "112", "tree_id": "GN8530VE5EMM015", "status": 1, "band_m": 10}}, {"type": "Feature", "geometry": {"type": "Point", "coordinates": [77.6415496, 12.9619612]}, "properties": {"species": "Majidea Zanguebarica Oliv.", "ward": "112", "tree_id": "GN8530VE5EMM017", "status": 1, "band_m": 10}}, {"type": "Feature", "geometry": {"type": "Point", "coordinates": [77.6415496, 12.9619612]}, "properties": {"species": "Michelia Longifolia Blume", "ward": "112", "tree_id": "GN8530VE5EMM010", "status": 1, "band_m": 10}}, {"type": "Feature", "geometry": {"type": "Point", "coordinates": [77.6415496, 12.9619612]}, "properties": {"species": "Grevillea Robusta Cunn. Ex R. Br.", "ward": "112", "tree_id": "GN8530VE5EMM011", "status": 1, "band_m": 10}}, {"type": "Feature", "geometry": {"type": "Point", "coordinates": [77.6415496, 12.9619612]}, "properties": {"species": "Grevillea Robusta Cunn. Ex R. Br.", "ward": "112", "tree_id": "GN8530VE5EMM012", "status": 1, "band_m": 10}}, {"type": "Feature", "geometry": {"type": "Point", "coordinates": [77.6415496, 12.9619612]}, "properties": {"species": "Delonix Regia (Bojer Ex Hook.) Raf.", "ward": "112", "tree_id": "GN8530VE5EMM007", "status": 1, "band_m": 10}}, {"type": "Feature", "geometry": {"type": "Point", "coordinates": [77.6415496, 12.9619612]}, "properties": {"species": "Bauhinia Purpurea L.", "ward": "112", "tree_id": "GN8530VE5EMM016", "status": 1, "band_m": 10}}, {"type": "Feature", "geometry": {"type": "Point", "coordinates": [77.6415496, 12.9619612]}, "properties": {"species": "Psidium Guajava L.", "ward": "112", "tree_id": "GN8530VE5EMM005", "status": 1, "band_m": 10}}, {"type": "Feature", "geometry": {"type": "Point", "coordinates": [77.6415496, 12.9619612]}, "properties": {"species": "Markhamia Lutea (Benth.) K.Schum", "ward": "112", "tree_id": "GN8530VE5EMM018", "status": 1, "band_m": 10}}, {"type": "Feature", "geometry": {"type": "Point", "coordinates": [77.6415496, 12.9619612]}, "properties": {"species": "Grevillea Robusta Cunn. Ex R. Br.", "ward": "112", "tree_id": "GN8530VE5EMM019", "status": 1, "band_m": 10}}, {"type": "Feature", "geometry": {"type": "Point", "coordinates": [77.6415496, 12.9619612]}, "properties": {"species": "Pongamia Pinnata (L.) Pierre", "ward": "112", "tree_id": "GN8530VE5EMM004", "status": 1, "band_m": 10}}, {"type": "Feature", "geometry": {"type": "Point", "coordinates": [77.6415496, 12.9619612]}, "properties": {"species": "Markhamia Lutea (Benth.) K.Schum", "ward": "112", "tree_id": "GN8530VE5EMM003", "status": 1, "band_m": 10}}, {"type": "Feature", "geometry": {"type": "Point", "coordinates": [77.6418576, 12.962214199999998]}, "properties": {"species": "Millingtonia Hortensis L.F", "ward": "88", "tree_id": "GN8530VE6LAB001", "status": 1, "band_m": 10}}, {"type": "Feature", "geometry": {"type": "Point", "coordinates": [77.6414156, 12.9647912]}, "properties": {"species": "Samanea Saman (Jacq.) Merr.", "ward": "112", "tree_id": "GN8530VH5IHC002", "status": 1, "band_m": 10}}, {"type": "Feature", "geometry": {"type": "Point", "coordinates": [77.6414156, 12.9647912]}, "properties": {"species": "Markhamia Lutea (Benth.) K.Schum", "ward": "112", "tree_id": "GN8530VH5IHC007", "status": 1, "band_m": 10}}, {"type": "Feature", "geometry": {"type": "Point", "coordinates": [77.6414156, 12.9647912]}, "properties": {"species": "Cocos Nucifera L.", "ward": "112", "tree_id": "GN8530VH5IHC003", "status": 1, "band_m": 10}}, {"type": "Feature", "geometry": {"type": "Point", "coordinates": [77.6414156, 12.9647912]}, "properties": {"species": "Neolomarckia", "ward": "112", "tree_id": "GN8530VH5IHC004", "status": 1, "band_m": 10}}, {"type": "Feature", "geometry": {"type": "Point", "coordinates": [77.6414156, 12.9647912]}, "properties": {"species": "Markhamia Lutea (Benth.) K.Schum", "ward": "112", "tree_id": "GN8530VH5IHC006", "status": 1, "band_m": 10}}, {"type": "Feature", "geometry": {"type": "Point", "coordinates": [77.6414156, 12.9647912]}, "properties": {"species": "Samanea Saman (Jacq.) Merr.", "ward": "112", "tree_id": "GN8530VH5IHC001", "status": 1, "band_m": 10}}, {"type": "Feature", "geometry": {"type": "Point", "coordinates": [77.6414156, 12.9647912]}, "properties": {"species": "Terminalia Catappa L", "ward": "112", "tree_id": "GN8530VH5IHC008", "status": 1, "band_m": 10}}, {"type": "Feature", "geometry": {"type": "Point", "coordinates": [77.6414156, 12.9647912]}, "properties": {"species": "Samanea Saman (Jacq.) Merr.", "ward": "112", "tree_id": "GN8530VH5IHC005", "status": 1, "band_m": 10}}, {"type": "Feature", "geometry": {"type": "Point", "coordinates": [77.6412576, 12.9685152]}, "properties": {"species": "Samanea Saman (Jacq.) Merr.", "ward": "112", "tree_id": "GN8535BB5HWB006", "status": 1, "band_m": 10}}, {"type": "Feature", "geometry": {"type": "Point", "coordinates": [77.6412576, 12.9685152]}, "properties": {"species": "Millingtonia Hortensis L.F", "ward": "112", "tree_id": "GN8535BB5HWB009", "status": 1, "band_m": 10}}, {"type": "Feature", "geometry": {"type": "Point", "coordinates": [77.6412576, 12.9685152]}, "properties": {"species": "Ficus Racemosa L.", "ward": "112", "tree_id": "GN8535BB5HWB005", "status": 1, "band_m": 10}}, {"type": "Feature", "geometry": {"type": "Point", "coordinates": [77.6412576, 12.9685152]}, "properties": {"species": "Cocos Nucifera L.", "ward": "112", "tree_id": "GN8535BB5HWB010", "status": 1, "band_m": 10}}, {"type": "Feature", "geometry": {"type": "Point", "coordinates": [77.6412576, 12.9685152]}, "properties": {"species": "Swietenia Mahagoni (L.) Jacq.", "ward": "112", "tree_id": "GN8535BB5HWB007", "status": 1, "band_m": 10}}, {"type": "Feature", "geometry": {"type": "Point", "coordinates": [77.6412576, 12.9685152]}, "properties": {"species": "Syzygium Cumini (L.) Skeels", "ward": "112", "tree_id": "GN8535BB5HWB004", "status": 1, "band_m": 10}}, {"type": "Feature", "geometry": {"type": "Point", "coordinates": [77.6412576, 12.9685152]}, "properties": {"species": "Bauhinia Purpurea L.", "ward": "112", "tree_id": "GN8535BB5HWB003", "status": 1, "band_m": 10}}, {"type": "Feature", "geometry": {"type": "Point", "coordinates": [77.6412576, 12.9685152]}, "properties": {"species": "Delonix Regia (Bojer Ex Hook.) Raf.", "ward": "112", "tree_id": "GN8535BB5HWB002", "status": 1, "band_m": 10}}, {"type": "Feature", "geometry": {"type": "Point", "coordinates": [77.6412576, 12.9685152]}, "properties": {"species": "Samanea Saman (Jacq.) Merr.", "ward": "112", "tree_id": "GN8535BB5HWB001", "status": 1, "band_m": 10}}, {"type": "Feature", "geometry": {"type": "Point", "coordinates": [77.6412576, 12.9685152]}, "properties": {"species": "Ficus Benghalensis L.", "ward": "112", "tree_id": "GN8535BB5HWB008", "status": 1, "band_m": 10}}, {"type": "Feature", "geometry": {"type": "Point", "coordinates": [77.6412316, 12.9686672]}, "properties": {"species": "Samanea Saman (Jacq.) Merr.", "ward": "112", "tree_id": "GN8535BB5MQG009", "status": 1, "band_m": 10}}, {"type": "Feature", "geometry": {"type": "Point", "coordinates": [77.6412316, 12.9686672]}, "properties": {"species": "Delonix Regia (Bojer Ex Hook.) Raf.", "ward": "112", "tree_id": "GN8535BB5MQG006", "status": 1, "band_m": 10}}, {"type": "Feature", "geometry": {"type": "Point", "coordinates": [77.6412316, 12.9686672]}, "properties": {"species": "Samanea Saman (Jacq.) Merr.", "ward": "112", "tree_id": "GN8535BB5MQG005", "status": 1, "band_m": 10}}, {"type": "Feature", "geometry": {"type": "Point", "coordinates": [77.6412316, 12.9686672]}, "properties": {"species": "Araucaria Columnaris", "ward": "112", "tree_id": "GN8535BB5MQG001", "status": 1, "band_m": 10}}, {"type": "Feature", "geometry": {"type": "Point", "coordinates": [77.6412316, 12.9686672]}, "properties": {"species": "Ficus Religiosa L.", "ward": "112", "tree_id": "GN8535BB5MQG004", "status": 1, "band_m": 10}}, {"type": "Feature", "geometry": {"type": "Point", "coordinates": [77.6412316, 12.9686672]}, "properties": {"species": "Alstonia Macrophylla Wall. Ex Dc.", "ward": "112", "tree_id": "GN8535BB5MQG008", "status": 1, "band_m": 10}}, {"type": "Feature", "geometry": {"type": "Point", "coordinates": [77.6412316, 12.9686672]}, "properties": {"species": "Ficus Benghalensis L.", "ward": "112", "tree_id": "GN8535BB5MQG002", "status": 1, "band_m": 10}}, {"type": "Feature", "geometry": {"type": "Point", "coordinates": [77.6412316, 12.9686672]}, "properties": {"species": "Swietenia Mahagoni (L.) Jacq.", "ward": "112", "tree_id": "GN8535BB5MQG007", "status": 1, "band_m": 10}}, {"type": "Feature", "geometry": {"type": "Point", "coordinates": [77.6412316, 12.9686672]}, "properties": {"species": "Samanea Saman (Jacq.) Merr.", "ward": "112", "tree_id": "GN8535BB5MQG003", "status": 1, "band_m": 10}}, {"type": "Feature", "geometry": {"type": "Point", "coordinates": [77.6414566, 12.9694682]}, "properties": {"species": "Samanea Saman (Jacq.) Merr.", "ward": "88", "tree_id": "GN8535BC5NCK001", "status": 1, "band_m": 10}}, {"type": "Feature", "geometry": {"type": "Point", "coordinates": [77.6414136, 12.969936200000001]}, "properties": {"species": "Samanea Saman (Jacq.) Merr.", "ward": "88", "tree_id": "GN8535BC5XQI001", "status": 1, "band_m": 10}}, {"type": "Feature", "geometry": {"type": "Point", "coordinates": [77.6414146, 12.9699792]}, "properties": {"species": "Grevillea Robusta Cunn. Ex R. Br.", "ward": "88", "tree_id": "GN8535BC5XVM001", "status": 1, "band_m": 10}}, {"type": "Feature", "geometry": {"type": "Point", "coordinates": [77.6414006, 12.9700332]}, "properties": {"species": "Grevillea Robusta Cunn. Ex R. Br.", "ward": "88", "tree_id": "GN8535BD5DFH001", "status": 1, "band_m": 10}}, {"type": "Feature", "geometry": {"type": "Point", "coordinates": [77.6413806, 12.970540200000004]}, "properties": {"species": "Terminalia Catappa L", "ward": "80", "tree_id": "GN8535BD5SAE001", "status": 1, "band_m": 10}}, {"type": "Feature", "geometry": {"type": "Point", "coordinates": [77.6413346, 12.971174199999998]}, "properties": {"species": "Delonix Regia (Bojer Ex Hook.) Raf.", "ward": "80", "tree_id": "GN8535BE5HNO001", "status": 1, "band_m": 10}}, {"type": "Feature", "geometry": {"type": "Point", "coordinates": [77.6413616, 12.9712682]}, "properties": {"species": "Syzygium Nervosum Dc", "ward": "80", "tree_id": "GN8535BE5MEF001", "status": 1, "band_m": 10}}, {"type": "Feature", "geometry": {"type": "Point", "coordinates": [77.6413246, 12.971533199999998]}, "properties": {"species": "Delonix Regia (Bojer Ex Hook.) Raf.", "ward": "80", "tree_id": "GN8535BE5RNN001", "status": 1, "band_m": 10}}, {"type": "Feature", "geometry": {"type": "Point", "coordinates": [77.6413066, 12.9717562]}, "properties": {"species": "Delonix Regia (Bojer Ex Hook.) Raf.", "ward": "80", "tree_id": "GN8535BE5WRP001", "status": 1, "band_m": 10}}, {"type": "Feature", "geometry": {"type": "Point", "coordinates": [77.6413156, 12.972065199999998]}, "properties": {"species": "Samanea Saman (Jacq.) Merr.", "ward": "80", "tree_id": "GN8535BF5HMH001", "status": 1, "band_m": 10}}, {"type": "Feature", "geometry": {"type": "Point", "coordinates": [77.6412616, 12.9724052]}, "properties": {"species": "Samanea Saman (Jacq.) Merr.", "ward": "80", "tree_id": "GN8535BF5RGN001", "status": 1, "band_m": 10}}, {"type": "Feature", "geometry": {"type": "Point", "coordinates": [77.6412726, 12.972723199999999]}, "properties": {"species": "Delonix Regia (Bojer Ex Hook.) Raf.", "ward": "80", "tree_id": "GN8535BG5CBK001", "status": 1, "band_m": 10}}, {"type": "Feature", "geometry": {"type": "Point", "coordinates": [77.6412256, 12.973130200000002]}, "properties": {"species": "Tabebuia Rosea (Bertol) Dc.", "ward": "80", "tree_id": "GN8535BG5MFM001", "status": 1, "band_m": 10}}, {"type": "Feature", "geometry": {"type": "Point", "coordinates": [77.6412526, 12.973164199999996]}, "properties": {"species": "Swietenia Mahagoni (L.) Jacq.", "ward": "80", "tree_id": "GN8535BG5MKP001", "status": 1, "band_m": 10}}, {"type": "Feature", "geometry": {"type": "Point", "coordinates": [77.64123460000002, 12.9733452]}, "properties": {"species": "Delonix Regia (Bojer Ex Hook.) Raf.", "ward": "80", "tree_id": "GN8535BG5RKN001", "status": 1, "band_m": 10}}, {"type": "Feature", "geometry": {"type": "Point", "coordinates": [77.64123660000001, 12.973390200000004]}, "properties": {"species": "Delonix Regia (Bojer Ex Hook.) Raf.", "ward": "80", "tree_id": "GN8535BG5RUB001", "status": 1, "band_m": 10}}, {"type": "Feature", "geometry": {"type": "Point", "coordinates": [77.6412006, 12.973656199999999]}, "properties": {"species": "Delonix Regia (Bojer Ex Hook.) Raf.", "ward": "80", "tree_id": "GN8535BH5BJF001", "status": 1, "band_m": 10}}, {"type": "Feature", "geometry": {"type": "Point", "coordinates": [77.6411916, 12.9737902]}, "properties": {"species": "Delonix Regia (Bojer Ex Hook.) Raf.", "ward": "80", "tree_id": "GN8535BH5GEA001", "status": 1, "band_m": 10}}, {"type": "Feature", "geometry": {"type": "Point", "coordinates": [77.6411776, 12.974004199999998]}, "properties": {"species": "Millingtonia Hortensis L.F", "ward": "80", "tree_id": "GN8535BH5LIC001", "status": 1, "band_m": 10}}, {"type": "Feature", "geometry": {"type": "Point", "coordinates": [77.6411886, 12.974160199999996]}, "properties": {"species": "Tabebuia Rosea (Bertol) Dc.", "ward": "80", "tree_id": "GN8535BH5QDH001", "status": 1, "band_m": 10}}, {"type": "Feature", "geometry": {"type": "Point", "coordinates": [77.6411466, 12.974503200000001]}, "properties": {"species": "Markhamia Lutea (Benth.) K.Schum", "ward": "80", "tree_id": "GN8535BH5VWO001", "status": 1, "band_m": 10}}, {"type": "Feature", "geometry": {"type": "Point", "coordinates": [77.6411406, 12.9746522]}, "properties": {"species": "Delonix Regia (Bojer Ex Hook.) Raf.", "ward": "80", "tree_id": "GN8535BI5BWB001", "status": 1, "band_m": 10}}, {"type": "Feature", "geometry": {"type": "Point", "coordinates": [77.6411776, 12.974707199999997]}, "properties": {"species": "Delonix Regia (Bojer Ex Hook.) Raf.", "ward": "80", "tree_id": "GN8535BI5GDJ001", "status": 1, "band_m": 10}}, {"type": "Feature", "geometry": {"type": "Point", "coordinates": [77.6411356, 12.9747222]}, "properties": {"species": "Thespesia Populnea", "ward": "80", "tree_id": "GN8535BI5GCN001", "status": 1, "band_m": 10}}, {"type": "Feature", "geometry": {"type": "Point", "coordinates": [77.6411596, 12.9747312]}, "properties": {"species": "Pongamia Pinnata (L.) Pierre", "ward": "80", "tree_id": "GN8535BI5GHD001", "status": 1, "band_m": 10}}, {"type": "Feature", "geometry": {"type": "Point", "coordinates": [77.6411656, 12.9749112]}, "properties": {"species": "Michelia Longifolia Blume", "ward": "80", "tree_id": "GN8535BI5LIA001", "status": 1, "band_m": 10}}, {"type": "Feature", "geometry": {"type": "Point", "coordinates": [77.6411496, 12.974942199999997]}, "properties": {"species": "Delonix Regia (Bojer Ex Hook.) Raf.", "ward": "80", "tree_id": "GN8535BI5LMC001", "status": 1, "band_m": 10}}, {"type": "Feature", "geometry": {"type": "Point", "coordinates": [77.6411476, 12.9752752]}, "properties": {"species": "Delonix Regia (Bojer Ex Hook.) Raf.", "ward": "80", "tree_id": "GN8535BI5VHF001", "status": 1, "band_m": 10}}, {"type": "Feature", "geometry": {"type": "Point", "coordinates": [77.64110760000001, 12.975287199999999]}, "properties": {"species": "Delonix Regia (Bojer Ex Hook.) Raf.", "ward": "80", "tree_id": "GN8535BI5VGJ001", "status": 1, "band_m": 10}}, {"type": "Feature", "geometry": {"type": "Point", "coordinates": [77.6411406, 12.975459199999998]}, "properties": {"species": "Swietenia Mahagoni (L.) Jacq.", "ward": "80", "tree_id": "GN8535BJ5BHE001", "status": 1, "band_m": 10}}, {"type": "Feature", "geometry": {"type": "Point", "coordinates": [77.64110560000002, 12.9755512]}, "properties": {"species": "Samanea Saman (Jacq.) Merr.", "ward": "80", "tree_id": "GN8535BJ5BQM001", "status": 1, "band_m": 10}}, {"type": "Feature", "geometry": {"type": "Point", "coordinates": [77.6411116, 12.9756032]}, "properties": {"species": "Markhamia Lutea (Benth.) K.Schum", "ward": "80", "tree_id": "GN8535BJ5GBF001", "status": 1, "band_m": 10}}, {"type": "Feature", "geometry": {"type": "Point", "coordinates": [77.6410936, 12.975962199999998]}, "properties": {"species": "Delonix Regia (Bojer Ex Hook.) Raf.", "ward": "80", "tree_id": "GN8535BJ5QAH001", "status": 1, "band_m": 10}}, {"type": "Feature", "geometry": {"type": "Point", "coordinates": [77.6408516, 12.976159200000001]}, "properties": {"species": "Delonix Regia (Bojer Ex Hook.) Raf.", "ward": "80", "tree_id": "GN8535BJ4YEI001", "status": 1, "band_m": 10}}, {"type": "Feature", "geometry": {"type": "Point", "coordinates": [77.6408276, 12.976176200000001]}, "properties": {"species": "Bauhinia Purpurea L.", "ward": "80", "tree_id": "GN8535BJ4YIC001", "status": 1, "band_m": 10}}, {"type": "Feature", "geometry": {"type": "Point", "coordinates": [77.6410736, 12.976286199999999]}, "properties": {"species": "Samanea Saman (Jacq.) Merr.", "ward": "80", "tree_id": "GN8535BJ5VUA001", "status": 1, "band_m": 10}}, {"type": "Feature", "geometry": {"type": "Point", "coordinates": [77.6410566, 12.976405199999999]}, "properties": {"species": "Swietenia Mahagoni (L.) Jacq.", "ward": "80", "tree_id": "GN8535GA5AOK001", "status": 1, "band_m": 10}}, {"type": "Feature", "geometry": {"type": "Point", "coordinates": [77.6408376, 12.976445199999999]}, "properties": {"species": "Delonix Regia (Bojer Ex Hook.) Raf.", "ward": "80", "tree_id": "GN8535GA4ESK001", "status": 1, "band_m": 10}}, {"type": "Feature", "geometry": {"type": "Point", "coordinates": [77.6408336, 12.9765892]}, "properties": {"species": "Markhamia Lutea (Benth.) K.Schum", "ward": "80", "tree_id": "GN8535GA4JNK001", "status": 1, "band_m": 10}}, {"type": "Feature", "geometry": {"type": "Point", "coordinates": [77.64080060000002, 12.9766052]}, "properties": {"species": "Delonix Regia (Bojer Ex Hook.) Raf.", "ward": "80", "tree_id": "GN8535GA4JMO001", "status": 1, "band_m": 10}}, {"type": "Feature", "geometry": {"type": "Point", "coordinates": [77.6410426, 12.9767322]}, "properties": {"species": "Delonix Regia (Bojer Ex Hook.) Raf.", "ward": "80", "tree_id": "GN8535GA5KJI001", "status": 1, "band_m": 10}}, {"type": "Feature", "geometry": {"type": "Point", "coordinates": [77.6410716, 12.976776199999998]}, "properties": {"species": "Delonix Regia (Bojer Ex Hook.) Raf.", "ward": "80", "tree_id": "GN8535GA5KOP001", "status": 1, "band_m": 10}}, {"type": "Feature", "geometry": {"type": "Point", "coordinates": [77.6410396, 12.976780199999999]}, "properties": {"species": "Markhamia Lutea (Benth.) K.Schum", "ward": "80", "tree_id": "GN8535GA5KOM001", "status": 1, "band_m": 10}}, {"type": "Feature", "geometry": {"type": "Point", "coordinates": [77.6410256, 12.977353199999998]}, "properties": {"species": "Delonix Regia (Bojer Ex Hook.) Raf.", "ward": "80", "tree_id": "GN8535GB5ASK001", "status": 1, "band_m": 10}}, {"type": "Feature", "geometry": {"type": "Point", "coordinates": [77.6407346, 12.977641200000003]}, "properties": {"species": "Delonix Regia (Bojer Ex Hook.) Raf.", "ward": "80", "tree_id": "GN8535GB4OFK001", "status": 1, "band_m": 10}}, {"type": "Feature", "geometry": {"type": "Point", "coordinates": [77.6409916, 12.9776462]}, "properties": {"species": "Delonix Regia (Bojer Ex Hook.) Raf.", "ward": "80", "tree_id": "GN8535GB5KHO001", "status": 1, "band_m": 10}}, {"type": "Feature", "geometry": {"type": "Point", "coordinates": [77.6410086, 12.977670199999999]}, "properties": {"species": "Delonix Regia (Bojer Ex Hook.) Raf.", "ward": "80", "tree_id": "GN8535GB5KNI001", "status": 1, "band_m": 10}}, {"type": "Feature", "geometry": {"type": "Point", "coordinates": [77.6410066, 12.977783200000001]}, "properties": {"species": "Samanea Saman (Jacq.) Merr.", "ward": "80", "tree_id": "GN8535GB5PCL001", "status": 1, "band_m": 10}}, {"type": "Feature", "geometry": {"type": "Point", "coordinates": [77.6459176, 12.9784292]}, "properties": {"species": "Markhamia Lutea (Benth.) K.Schum", "ward": "80", "tree_id": "GN8535HC0HVM001", "status": 1, "band_m": 10}}, {"type": "Feature", "geometry": {"type": "Point", "coordinates": [77.6455156, 12.978441199999999]}, "properties": {"species": "Markhamia Lutea (Benth.) K.Schum", "ward": "80", "tree_id": "GN8535HC0KAA001", "status": 1, "band_m": 10}}, {"type": "Feature", "geometry": {"type": "Point", "coordinates": [77.6460686, 12.9784312]}, "properties": {"species": "Markhamia Lutea (Benth.) K.Schum", "ward": "80", "tree_id": "GN8535HC0IUM001", "status": 1, "band_m": 10}}, {"type": "Feature", "geometry": {"type": "Point", "coordinates": [77.6463066, 12.978565199999998]}, "properties": {"species": "Ficus Benghalensis L.", "ward": "80", "tree_id": "GN8535HC0OQO001", "status": 1, "band_m": 10}}, {"type": "Feature", "geometry": {"type": "Point", "coordinates": [77.6436376, 12.978390199999998]}, "properties": {"species": "Markhamia Lutea (Benth.) K.Schum", "ward": "80", "tree_id": "GN8535GC7JTA035", "status": 1, "band_m": 10}}, {"type": "Feature", "geometry": {"type": "Point", "coordinates": [77.6436376, 12.978390199999998]}, "properties": {"species": "Swietenia Mahagoni (L.) Jacq.", "ward": "80", "tree_id": "GN8535GC7JTA008", "status": 1, "band_m": 10}}, {"type": "Feature", "geometry": {"type": "Point", "coordinates": [77.6436376, 12.978390199999998]}, "properties": {"species": "Pongamia Pinnata (L.) Pierre", "ward": "80", "tree_id": "GN8535GC7JTA026", "status": 1, "band_m": 10}}, {"type": "Feature", "geometry": {"type": "Point", "coordinates": [77.6436376, 12.978390199999998]}, "properties": {"species": "Bauhinia Purpurea L.", "ward": "80", "tree_id": "GN8535GC7JTA031", "status": 1, "band_m": 10}}, {"type": "Feature", "geometry": {"type": "Point", "coordinates": [77.6436376, 12.978390199999998]}, "properties": {"species": "Pongamia Pinnata (L.) Pierre", "ward": "80", "tree_id": "GN8535GC7JTA042", "status": 1, "band_m": 10}}, {"type": "Feature", "geometry": {"type": "Point", "coordinates": [77.6436376, 12.978390199999998]}, "properties": {"species": "Swietenia Mahagoni (L.) Jacq.", "ward": "80", "tree_id": "GN8535GC7JTA010", "status": 1, "band_m": 10}}, {"type": "Feature", "geometry": {"type": "Point", "coordinates": [77.6436376, 12.978390199999998]}, "properties": {"species": "Tabebuia Rosea (Bertol) Dc.", "ward": "80", "tree_id": "GN8535GC7JTA005", "status": 1, "band_m": 10}}, {"type": "Feature", "geometry": {"type": "Point", "coordinates": [77.6436376, 12.978390199999998]}, "properties": {"species": "Swietenia Mahagoni (L.) Jacq.", "ward": "80", "tree_id": "GN8535GC7JTA009", "status": 1, "band_m": 10}}, {"type": "Feature", "geometry": {"type": "Point", "coordinates": [77.6436376, 12.978390199999998]}, "properties": {"species": "Bauhinia Purpurea L.", "ward": "80", "tree_id": "GN8535GC7JTA014", "status": 1, "band_m": 10}}, {"type": "Feature", "geometry": {"type": "Point", "coordinates": [77.6436376, 12.978390199999998]}, "properties": {"species": "Delonix Regia (Bojer Ex Hook.) Raf.", "ward": "80", "tree_id": "GN8535GC7JTA011", "status": 1, "band_m": 10}}, {"type": "Feature", "geometry": {"type": "Point", "coordinates": [77.6436376, 12.978390199999998]}, "properties": {"species": "Plumeria Rubra L. Forma Tricolor", "ward": "80", "tree_id": "GN8535GC7JTA027", "status": 1, "band_m": 10}}, {"type": "Feature", "geometry": {"type": "Point", "coordinates": [77.6436376, 12.978390199999998]}, "properties": {"species": "Pongamia Pinnata (L.) Pierre", "ward": "80", "tree_id": "GN8535GC7JTA016", "status": 1, "band_m": 10}}, {"type": "Feature", "geometry": {"type": "Point", "coordinates": [77.6436376, 12.978390199999998]}, "properties": {"species": "Mangifera Indica L.", "ward": "80", "tree_id": "GN8535GC7JTA030", "status": 1, "band_m": 10}}, {"type": "Feature", "geometry": {"type": "Point", "coordinates": [77.6436376, 12.978390199999998]}, "properties": {"species": "Pongamia Pinnata (L.) Pierre", "ward": "80", "tree_id": "GN8535GC7JTA015", "status": 1, "band_m": 10}}, {"type": "Feature", "geometry": {"type": "Point", "coordinates": [77.6436376, 12.978390199999998]}, "properties": {"species": "Michelia Champaca L", "ward": "80", "tree_id": "GN8535GC7JTA028", "status": 1, "band_m": 10}}, {"type": "Feature", "geometry": {"type": "Point", "coordinates": [77.6436376, 12.978390199999998]}, "properties": {"species": "Callistemon Viminalis (Soland. Ex Gaertn.) G. Don", "ward": "80", "tree_id": "GN8535GC7JTA012", "status": 1, "band_m": 10}}, {"type": "Feature", "geometry": {"type": "Point", "coordinates": [77.6436376, 12.978390199999998]}, "properties": {"species": "Pongamia Pinnata (L.) Pierre", "ward": "80", "tree_id": "GN8535GC7JTA007", "status": 1, "band_m": 10}}, {"type": "Feature", "geometry": {"type": "Point", "coordinates": [77.6436376, 12.978390199999998]}, "properties": {"species": "Leucaena Latisiliqua (L.) Gillis", "ward": "80", "tree_id": "GN8535GC7JTA021", "status": 1, "band_m": 10}}, {"type": "Feature", "geometry": {"type": "Point", "coordinates": [77.6436376, 12.978390199999998]}, "properties": {"species": "Tabebuia Rosea (Bertol) Dc.", "ward": "80", "tree_id": "GN8535GC7JTA017", "status": 1, "band_m": 10}}, {"type": "Feature", "geometry": {"type": "Point", "coordinates": [77.6436376, 12.978390199999998]}, "properties": {"species": "Markhamia Lutea (Benth.) K.Schum", "ward": "80", "tree_id": "GN8535GC7JTA006", "status": 1, "band_m": 10}}, {"type": "Feature", "geometry": {"type": "Point", "coordinates": [77.6436376, 12.978390199999998]}, "properties": {"species": "Tabebuia Rosea (Bertol) Dc.", "ward": "80", "tree_id": "GN8535GC7JTA018", "status": 1, "band_m": 10}}, {"type": "Feature", "geometry": {"type": "Point", "coordinates": [77.6436376, 12.978390199999998]}, "properties": {"species": "Delonix Regia (Bojer Ex Hook.) Raf.", "ward": "80", "tree_id": "GN8535GC7JTA019", "status": 1, "band_m": 10}}, {"type": "Feature", "geometry": {"type": "Point", "coordinates": [77.6436376, 12.978390199999998]}, "properties": {"species": "Michelia Champaca L", "ward": "80", "tree_id": "GN8535GC7JTA029", "status": 1, "band_m": 10}}, {"type": "Feature", "geometry": {"type": "Point", "coordinates": [77.6436376, 12.978390199999998]}, "properties": {"species": "Pongamia Pinnata (L.) Pierre", "ward": "80", "tree_id": "GN8535GC7JTA020", "status": 1, "band_m": 10}}, {"type": "Feature", "geometry": {"type": "Point", "coordinates": [77.6436376, 12.978390199999998]}, "properties": {"species": "Phyllanthus Polyphykkus Wild", "ward": "80", "tree_id": "GN8535GC7JTA002", "status": 1, "band_m": 10}}, {"type": "Feature", "geometry": {"type": "Point", "coordinates": [77.6436376, 12.978390199999998]}, "properties": {"species": "Syzygium Cumini (L.) Skeels", "ward": "80", "tree_id": "GN8535GC7JTA004", "status": 1, "band_m": 10}}, {"type": "Feature", "geometry": {"type": "Point", "coordinates": [77.6436376, 12.978390199999998]}, "properties": {"species": "Markhamia Lutea (Benth.) K.Schum", "ward": "80", "tree_id": "GN8535GC7JTA038", "status": 1, "band_m": 10}}, {"type": "Feature", "geometry": {"type": "Point", "coordinates": [77.6436376, 12.978390199999998]}, "properties": {"species": "Swietenia Mahagoni (L.) Jacq.", "ward": "80", "tree_id": "GN8535GC7JTA025", "status": 1, "band_m": 10}}, {"type": "Feature", "geometry": {"type": "Point", "coordinates": [77.6436376, 12.978390199999998]}, "properties": {"species": "Michelia Champaca L", "ward": "80", "tree_id": "GN8535GC7JTA037", "status": 1, "band_m": 10}}, {"type": "Feature", "geometry": {"type": "Point", "coordinates": [77.6436376, 12.978390199999998]}, "properties": {"species": "Markhamia Lutea (Benth.) K.Schum", "ward": "80", "tree_id": "GN8535GC7JTA036", "status": 1, "band_m": 10}}, {"type": "Feature", "geometry": {"type": "Point", "coordinates": [77.6436376, 12.978390199999998]}, "properties": {"species": "Markhamia Lutea (Benth.) K.Schum", "ward": "80", "tree_id": "GN8535GC7JTA001", "status": 1, "band_m": 10}}, {"type": "Feature", "geometry": {"type": "Point", "coordinates": [77.6436376, 12.978390199999998]}, "properties": {"species": "Ficus Racemosa L.", "ward": "80", "tree_id": "GN8535GC7JTA022", "status": 1, "band_m": 10}}, {"type": "Feature", "geometry": {"type": "Point", "coordinates": [77.6436376, 12.978390199999998]}, "properties": {"species": "Pongamia Pinnata (L.) Pierre", "ward": "80", "tree_id": "GN8535GC7JTA024", "status": 1, "band_m": 10}}, {"type": "Feature", "geometry": {"type": "Point", "coordinates": [77.6436376, 12.978390199999998]}, "properties": {"species": "Swietenia Mahagoni (L.) Jacq.", "ward": "80", "tree_id": "GN8535GC7JTA013", "status": 1, "band_m": 10}}, {"type": "Feature", "geometry": {"type": "Point", "coordinates": [77.6436376, 12.978390199999998]}, "properties": {"species": "Pongamia Pinnata (L.) Pierre", "ward": "80", "tree_id": "GN8535GC7JTA023", "status": 1, "band_m": 10}}, {"type": "Feature", "geometry": {"type": "Point", "coordinates": [77.6436376, 12.978390199999998]}, "properties": {"species": "Markhamia Lutea (Benth.) K.Schum", "ward": "80", "tree_id": "GN8535GC7JTA034", "status": 1, "band_m": 10}}, {"type": "Feature", "geometry": {"type": "Point", "coordinates": [77.6436376, 12.978390199999998]}, "properties": {"species": "Averrhoa Carambola L.", "ward": "80", "tree_id": "GN8535GC7JTA033", "status": 1, "band_m": 10}}, {"type": "Feature", "geometry": {"type": "Point", "coordinates": [77.6436376, 12.978390199999998]}, "properties": {"species": "Phoenix Sylvestris (L.) Roxb.", "ward": "80", "tree_id": "GN8535GC7JTA041", "status": 1, "band_m": 10}}, {"type": "Feature", "geometry": {"type": "Point", "coordinates": [77.6436376, 12.978390199999998]}, "properties": {"species": "Phyllanthus Polyphykkus Wild", "ward": "80", "tree_id": "GN8535GC7JTA003", "status": 1, "band_m": 10}}, {"type": "Feature", "geometry": {"type": "Point", "coordinates": [77.6436376, 12.978390199999998]}, "properties": {"species": "Averrhoa Carambola L.", "ward": "80", "tree_id": "GN8535GC7JTA032", "status": 1, "band_m": 10}}, {"type": "Feature", "geometry": {"type": "Point", "coordinates": [77.6436376, 12.978390199999998]}, "properties": {"species": "Peltophorum Pterocarpum (Dc.) Back. Ex K. Heyne", "ward": "80", "tree_id": "GN8535GC7JTA040", "status": 1, "band_m": 10}}, {"type": "Feature", "geometry": {"type": "Point", "coordinates": [77.6436376, 12.978390199999998]}, "properties": {"species": "Markhamia Lutea (Benth.) K.Schum", "ward": "80", "tree_id": "GN8535GC7JTA039", "status": 1, "band_m": 10}}, {"type": "Feature", "geometry": {"type": "Point", "coordinates": [77.6410206, 12.977979200000002]}, "properties": {"species": "Terminalia Catappa L", "ward": "80", "tree_id": "GN8535GB5UIA001", "status": 1, "band_m": 10}}, {"type": "Feature", "geometry": {"type": "Point", "coordinates": [77.6410456, 12.9780062]}, "properties": {"species": "Millingtonia Hortensis L.F", "ward": "80", "tree_id": "GN8535GB5UIP001", "status": 1, "band_m": 10}}, {"type": "Feature", "geometry": {"type": "Point", "coordinates": [77.6410396, 12.9780312]}, "properties": {"species": "Terminalia Catappa L", "ward": "80", "tree_id": "GN8535GB5UNK001", "status": 1, "band_m": 10}}, {"type": "Feature", "geometry": {"type": "Point", "coordinates": [77.6410516, 12.978050200000002]}, "properties": {"species": "Roystonea Regia (H.B.K) O. F. Cook", "ward": "80", "tree_id": "GN8535GB5UTA001", "status": 1, "band_m": 10}}, {"type": "Feature", "geometry": {"type": "Point", "coordinates": [77.6410976, 12.978074199999998]}, "properties": {"species": "Terminalia Catappa L", "ward": "80", "tree_id": "GN8535GB5VPJ001", "status": 1, "band_m": 10}}, {"type": "Feature", "geometry": {"type": "Point", "coordinates": [77.6410976, 12.9780892]}, "properties": {"species": "Millingtonia Hortensis L.F", "ward": "80", "tree_id": "GN8535GB5VUB001", "status": 1, "band_m": 10}}, {"type": "Feature", "geometry": {"type": "Point", "coordinates": [77.6412826, 12.978248200000001]}, "properties": {"species": "Millingtonia Hortensis L.F", "ward": "80", "tree_id": "GN8535GC5CPJ001", "status": 1, "band_m": 10}}, {"type": "Feature", "geometry": {"type": "Point", "coordinates": [77.6413206, 12.978277199999997]}, "properties": {"species": "Syzygium Cumini (L.) Skeels", "ward": "80", "tree_id": "GN8535GC5CVF001", "status": 1, "band_m": 10}}, {"type": "Feature", "geometry": {"type": "Point", "coordinates": [77.6413136, 12.9782782]}, "properties": {"species": "Roystonea Regia (H.B.K) O. F. Cook", "ward": "80", "tree_id": "GN8535GC5CVE001", "status": 1, "band_m": 10}}, {"type": "Feature", "geometry": {"type": "Point", "coordinates": [77.6417176, 12.978307199999998]}, "properties": {"species": "Markhamia Lutea (Benth.) K.Schum", "ward": "80", "tree_id": "GN8535GC5JCE001", "status": 1, "band_m": 10}}, {"type": "Feature", "geometry": {"type": "Point", "coordinates": [77.6409136, 12.9782812]}, "properties": {"species": "Markhamia Lutea (Benth.) K.Schum", "ward": "80", "tree_id": "GN8535GC5AUE001", "status": 1, "band_m": 10}}, {"type": "Feature", "geometry": {"type": "Point", "coordinates": [77.6409496, 12.9783292]}, "properties": {"species": "Others", "ward": "80", "tree_id": "GN8535GC5FBI001", "status": 1, "band_m": 10}}, {"type": "Feature", "geometry": {"type": "Point", "coordinates": [77.6423446, 12.978326200000001]}, "properties": {"species": "Swietenia Mahagoni (L.) Jacq.", "ward": "80", "tree_id": "GN8535GC6HJA001", "status": 1, "band_m": 10}}, {"type": "Feature", "geometry": {"type": "Point", "coordinates": [77.6423456, 12.978332199999999]}, "properties": {"species": "Syzygium Cumini (L.) Skeels", "ward": "80", "tree_id": "GN8535GC6HJA002", "status": 1, "band_m": 10}}, {"type": "Feature", "geometry": {"type": "Point", "coordinates": [77.6425826, 12.9783682]}, "properties": {"species": "Markhamia Lutea (Benth.) K.Schum", "ward": "80", "tree_id": "GN8535GC6JKG001", "status": 1, "band_m": 10}}, {"type": "Feature", "geometry": {"type": "Point", "coordinates": [77.64296860000002, 12.978380200000002]}, "properties": {"species": "Markhamia Lutea (Benth.) K.Schum", "ward": "80", "tree_id": "GN8535GC7GKL001", "status": 1, "band_m": 10}}, {"type": "Feature", "geometry": {"type": "Point", "coordinates": [77.6409726, 12.978357200000001]}, "properties": {"species": "Terminalia Catappa L", "ward": "80", "tree_id": "GN8535GC5FGL001", "status": 1, "band_m": 10}}, {"type": "Feature", "geometry": {"type": "Point", "coordinates": [77.6409586, 12.9783592]}, "properties": {"species": "Others", "ward": "80", "tree_id": "GN8535GC5FGJ001", "status": 1, "band_m": 10}}, {"type": "Feature", "geometry": {"type": "Point", "coordinates": [77.6410276, 12.978399199999998]}, "properties": {"species": "Terminalia Catappa L", "ward": "80", "tree_id": "GN8535GC5FNJ001", "status": 1, "band_m": 10}}, {"type": "Feature", "geometry": {"type": "Point", "coordinates": [77.6410976, 12.978417199999997]}, "properties": {"species": "Others", "ward": "80", "tree_id": "GN8535GC5GPA001", "status": 1, "band_m": 10}}, {"type": "Feature", "geometry": {"type": "Point", "coordinates": [77.6422726, 12.9783472]}, "properties": {"species": "Tabebuia Rosea (Bertol) Dc.", "ward": "80", "tree_id": "GN8535GC6HHI001", "status": 1, "band_m": 10}}, {"type": "Feature", "geometry": {"type": "Point", "coordinates": [77.6421586, 12.9783492]}, "properties": {"species": "Markhamia Lutea (Benth.) K.Schum", "ward": "80", "tree_id": "GN8535GC6GJI001", "status": 1, "band_m": 10}}, {"type": "Feature", "geometry": {"type": "Point", "coordinates": [77.6411436, 12.9784672]}, "properties": {"species": "Terminalia Catappa L", "ward": "80", "tree_id": "GN8535GC5GVJ001", "status": 1, "band_m": 10}}, {"type": "Feature", "geometry": {"type": "Point", "coordinates": [77.6444046, 12.9783932]}, "properties": {"species": "Syzygium Cumini (L.) Skeels", "ward": "80", "tree_id": "GN8535GC8ITH001", "status": 1, "band_m": 10}}, {"type": "Feature", "geometry": {"type": "Point", "coordinates": [77.6443716, 12.978397199999998]}, "properties": {"species": "Saraca Asoca (Roxb.) De Wilde", "ward": "80", "tree_id": "GN8535GC8ITI001", "status": 1, "band_m": 10}}, {"type": "Feature", "geometry": {"type": "Point", "coordinates": [77.6444756, 12.9784072]}, "properties": {"species": "Saraca Asoca (Roxb.) De Wilde", "ward": "80", "tree_id": "GN8535GC8JQP001", "status": 1, "band_m": 10}}, {"type": "Feature", "geometry": {"type": "Point", "coordinates": [77.6443216, 12.978409199999998]}, "properties": {"species": "Swietenia Mahagoni (L.) Jacq.", "ward": "80", "tree_id": "GN8535GC8IRO001", "status": 1, "band_m": 10}}, {"type": "Feature", "geometry": {"type": "Point", "coordinates": [77.6447316, 12.978417199999999]}, "properties": {"species": "Muntingia Calabura L.", "ward": "80", "tree_id": "GN8535GC9FXD001", "status": 1, "band_m": 10}}, {"type": "Feature", "geometry": {"type": "Point", "coordinates": [77.6446216, 12.9784232]}, "properties": {"species": "Markhamia Lutea (Benth.) K.Schum", "ward": "80", "tree_id": "GN8535GC9FUH001", "status": 1, "band_m": 10}}, {"type": "Feature", "geometry": {"type": "Point", "coordinates": [77.6448846, 12.9784462]}, "properties": {"species": "Mangifera Indica L.", "ward": "80", "tree_id": "GN8535GC9LCD001", "status": 1, "band_m": 10}}, {"type": "Feature", "geometry": {"type": "Point", "coordinates": [77.6457266, 12.978669199999997]}, "properties": {"species": "Michelia Longifolia Blume", "ward": "80", "tree_id": "GN8535HC0QFH001", "status": 1, "band_m": 10}}, {"type": "Feature", "geometry": {"type": "Point", "coordinates": [77.6456556, 12.978686199999999]}, "properties": {"species": "Pongamia Pinnata (L.) Pierre", "ward": "80", "tree_id": "GN8535HC0PIP001", "status": 1, "band_m": 10}}, {"type": "Feature", "geometry": {"type": "Point", "coordinates": [77.6459296, 12.9786942]}, "properties": {"species": "Peltophorum Pterocarpum (Dc.) Back. Ex K. Heyne", "ward": "80", "tree_id": "GN8535HC0RLB001", "status": 1, "band_m": 10}}, {"type": "Feature", "geometry": {"type": "Point", "coordinates": [77.6428236, 12.9786142]}, "properties": {"species": "Markhamia Lutea (Benth.) K.Schum", "ward": "80", "tree_id": "GN8535GC7KVD001", "status": 1, "band_m": 10}}, {"type": "Feature", "geometry": {"type": "Point", "coordinates": [77.6466586, 12.9791362]}, "properties": {"species": "Markhamia Lutea (Benth.) K.Schum", "ward": "58", "tree_id": "GN8535HD1BUL001", "status": 1, "band_m": 10}}, {"type": "Feature", "geometry": {"type": "Point", "coordinates": [77.6466846, 12.979255199999999]}, "properties": {"species": "Peltophorum Pterocarpum (Dc.) Back. Ex K. Heyne", "ward": "58", "tree_id": "GN8535HD1GLO001", "status": 1, "band_m": 10}}, {"type": "Feature", "geometry": {"type": "Point", "coordinates": [77.6463436, 12.979566199999997]}, "properties": {"species": "Swietenia Mahagoni (L.) Jacq.", "ward": "80", "tree_id": "GN8535HD0THE001", "status": 1, "band_m": 10}}, {"type": "Feature", "geometry": {"type": "Point", "coordinates": [77.6462976, 12.979710199999996]}, "properties": {"species": "Swietenia Mahagoni (L.) Jacq.", "ward": "80", "tree_id": "GN8535HD0YAH001", "status": 1, "band_m": 10}}, {"type": "Feature", "geometry": {"type": "Point", "coordinates": [77.6457926, 12.981741199999998]}, "properties": {"species": "Ficus Benjamina L.", "ward": "80", "tree_id": "GN8535HG0BGK001", "status": 1, "band_m": 10}}, {"type": "Feature", "geometry": {"type": "Point", "coordinates": [77.6458066, 12.9834052]}, "properties": {"species": "Terminalia Catappa L", "ward": "58", "tree_id": "GN8535HH0VLK001", "status": 1, "band_m": 10}}, {"type": "Feature", "geometry": {"type": "Point", "coordinates": [77.6459826, 12.982196199999999]}, "properties": {"species": "Ficus Benjamina L.", "ward": "58", "tree_id": "GN8535HG0MVC001", "status": 1, "band_m": 10}}, {"type": "Feature", "geometry": {"type": "Point", "coordinates": [77.6461096, 12.985976199999998]}, "properties": {"species": "Peltophorum Pterocarpum (Dc.) Back. Ex K. Heyne", "ward": "58", "tree_id": "GN8535MA0RTM001", "status": 1, "band_m": 10}}, {"type": "Feature", "geometry": {"type": "Point", "coordinates": [77.64647560000002, 12.986140199999998]}, "properties": {"species": "Peltophorum Pterocarpum (Dc.) Back. Ex K. Heyne", "ward": "58", "tree_id": "GN8535MA0YSH001", "status": 1, "band_m": 10}}, {"type": "Feature", "geometry": {"type": "Point", "coordinates": [77.6462016, 12.9863772]}, "properties": {"species": "Pongamia Pinnata (L.) Pierre", "ward": "79", "tree_id": "GN8535MB0DVN001", "status": 1, "band_m": 10}}, {"type": "Feature", "geometry": {"type": "Point", "coordinates": [77.6470196, 12.9863752]}, "properties": {"species": "Peltophorum Pterocarpum (Dc.) Back. Ex K. Heyne", "ward": "58", "tree_id": "GN8535MB1HDC001", "status": 1, "band_m": 10}}, {"type": "Feature", "geometry": {"type": "Point", "coordinates": [77.6470806, 12.9864052]}, "properties": {"species": "Peltophorum Pterocarpum (Dc.) Back. Ex K. Heyne", "ward": "58", "tree_id": "GN8535MB1IAN001", "status": 1, "band_m": 10}}, {"type": "Feature", "geometry": {"type": "Point", "coordinates": [77.6474536, 12.986520199999998]}, "properties": {"species": "Peltophorum Pterocarpum (Dc.) Back. Ex K. Heyne", "ward": "58", "tree_id": "GN8535MB2FUB001", "status": 1, "band_m": 10}}, {"type": "Feature", "geometry": {"type": "Point", "coordinates": [77.6192416, 12.915526099999997]}, "properties": {"species": "Spathodea Campanulata P. Beauv", "ward": "176", "tree_id": "GN8025YC2KJL001", "status": 1, "band_m": 15}}, {"type": "Feature", "geometry": {"type": "Point", "coordinates": [77.6191386, 12.9155321]}, "properties": {"species": "Tabebuia Rosea (Bertol) Dc.", "ward": "176", "tree_id": "GN8025YC2KHM001", "status": 1, "band_m": 15}}, {"type": "Feature", "geometry": {"type": "Point", "coordinates": [77.6192026, 12.915540100000001]}, "properties": {"species": "Muntingia Calabura L.", "ward": "176", "tree_id": "GN8025YC2KND001", "status": 1, "band_m": 15}}, {"type": "Feature", "geometry": {"type": "Point", "coordinates": [77.6192886, 12.915547099999998]}, "properties": {"species": "Tabebuia Rosea (Bertol) Dc.", "ward": "176", "tree_id": "GN8025YC2LLE001", "status": 1, "band_m": 15}}, {"type": "Feature", "geometry": {"type": "Point", "coordinates": [77.6192586, 12.915551100000002]}, "properties": {"species": "Bauhinia Racemosa Lam", "ward": "176", "tree_id": "GN8025YC2LKF001", "status": 1, "band_m": 15}}, {"type": "Feature", "geometry": {"type": "Point", "coordinates": [77.6190886, 12.915553099999997]}, "properties": {"species": "Pongamia Pinnata (L.) Pierre", "ward": "176", "tree_id": "GN8025YC2KKG001", "status": 1, "band_m": 15}}, {"type": "Feature", "geometry": {"type": "Point", "coordinates": [77.6192386, 12.9155531]}, "properties": {"species": "Tabebuia Rosea (Bertol) Dc.", "ward": "176", "tree_id": "GN8025YC2KOH001", "status": 1, "band_m": 15}}, {"type": "Feature", "geometry": {"type": "Point", "coordinates": [77.6190936, 12.9155611]}, "properties": {"species": "Terminalia Catappa L", "ward": "176", "tree_id": "GN8025YC2KKL001", "status": 1, "band_m": 15}}, {"type": "Feature", "geometry": {"type": "Point", "coordinates": [77.6192566, 12.915565099999997]}, "properties": {"species": "Muntingia Calabura L.", "ward": "176", "tree_id": "GN8025YC2LKN001", "status": 1, "band_m": 15}}, {"type": "Feature", "geometry": {"type": "Point", "coordinates": [77.6193656, 12.915586099999997]}, "properties": {"species": "Bauhinia Variegata L.", "ward": "176", "tree_id": "GN8025YC2LSE001", "status": 1, "band_m": 15}}, {"type": "Feature", "geometry": {"type": "Point", "coordinates": [77.6202386, 12.917037099999998]}, "properties": {"species": "Saraca Asoca (Roxb.) De Wilde", "ward": "172", "tree_id": "GN8025YE3BQO001", "status": 1, "band_m": 15}}, {"type": "Feature", "geometry": {"type": "Point", "coordinates": [77.6202876, 12.917077099999998]}, "properties": {"species": "Others", "ward": "172", "tree_id": "GN8025YE3BWP001", "status": 1, "band_m": 15}}, {"type": "Feature", "geometry": {"type": "Point", "coordinates": [77.6206446, 12.917527099999997]}, "properties": {"species": "Grevillea Robusta Cunn. Ex R. Br.", "ward": "172", "tree_id": "GN8025YE3SMF001", "status": 1, "band_m": 15}}, {"type": "Feature", "geometry": {"type": "Point", "coordinates": [77.6206566, 12.917531100000001]}, "properties": {"species": "Grevillea Robusta Cunn. Ex R. Br.", "ward": "172", "tree_id": "GN8025YE3SMK001", "status": 1, "band_m": 15}}, {"type": "Feature", "geometry": {"type": "Point", "coordinates": [77.6206796, 12.917543099999998]}, "properties": {"species": "Grevillea Robusta Cunn. Ex R. Br.", "ward": "172", "tree_id": "GN8025YE3SNN001", "status": 1, "band_m": 15}}, {"type": "Feature", "geometry": {"type": "Point", "coordinates": [77.6207746, 12.9177001]}, "properties": {"species": "Lagerstroemia Speciosa (L.) Pers", "ward": "172", "tree_id": "GN8025YE3YKH001", "status": 1, "band_m": 15}}, {"type": "Feature", "geometry": {"type": "Point", "coordinates": [77.6208116, 12.9177191]}, "properties": {"species": "Lagerstroemia Speciosa (L.) Pers", "ward": "172", "tree_id": "GN8025YE3YLP001", "status": 1, "band_m": 15}}, {"type": "Feature", "geometry": {"type": "Point", "coordinates": [77.6209306, 12.917902099999997]}, "properties": {"species": "Syzygium Cumini (L.) Skeels", "ward": "172", "tree_id": "GN8025YF4AKM001", "status": 1, "band_m": 15}}, {"type": "Feature", "geometry": {"type": "Point", "coordinates": [77.6209746, 12.918005099999998]}, "properties": {"species": "Syzygium Cumini (L.) Skeels", "ward": "172", "tree_id": "GN8025YF4FBM001", "status": 1, "band_m": 15}}, {"type": "Feature", "geometry": {"type": "Point", "coordinates": [77.6209816, 12.9181181]}, "properties": {"species": "Saraca Asoca (Roxb.) De Wilde", "ward": "172", "tree_id": "GN8025YF4FQN001", "status": 1, "band_m": 15}}, {"type": "Feature", "geometry": {"type": "Point", "coordinates": [77.6210026, 12.918125100000001]}, "properties": {"species": "Saraca Asoca (Roxb.) De Wilde", "ward": "172", "tree_id": "GN8025YF4FVD001", "status": 1, "band_m": 15}}, {"type": "Feature", "geometry": {"type": "Point", "coordinates": [77.6210186, 12.9181251]}, "properties": {"species": "Saraca Asoca (Roxb.) De Wilde", "ward": "172", "tree_id": "GN8025YF4FWB001", "status": 1, "band_m": 15}}, {"type": "Feature", "geometry": {"type": "Point", "coordinates": [77.6210116, 12.9181651]}, "properties": {"species": "Grevillea Robusta Cunn. Ex R. Br.", "ward": "172", "tree_id": "GN8025YF4KCA001", "status": 1, "band_m": 15}}, {"type": "Feature", "geometry": {"type": "Point", "coordinates": [77.6210016, 12.918167099999998]}, "properties": {"species": "Livistona Chinensis (Jacq.) R. Br. Ex Mart.", "ward": "172", "tree_id": "GN8025YF4KBH001", "status": 1, "band_m": 15}}, {"type": "Feature", "geometry": {"type": "Point", "coordinates": [77.62100760000001, 12.918177099999998]}, "properties": {"species": "Livistona Chinensis (Jacq.) R. Br. Ex Mart.", "ward": "172", "tree_id": "GN8025YF4KCI001", "status": 1, "band_m": 15}}, {"type": "Feature", "geometry": {"type": "Point", "coordinates": [77.6209876, 12.918638099999999]}, "properties": {"species": "Cocos Nucifera L.", "ward": "172", "tree_id": "GN8025YF4UQF001", "status": 1, "band_m": 15}}, {"type": "Feature", "geometry": {"type": "Point", "coordinates": [77.6210056, 12.9186541]}, "properties": {"species": "Saraca Asoca (Roxb.) De Wilde", "ward": "172", "tree_id": "GN8025YF4UQP001", "status": 1, "band_m": 15}}, {"type": "Feature", "geometry": {"type": "Point", "coordinates": [77.6209966, 12.918655099999997]}, "properties": {"species": "Saraca Asoca (Roxb.) De Wilde", "ward": "172", "tree_id": "GN8025YF4UQO001", "status": 1, "band_m": 15}}, {"type": "Feature", "geometry": {"type": "Point", "coordinates": [77.6210166, 12.918659100000001]}, "properties": {"species": "Grevillea Robusta Cunn. Ex R. Br.", "ward": "172", "tree_id": "GN8025YF4URM001", "status": 1, "band_m": 15}}, {"type": "Feature", "geometry": {"type": "Point", "coordinates": [77.6210016, 12.9186691]}, "properties": {"species": "Saraca Asoca (Roxb.) De Wilde", "ward": "172", "tree_id": "GN8025YF4UVD001", "status": 1, "band_m": 15}}, {"type": "Feature", "geometry": {"type": "Point", "coordinates": [77.6209956, 12.9186771]}, "properties": {"species": "Saraca Asoca (Roxb.) De Wilde", "ward": "172", "tree_id": "GN8025YF4UVG001", "status": 1, "band_m": 15}}, {"type": "Feature", "geometry": {"type": "Point", "coordinates": [77.6210186, 12.918697099999997]}, "properties": {"species": "Livistona Chinensis (Jacq.) R. Br. Ex Mart.", "ward": "172", "tree_id": "GN8025YF4UWM001", "status": 1, "band_m": 15}}, {"type": "Feature", "geometry": {"type": "Point", "coordinates": [77.6208966, 12.9191961]}, "properties": {"species": "Cocos Nucifera L.", "ward": "172", "tree_id": "GN8025YG3OSL001", "status": 1, "band_m": 15}}, {"type": "Feature", "geometry": {"type": "Point", "coordinates": [77.6208796, 12.919209099999998]}, "properties": {"species": "Spathodea Campanulata P. Beauv", "ward": "172", "tree_id": "GN8025YG3OXB001", "status": 1, "band_m": 15}}, {"type": "Feature", "geometry": {"type": "Point", "coordinates": [77.6209006, 12.9192131]}, "properties": {"species": "Saraca Asoca (Roxb.) De Wilde", "ward": "172", "tree_id": "GN8025YG3OXD001", "status": 1, "band_m": 15}}, {"type": "Feature", "geometry": {"type": "Point", "coordinates": [77.6208486, 12.919246099999999]}, "properties": {"species": "Saraca Asoca (Roxb.) De Wilde", "ward": "172", "tree_id": "GN8025YG3TCB001", "status": 1, "band_m": 15}}, {"type": "Feature", "geometry": {"type": "Point", "coordinates": [77.6208486, 12.919267099999997]}, "properties": {"species": "Muntingia Calabura L.", "ward": "172", "tree_id": "GN8025YG3TCJ001", "status": 1, "band_m": 15}}, {"type": "Feature", "geometry": {"type": "Point", "coordinates": [77.6414866, 12.960377199999996]}, "properties": {"species": "Tabebuia Rosea (Bertol) Dc.", "ward": "112", "tree_id": "GN8530VC5JUD009", "status": 1, "band_m": 15}}, {"type": "Feature", "geometry": {"type": "Point", "coordinates": [77.6414866, 12.960377199999996]}, "properties": {"species": "Tabebuia Rosea (Bertol) Dc.", "ward": "112", "tree_id": "GN8530VC5JUD005", "status": 1, "band_m": 15}}, {"type": "Feature", "geometry": {"type": "Point", "coordinates": [77.6414866, 12.960377199999996]}, "properties": {"species": "Plumeria Rubra L. Forma Tricolor", "ward": "112", "tree_id": "GN8530VC5JUD021", "status": 1, "band_m": 15}}, {"type": "Feature", "geometry": {"type": "Point", "coordinates": [77.6414866, 12.960377199999996]}, "properties": {"species": "Plumeria Rubra L. Forma Tricolor", "ward": "112", "tree_id": "GN8530VC5JUD017", "status": 1, "band_m": 15}}, {"type": "Feature", "geometry": {"type": "Point", "coordinates": [77.6414866, 12.960377199999996]}, "properties": {"species": "Plumeria Rubra L. Forma Tricolor", "ward": "112", "tree_id": "GN8530VC5JUD016", "status": 1, "band_m": 15}}, {"type": "Feature", "geometry": {"type": "Point", "coordinates": [77.6414866, 12.960377199999996]}, "properties": {"species": "Tabebuia Rosea (Bertol) Dc.", "ward": "112", "tree_id": "GN8530VC5JUD006", "status": 1, "band_m": 15}}, {"type": "Feature", "geometry": {"type": "Point", "coordinates": [77.6414866, 12.960377199999996]}, "properties": {"species": "Plumeria Rubra L. Forma Tricolor", "ward": "112", "tree_id": "GN8530VC5JUD019", "status": 1, "band_m": 15}}, {"type": "Feature", "geometry": {"type": "Point", "coordinates": [77.6414866, 12.960377199999996]}, "properties": {"species": "Mangifera Indica L.", "ward": "112", "tree_id": "GN8530VC5JUD012", "status": 1, "band_m": 15}}, {"type": "Feature", "geometry": {"type": "Point", "coordinates": [77.6414866, 12.960377199999996]}, "properties": {"species": "Plumeria Rubra L. Forma Tricolor", "ward": "112", "tree_id": "GN8530VC5JUD015", "status": 1, "band_m": 15}}, {"type": "Feature", "geometry": {"type": "Point", "coordinates": [77.6414866, 12.960377199999996]}, "properties": {"species": "Plumeria Rubra L. Forma Tricolor", "ward": "112", "tree_id": "GN8530VC5JUD011", "status": 1, "band_m": 15}}, {"type": "Feature", "geometry": {"type": "Point", "coordinates": [77.6414866, 12.960377199999996]}, "properties": {"species": "Plumeria Rubra L. Forma Tricolor", "ward": "112", "tree_id": "GN8530VC5JUD014", "status": 1, "band_m": 15}}, {"type": "Feature", "geometry": {"type": "Point", "coordinates": [77.6414866, 12.960377199999996]}, "properties": {"species": "Azadirachta Indica A. Juss.", "ward": "112", "tree_id": "GN8530VC5JUD010", "status": 1, "band_m": 15}}, {"type": "Feature", "geometry": {"type": "Point", "coordinates": [77.6414866, 12.960377199999996]}, "properties": {"species": "Tabebuia Rosea (Bertol) Dc.", "ward": "112", "tree_id": "GN8530VC5JUD008", "status": 1, "band_m": 15}}, {"type": "Feature", "geometry": {"type": "Point", "coordinates": [77.6414866, 12.960377199999996]}, "properties": {"species": "Tabebuia Rosea (Bertol) Dc.", "ward": "112", "tree_id": "GN8530VC5JUD007", "status": 1, "band_m": 15}}, {"type": "Feature", "geometry": {"type": "Point", "coordinates": [77.6414866, 12.960377199999996]}, "properties": {"species": "Plumeria Rubra L. Forma Tricolor", "ward": "112", "tree_id": "GN8530VC5JUD022", "status": 1, "band_m": 15}}, {"type": "Feature", "geometry": {"type": "Point", "coordinates": [77.6414866, 12.960377199999996]}, "properties": {"species": "Markhamia Lutea (Benth.) K.Schum", "ward": "112", "tree_id": "GN8530VC5JUD003", "status": 1, "band_m": 15}}, {"type": "Feature", "geometry": {"type": "Point", "coordinates": [77.6414866, 12.960377199999996]}, "properties": {"species": "Plumeria Rubra L. Forma Tricolor", "ward": "112", "tree_id": "GN8530VC5JUD018", "status": 1, "band_m": 15}}, {"type": "Feature", "geometry": {"type": "Point", "coordinates": [77.6414866, 12.960377199999996]}, "properties": {"species": "Plumeria Rubra L. Forma Tricolor", "ward": "112", "tree_id": "GN8530VC5JUD023", "status": 1, "band_m": 15}}, {"type": "Feature", "geometry": {"type": "Point", "coordinates": [77.6414866, 12.960377199999996]}, "properties": {"species": "Ficus Racemosa L.", "ward": "112", "tree_id": "GN8530VC5JUD002", "status": 1, "band_m": 15}}, {"type": "Feature", "geometry": {"type": "Point", "coordinates": [77.6414866, 12.960377199999996]}, "properties": {"species": "Azadirachta Indica A. Juss.", "ward": "112", "tree_id": "GN8530VC5JUD024", "status": 1, "band_m": 15}}, {"type": "Feature", "geometry": {"type": "Point", "coordinates": [77.6414866, 12.960377199999996]}, "properties": {"species": "Plumeria Rubra L. Forma Tricolor", "ward": "112", "tree_id": "GN8530VC5JUD013", "status": 1, "band_m": 15}}, {"type": "Feature", "geometry": {"type": "Point", "coordinates": [77.6414866, 12.960377199999996]}, "properties": {"species": "Tabebuia Rosea (Bertol) Dc.", "ward": "112", "tree_id": "GN8530VC5JUD001", "status": 1, "band_m": 15}}, {"type": "Feature", "geometry": {"type": "Point", "coordinates": [77.6414866, 12.960377199999996]}, "properties": {"species": "Plumeria Rubra L. Forma Tricolor", "ward": "112", "tree_id": "GN8530VC5JUD020", "status": 1, "band_m": 15}}, {"type": "Feature", "geometry": {"type": "Point", "coordinates": [77.6414866, 12.960377199999996]}, "properties": {"species": "Psidium Guajava L.", "ward": "112", "tree_id": "GN8530VC5JUD004", "status": 1, "band_m": 15}}, {"type": "Feature", "geometry": {"type": "Point", "coordinates": [77.6419576, 12.9606342]}, "properties": {"species": "Tabebuia Rosea (Bertol) Dc.", "ward": "88", "tree_id": "GN8530VC6QIG001", "status": 1, "band_m": 15}}, {"type": "Feature", "geometry": {"type": "Point", "coordinates": [77.64197560000001, 12.960746199999999]}, "properties": {"species": "Roystonea Regia (H.B.K) O. F. Cook", "ward": "88", "tree_id": "GN8530VC6QYE004", "status": 1, "band_m": 15}}, {"type": "Feature", "geometry": {"type": "Point", "coordinates": [77.64197560000001, 12.960746199999999]}, "properties": {"species": "Roystonea Regia (H.B.K) O. F. Cook", "ward": "88", "tree_id": "GN8530VC6QYE002", "status": 1, "band_m": 15}}, {"type": "Feature", "geometry": {"type": "Point", "coordinates": [77.64197560000001, 12.960746199999999]}, "properties": {"species": "Roystonea Regia (H.B.K) O. F. Cook", "ward": "88", "tree_id": "GN8530VC6QYE003", "status": 1, "band_m": 15}}, {"type": "Feature", "geometry": {"type": "Point", "coordinates": [77.64197560000001, 12.960746199999999]}, "properties": {"species": "Caryota Mitis Lour.", "ward": "88", "tree_id": "GN8530VC6QYE010", "status": 1, "band_m": 15}}, {"type": "Feature", "geometry": {"type": "Point", "coordinates": [77.64197560000001, 12.960746199999999]}, "properties": {"species": "Peltophorum Pterocarpum (Dc.) Back. Ex K. Heyne", "ward": "88", "tree_id": "GN8530VC6QYE001", "status": 1, "band_m": 15}}, {"type": "Feature", "geometry": {"type": "Point", "coordinates": [77.64197560000001, 12.960746199999999]}, "properties": {"species": "Roystonea Regia (H.B.K) O. F. Cook", "ward": "88", "tree_id": "GN8530VC6QYE005", "status": 1, "band_m": 15}}, {"type": "Feature", "geometry": {"type": "Point", "coordinates": [77.64197560000001, 12.960746199999999]}, "properties": {"species": "Ceiba Speciosa (A. St. Hil.) Ravenna", "ward": "88", "tree_id": "GN8530VC6QYE009", "status": 1, "band_m": 15}}, {"type": "Feature", "geometry": {"type": "Point", "coordinates": [77.64197560000001, 12.960746199999999]}, "properties": {"species": "Roystonea Regia (H.B.K) O. F. Cook", "ward": "88", "tree_id": "GN8530VC6QYE006", "status": 1, "band_m": 15}}, {"type": "Feature", "geometry": {"type": "Point", "coordinates": [77.64197560000001, 12.960746199999999]}, "properties": {"species": "Ficus Racemosa L.", "ward": "88", "tree_id": "GN8530VC6QYE008", "status": 1, "band_m": 15}}, {"type": "Feature", "geometry": {"type": "Point", "coordinates": [77.64197560000001, 12.960746199999999]}, "properties": {"species": "Ceiba Speciosa (A. St. Hil.) Ravenna", "ward": "88", "tree_id": "GN8530VC6QYE007", "status": 1, "band_m": 15}}, {"type": "Feature", "geometry": {"type": "Point", "coordinates": [77.6419926, 12.9608172]}, "properties": {"species": "Ficus Benghalensis L.", "ward": "88", "tree_id": "GN8530VC6VJG001", "status": 1, "band_m": 15}}, {"type": "Feature", "geometry": {"type": "Point", "coordinates": [77.6419846, 12.9608222]}, "properties": {"species": "Syzygium Cumini (L.) Skeels", "ward": "88", "tree_id": "GN8530VC6VJJ001", "status": 1, "band_m": 15}}, {"type": "Feature", "geometry": {"type": "Point", "coordinates": [77.6415176, 12.961410199999998]}, "properties": {"species": "Ceiba Pentandra (L.) Gaertn.", "ward": "112", "tree_id": "GN8530VD5OLJ001", "status": 1, "band_m": 15}}, {"type": "Feature", "geometry": {"type": "Point", "coordinates": [77.6415246, 12.961410199999998]}, "properties": {"species": "Ceiba Pentandra (L.) Gaertn.", "ward": "112", "tree_id": "GN8530VD5OLK001", "status": 1, "band_m": 15}}, {"type": "Feature", "geometry": {"type": "Point", "coordinates": [77.6414136, 12.963401200000002]}, "properties": {"species": "Delonix Regia (Bojer Ex Hook.) Raf.", "ward": "112", "tree_id": "GN8530VF5SNM001", "status": 1, "band_m": 15}}, {"type": "Feature", "geometry": {"type": "Point", "coordinates": [77.6415936, 12.967316200000003]}, "properties": {"species": "Tabebuia Rosea (Bertol) Dc.", "ward": "88", "tree_id": "GN8535BA5EGD001", "status": 1, "band_m": 15}}, {"type": "Feature", "geometry": {"type": "Point", "coordinates": [77.6415926, 12.9674582]}, "properties": {"species": "Swietenia Mahagoni (L.) Jacq.", "ward": "88", "tree_id": "GN8535BA5JBD001", "status": 1, "band_m": 15}}, {"type": "Feature", "geometry": {"type": "Point", "coordinates": [77.6415896, 12.9678222]}, "properties": {"species": "Peltophorum Pterocarpum (Dc.) Back. Ex K. Heyne", "ward": "88", "tree_id": "GN8535BA5TBC001", "status": 1, "band_m": 15}}, {"type": "Feature", "geometry": {"type": "Point", "coordinates": [77.6415536, 12.968000199999999]}, "properties": {"species": "Delonix Regia (Bojer Ex Hook.) Raf.", "ward": "88", "tree_id": "GN8535BA5YAC001", "status": 1, "band_m": 15}}, {"type": "Feature", "geometry": {"type": "Point", "coordinates": [77.6415586, 12.968116199999999]}, "properties": {"species": "Delonix Regia (Bojer Ex Hook.) Raf.", "ward": "88", "tree_id": "GN8535BA5YPG001", "status": 1, "band_m": 15}}, {"type": "Feature", "geometry": {"type": "Point", "coordinates": [77.6415066, 12.968919200000002]}, "properties": {"species": "Millingtonia Hortensis L.F", "ward": "88", "tree_id": "GN8535BB5XEE001", "status": 1, "band_m": 15}}, {"type": "Feature", "geometry": {"type": "Point", "coordinates": [77.6414426, 12.9699092]}, "properties": {"species": "Markhamia Lutea (Benth.) K.Schum", "ward": "88", "tree_id": "GN8535BC5XMM001", "status": 1, "band_m": 15}}, {"type": "Feature", "geometry": {"type": "Point", "coordinates": [77.6414656, 12.9700672]}, "properties": {"species": "Markhamia Lutea (Benth.) K.Schum", "ward": "88", "tree_id": "GN8535BD5DMC001", "status": 1, "band_m": 15}}, {"type": "Feature", "geometry": {"type": "Point", "coordinates": [77.6411256, 12.9701172]}, "properties": {"species": "Millingtonia Hortensis L.F", "ward": "112", "tree_id": "GN8535BD5BSJ005", "status": 1, "band_m": 15}}, {"type": "Feature", "geometry": {"type": "Point", "coordinates": [77.6411256, 12.9701172]}, "properties": {"species": "Markhamia Lutea (Benth.) K.Schum", "ward": "112", "tree_id": "GN8535BD5BSJ004", "status": 1, "band_m": 15}}, {"type": "Feature", "geometry": {"type": "Point", "coordinates": [77.6411256, 12.9701172]}, "properties": {"species": "Markhamia Lutea (Benth.) K.Schum", "ward": "112", "tree_id": "GN8535BD5BSJ006", "status": 1, "band_m": 15}}, {"type": "Feature", "geometry": {"type": "Point", "coordinates": [77.6411256, 12.9701172]}, "properties": {"species": "Peltophorum Pterocarpum (Dc.) Back. Ex K. Heyne", "ward": "112", "tree_id": "GN8535BD5BSJ001", "status": 1, "band_m": 15}}, {"type": "Feature", "geometry": {"type": "Point", "coordinates": [77.6411256, 12.9701172]}, "properties": {"species": "Tabebuia Rosea (Bertol) Dc.", "ward": "112", "tree_id": "GN8535BD5BSJ003", "status": 1, "band_m": 15}}, {"type": "Feature", "geometry": {"type": "Point", "coordinates": [77.6411256, 12.9701172]}, "properties": {"species": "Markhamia Lutea (Benth.) K.Schum", "ward": "112", "tree_id": "GN8535BD5BSJ007", "status": 1, "band_m": 15}}, {"type": "Feature", "geometry": {"type": "Point", "coordinates": [77.6411256, 12.9701172]}, "properties": {"species": "Michelia Champaca L", "ward": "112", "tree_id": "GN8535BD5BSJ002", "status": 1, "band_m": 15}}, {"type": "Feature", "geometry": {"type": "Point", "coordinates": [77.6414186, 12.970419200000002]}, "properties": {"species": "Tabebuia Rosea (Bertol) Dc.", "ward": "80", "tree_id": "GN8535BD5NGM001", "status": 1, "band_m": 15}}, {"type": "Feature", "geometry": {"type": "Point", "coordinates": [77.6413976, 12.971089199999998]}, "properties": {"species": "Delonix Regia (Bojer Ex Hook.) Raf.", "ward": "80", "tree_id": "GN8535BE5IAJ001", "status": 1, "band_m": 15}}, {"type": "Feature", "geometry": {"type": "Point", "coordinates": [77.6412826, 12.9729512]}, "properties": {"species": "Swietenia Mahagoni (L.) Jacq.", "ward": "80", "tree_id": "GN8535BG5HGP001", "status": 1, "band_m": 15}}, {"type": "Feature", "geometry": {"type": "Point", "coordinates": [77.6412796, 12.9731852]}, "properties": {"species": "Swietenia Mahagoni (L.) Jacq.", "ward": "80", "tree_id": "GN8535BG5MQG001", "status": 1, "band_m": 15}}, {"type": "Feature", "geometry": {"type": "Point", "coordinates": [77.6412316, 12.974183199999999]}, "properties": {"species": "Tabebuia Rosea (Bertol) Dc.", "ward": "80", "tree_id": "GN8535BH5RFA001", "status": 1, "band_m": 15}}, {"type": "Feature", "geometry": {"type": "Point", "coordinates": [77.64123660000001, 12.973964199999998]}, "properties": {"species": "Delonix Regia (Bojer Ex Hook.) Raf.", "ward": "80", "tree_id": "GN8535BH5MAB001", "status": 1, "band_m": 15}}, {"type": "Feature", "geometry": {"type": "Point", "coordinates": [77.6411886, 12.9747032]}, "properties": {"species": "Swietenia Mahagoni (L.) Jacq.", "ward": "80", "tree_id": "GN8535BI5GDG001", "status": 1, "band_m": 15}}, {"type": "Feature", "geometry": {"type": "Point", "coordinates": [77.6411786, 12.974832199999994]}, "properties": {"species": "Swietenia Mahagoni (L.) Jacq.", "ward": "80", "tree_id": "GN8535BI5GXB001", "status": 1, "band_m": 15}}, {"type": "Feature", "geometry": {"type": "Point", "coordinates": [77.6411696, 12.975177199999997]}, "properties": {"species": "Delonix Regia (Bojer Ex Hook.) Raf.", "ward": "80", "tree_id": "GN8535BI5QSI001", "status": 1, "band_m": 15}}, {"type": "Feature", "geometry": {"type": "Point", "coordinates": [77.6411856, 12.9752892]}, "properties": {"species": "Swietenia Mahagoni (L.) Jacq.", "ward": "80", "tree_id": "GN8535BI5VIJ001", "status": 1, "band_m": 15}}, {"type": "Feature", "geometry": {"type": "Point", "coordinates": [77.64115460000001, 12.975360199999999]}, "properties": {"species": "Markhamia Lutea (Benth.) K.Schum", "ward": "80", "tree_id": "GN8535BI5VRK001", "status": 1, "band_m": 15}}, {"type": "Feature", "geometry": {"type": "Point", "coordinates": [77.6411516, 12.975442199999996]}, "properties": {"species": "Delonix Regia (Bojer Ex Hook.) Raf.", "ward": "80", "tree_id": "GN8535BJ5BCO001", "status": 1, "band_m": 15}}, {"type": "Feature", "geometry": {"type": "Point", "coordinates": [77.6411266, 12.976441200000002]}, "properties": {"species": "Delonix Regia (Bojer Ex Hook.) Raf.", "ward": "80", "tree_id": "GN8535GA5BQK001", "status": 1, "band_m": 15}}, {"type": "Feature", "geometry": {"type": "Point", "coordinates": [77.6407716, 12.976462199999997]}, "properties": {"species": "Delonix Regia (Bojer Ex Hook.) Raf.", "ward": "80", "tree_id": "GN8535GA4EVD001", "status": 1, "band_m": 15}}, {"type": "Feature", "geometry": {"type": "Point", "coordinates": [77.6411276, 12.976479199999996]}, "properties": {"species": "Delonix Regia (Bojer Ex Hook.) Raf.", "ward": "80", "tree_id": "GN8535GA5BVK001", "status": 1, "band_m": 15}}, {"type": "Feature", "geometry": {"type": "Point", "coordinates": [77.6410956, 12.976819200000001]}, "properties": {"species": "Delonix Regia (Bojer Ex Hook.) Raf.", "ward": "80", "tree_id": "GN8535GA5LPO001", "status": 1, "band_m": 15}}, {"type": "Feature", "geometry": {"type": "Point", "coordinates": [77.6453796, 12.978376199999998]}, "properties": {"species": "Markhamia Lutea (Benth.) K.Schum", "ward": "80", "tree_id": "GN8535GC9JQF001", "status": 1, "band_m": 15}}, {"type": "Feature", "geometry": {"type": "Point", "coordinates": [77.6463636, 12.9785382]}, "properties": {"species": "Markhamia Lutea (Benth.) K.Schum", "ward": "80", "tree_id": "GN8535HC0OSA001", "status": 1, "band_m": 15}}, {"type": "Feature", "geometry": {"type": "Point", "coordinates": [77.64444460000001, 12.978354199999998]}, "properties": {"species": "Saraca Asoca (Roxb.) De Wilde", "ward": "80", "tree_id": "GN8535GC8JLE001", "status": 1, "band_m": 15}}, {"type": "Feature", "geometry": {"type": "Point", "coordinates": [77.6444086, 12.9783792]}, "properties": {"species": "Markhamia Lutea (Benth.) K.Schum", "ward": "80", "tree_id": "GN8535GC8JPA001", "status": 1, "band_m": 15}}, {"type": "Feature", "geometry": {"type": "Point", "coordinates": [77.6410346, 12.977887200000001]}, "properties": {"species": "Terminalia Catappa L", "ward": "80", "tree_id": "GN8535GB5PSK001", "status": 1, "band_m": 15}}, {"type": "Feature", "geometry": {"type": "Point", "coordinates": [77.6410486, 12.977897199999997]}, "properties": {"species": "Terminalia Catappa L", "ward": "80", "tree_id": "GN8535GB5PTM001", "status": 1, "band_m": 15}}, {"type": "Feature", "geometry": {"type": "Point", "coordinates": [77.6410706, 12.9779792]}, "properties": {"species": "Terminalia Catappa L", "ward": "80", "tree_id": "GN8535GB5UJC001", "status": 1, "band_m": 15}}, {"type": "Feature", "geometry": {"type": "Point", "coordinates": [77.6411446, 12.9780482]}, "properties": {"species": "Terminalia Catappa L", "ward": "80", "tree_id": "GN8535GB5VQC001", "status": 1, "band_m": 15}}, {"type": "Feature", "geometry": {"type": "Point", "coordinates": [77.6411536, 12.9780562]}, "properties": {"species": "Terminalia Catappa L", "ward": "80", "tree_id": "GN8535GB5VQD001", "status": 1, "band_m": 15}}, {"type": "Feature", "geometry": {"type": "Point", "coordinates": [77.6411416, 12.978097200000004]}, "properties": {"species": "Terminalia Catappa L", "ward": "80", "tree_id": "GN8535GB5VVF001", "status": 1, "band_m": 15}}, {"type": "Feature", "geometry": {"type": "Point", "coordinates": [77.6413716, 12.9782542]}, "properties": {"species": "Millingtonia Hortensis L.F", "ward": "80", "tree_id": "GN8535GC5CRO001", "status": 1, "band_m": 15}}, {"type": "Feature", "geometry": {"type": "Point", "coordinates": [77.6413836, 12.978264199999998]}, "properties": {"species": "Roystonea Regia (H.B.K) O. F. Cook", "ward": "80", "tree_id": "GN8535GC5CXA001", "status": 1, "band_m": 15}}, {"type": "Feature", "geometry": {"type": "Point", "coordinates": [77.6420036, 12.978267199999998]}, "properties": {"species": "Markhamia Lutea (Benth.) K.Schum", "ward": "80", "tree_id": "GN8535GC6AYH001", "status": 1, "band_m": 15}}, {"type": "Feature", "geometry": {"type": "Point", "coordinates": [77.6409676, 12.978382199999999]}, "properties": {"species": "Roystonea Regia (H.B.K) O. F. Cook", "ward": "80", "tree_id": "GN8535GC5FLC001", "status": 1, "band_m": 15}}, {"type": "Feature", "geometry": {"type": "Point", "coordinates": [77.6456416, 12.978725199999998]}, "properties": {"species": "Peltophorum Pterocarpum (Dc.) Back. Ex K. Heyne", "ward": "80", "tree_id": "GN8535HC0PSB001", "status": 1, "band_m": 15}}, {"type": "Feature", "geometry": {"type": "Point", "coordinates": [77.6463636, 12.979286199999999]}, "properties": {"species": "Delonix Regia (Bojer Ex Hook.) Raf.", "ward": "80", "tree_id": "GN8535HD0JRL001", "status": 1, "band_m": 15}}, {"type": "Feature", "geometry": {"type": "Point", "coordinates": [77.6462316, 12.979848199999998]}, "properties": {"species": "Swietenia Mahagoni (L.) Jacq.", "ward": "80", "tree_id": "GN8535HD0XYE001", "status": 1, "band_m": 15}}, {"type": "Feature", "geometry": {"type": "Point", "coordinates": [77.6462936, 12.9807972]}, "properties": {"species": "Bauhinia Purpurea L.", "ward": "58", "tree_id": "GN8535HF0EAK001", "status": 1, "band_m": 15}}, {"type": "Feature", "geometry": {"type": "Point", "coordinates": [77.6462416, 12.9811432]}, "properties": {"species": "Delonix Regia (Bojer Ex Hook.) Raf.", "ward": "58", "tree_id": "GN8535HF0NEA001", "status": 1, "band_m": 15}}, {"type": "Feature", "geometry": {"type": "Point", "coordinates": [77.6441806, 12.985349199999998]}, "properties": {"species": "Peltophorum Pterocarpum (Dc.) Back. Ex K. Heyne", "ward": "80", "tree_id": "GN8535LA8CBP001", "status": 1, "band_m": 15}}, {"type": "Feature", "geometry": {"type": "Point", "coordinates": [77.64618060000001, 12.9864062]}, "properties": {"species": "Tabebuia Rosea (Bertol) Dc.", "ward": "79", "tree_id": "GN8535MB0IAL001", "status": 1, "band_m": 15}}, {"type": "Feature", "geometry": {"type": "Point", "coordinates": [77.6462616, 12.986419200000002]}, "properties": {"species": "Pongamia Pinnata (L.) Pierre", "ward": "79", "tree_id": "GN8535MB0IIA001", "status": 1, "band_m": 15}}, {"type": "Feature", "geometry": {"type": "Point", "coordinates": [77.6464806, 12.986512199999998]}, "properties": {"species": "Swietenia Mahagoni (L.) Jacq.", "ward": "79", "tree_id": "GN8535MB0JSL001", "status": 1, "band_m": 15}}, {"type": "Feature", "geometry": {"type": "Point", "coordinates": [77.6471476, 12.9868232]}, "properties": {"species": "Swietenia Mahagoni (L.) Jacq.", "ward": "79", "tree_id": "GN8535MB1SLL001", "status": 1, "band_m": 15}}, {"type": "Feature", "geometry": {"type": "Point", "coordinates": [77.6474146, 12.9869092]}, "properties": {"species": "Thespesia Populnea", "ward": "79", "tree_id": "GN8535MB1TYM001", "status": 1, "band_m": 15}}]}