{"type": "FeatureCollection", "features": [{"type": "Feature", "geometry": {"type": "Point", "coordinates": [77.6199056, 12.915927099999998]}, "properties": {"species": "Pongamia Pinnata (L.) Pierre", "ward": "176", "tree_id": "GN8025YC2YRD001", "status": 1}}, {"type": "Feature", "geometry": {"type": "Point", "coordinates": [77.6199426, 12.9159371]}, "properties": {"species": "Michelia Champaca L", "ward": "176", "tree_id": "GN8025YC2YSH001", "status": 1}}, {"type": "Feature", "geometry": {"type": "Point", "coordinates": [77.6216456, 12.917195100000002]}, "properties": {"species": "Manilkara Zapota (L.) P. Royen", "ward": "172", "tree_id": "GN8025YE4ITK001", "status": 1}}, {"type": "Feature", "geometry": {"type": "Point", "coordinates": [77.6216366, 12.917200099999999]}, "properties": {"species": "Acacia Leucophloea (Roxb.) Wild", "ward": "172", "tree_id": "GN8025YE4ITJ001", "status": 1}}, {"type": "Feature", "geometry": {"type": "Point", "coordinates": [77.6216726, 12.9172121]}, "properties": {"species": "Syzygium Cumini (L.) Skeels", "ward": "172", "tree_id": "GN8025YE4JUB001", "status": 1}}, {"type": "Feature", "geometry": {"type": "Point", "coordinates": [77.6216306, 12.917241099999998]}, "properties": {"species": "Mangifera Indica L.", "ward": "172", "tree_id": "GN8025YE4IYN001", "status": 1}}, {"type": "Feature", "geometry": {"type": "Point", "coordinates": [77.6216396, 12.917241099999998]}, "properties": {"species": "Plumaria alba", "ward": "172", "tree_id": "GN8025YE4IYO001", "status": 1}}, {"type": "Feature", "geometry": {"type": "Point", "coordinates": [77.6215916, 12.9172921]}, "properties": {"species": "Syzygium Cumini (L.) Skeels", "ward": "172", "tree_id": "GN8025YE4NIA001", "status": 1}}, {"type": "Feature", "geometry": {"type": "Point", "coordinates": [77.6213756, 12.917307100000002]}, "properties": {"species": "Ficus Racemosa L.", "ward": "172", "tree_id": "GN8025YE4MHJ001", "status": 1}}, {"type": "Feature", "geometry": {"type": "Point", "coordinates": [77.6215986, 12.9173171]}, "properties": {"species": "Annona Squamosa L", "ward": "172", "tree_id": "GN8025YE4NIN001", "status": 1}}, {"type": "Feature", "geometry": {"type": "Point", "coordinates": [77.6209076, 12.917003099999999]}, "properties": {"species": "Livistona Chinensis (Jacq.) R. Br. Ex Mart.", "ward": "172", "tree_id": "GN8025YE3ETC001", "status": 1}}, {"type": "Feature", "geometry": {"type": "Point", "coordinates": [77.6209166, 12.917008099999997]}, "properties": {"species": "Livistona Chinensis (Jacq.) R. Br. Ex Mart.", "ward": "172", "tree_id": "GN8025YE3ETD001", "status": 1}}, {"type": "Feature", "geometry": {"type": "Point", "coordinates": [77.6207826, 12.917014099999998]}, "properties": {"species": "Livistona Chinensis (Jacq.) R. Br. Ex Mart.", "ward": "172", "tree_id": "GN8025YE3EQF001", "status": 1}}, {"type": "Feature", "geometry": {"type": "Point", "coordinates": [77.6208936, 12.9170131]}, "properties": {"species": "Livistona Chinensis (Jacq.) R. Br. Ex Mart.", "ward": "172", "tree_id": "GN8025YE3ETF001", "status": 1}}, {"type": "Feature", "geometry": {"type": "Point", "coordinates": [77.6208246, 12.917019099999996]}, "properties": {"species": "Livistona Chinensis (Jacq.) R. Br. Ex Mart.", "ward": "172", "tree_id": "GN8025YE3ERF001", "status": 1}}, {"type": "Feature", "geometry": {"type": "Point", "coordinates": [77.6210616, 12.9171361]}, "properties": {"species": "Livistona Chinensis (Jacq.) R. Br. Ex Mart.", "ward": "172", "tree_id": "GN8025YE4FIP001", "status": 1}}, {"type": "Feature", "geometry": {"type": "Point", "coordinates": [77.6211126, 12.9171451]}, "properties": {"species": "Livistona Chinensis (Jacq.) R. Br. Ex Mart.", "ward": "172", "tree_id": "GN8025YE4GKA001", "status": 1}}, {"type": "Feature", "geometry": {"type": "Point", "coordinates": [77.6211686, 12.917145100000003]}, "properties": {"species": "Livistona Chinensis (Jacq.) R. Br. Ex Mart.", "ward": "172", "tree_id": "GN8025YE4GLC001", "status": 1}}, {"type": "Feature", "geometry": {"type": "Point", "coordinates": [77.6211956, 12.9171541]}, "properties": {"species": "Livistona Chinensis (Jacq.) R. Br. Ex Mart.", "ward": "172", "tree_id": "GN8025YE4GMF001", "status": 1}}, {"type": "Feature", "geometry": {"type": "Point", "coordinates": [77.6211036, 12.917156099999998]}, "properties": {"species": "Livistona Chinensis (Jacq.) R. Br. Ex Mart.", "ward": "172", "tree_id": "GN8025YE4FOH001", "status": 1}}, {"type": "Feature", "geometry": {"type": "Point", "coordinates": [77.6211206, 12.917157099999999]}, "properties": {"species": "Livistona Chinensis (Jacq.) R. Br. Ex Mart.", "ward": "172", "tree_id": "GN8025YE4GKF001", "status": 1}}, {"type": "Feature", "geometry": {"type": "Point", "coordinates": [77.6211106, 12.9171711]}, "properties": {"species": "Livistona Chinensis (Jacq.) R. Br. Ex Mart.", "ward": "172", "tree_id": "GN8025YE4GKM001", "status": 1}}, {"type": "Feature", "geometry": {"type": "Point", "coordinates": [77.6212076, 12.9171711]}, "properties": {"species": "Grevillea Robusta Cunn. Ex R. Br.", "ward": "172", "tree_id": "GN8025YE4GMP001", "status": 1}}, {"type": "Feature", "geometry": {"type": "Point", "coordinates": [77.6212296, 12.9172061]}, "properties": {"species": "Livistona Chinensis (Jacq.) R. Br. Ex Mart.", "ward": "172", "tree_id": "GN8025YE4GSN001", "status": 1}}, {"type": "Feature", "geometry": {"type": "Point", "coordinates": [77.6213236, 12.917214099999999]}, "properties": {"species": "Livistona Chinensis (Jacq.) R. Br. Ex Mart.", "ward": "172", "tree_id": "GN8025YE4HUD001", "status": 1}}, {"type": "Feature", "geometry": {"type": "Point", "coordinates": [77.6212906, 12.917235100000001]}, "properties": {"species": "Tabebuia Rosea (Bertol) Dc.", "ward": "172", "tree_id": "GN8025YE4HUI001", "status": 1}}, {"type": "Feature", "geometry": {"type": "Point", "coordinates": [77.6212816, 12.9172511]}, "properties": {"species": "Livistona Chinensis (Jacq.) R. Br. Ex Mart.", "ward": "172", "tree_id": "GN8025YE4LED001", "status": 1}}, {"type": "Feature", "geometry": {"type": "Point", "coordinates": [77.6209886, 12.9172751]}, "properties": {"species": "Pongamia Pinnata (L.) Pierre", "ward": "172", "tree_id": "GN8025YE4KBL001", "status": 1}}, {"type": "Feature", "geometry": {"type": "Point", "coordinates": [77.62130260000002, 12.917284100000002]}, "properties": {"species": "Syzygium Cumini (L.) Skeels", "ward": "172", "tree_id": "GN8025YE4MAN001", "status": 1}}, {"type": "Feature", "geometry": {"type": "Point", "coordinates": [77.6212946, 12.917289099999998]}, "properties": {"species": "Phyllanthus Acidus (L.) Skeels", "ward": "172", "tree_id": "GN8025YE4MFA001", "status": 1}}, {"type": "Feature", "geometry": {"type": "Point", "coordinates": [77.6212876, 12.917296099999998]}, "properties": {"species": "Phyllanthus Acidus (L.) Skeels", "ward": "172", "tree_id": "GN8025YE4LJH001", "status": 1}}, {"type": "Feature", "geometry": {"type": "Point", "coordinates": [77.6213296, 12.9173321]}, "properties": {"species": "Jacaranda Acutifolia Humb. & Bonp", "ward": "172", "tree_id": "GN8025YE4MLE001", "status": 1}}, {"type": "Feature", "geometry": {"type": "Point", "coordinates": [77.6213226, 12.917349099999997]}, "properties": {"species": "Spathodea Campanulata P. Beauv", "ward": "172", "tree_id": "GN8025YE4MKP002", "status": 1}}, {"type": "Feature", "geometry": {"type": "Point", "coordinates": [77.6213256, 12.917352099999997]}, "properties": {"species": "Tabebuia Rosea (Bertol) Dc.", "ward": "172", "tree_id": "GN8025YE4MKP001", "status": 1}}, {"type": "Feature", "geometry": {"type": "Point", "coordinates": [77.6216296, 12.917319099999998]}, "properties": {"species": "Thespesia Populnea (L.) Sol. Ex Corr. Serr", "ward": "172", "tree_id": "GN8025YE4NOA001", "status": 1}}, {"type": "Feature", "geometry": {"type": "Point", "coordinates": [77.6216556, 12.917334099999998]}, "properties": {"species": "Artocarpus Heterophyllus Lam.", "ward": "172", "tree_id": "GN8025YE4NOH001", "status": 1}}, {"type": "Feature", "geometry": {"type": "Point", "coordinates": [77.6215426, 12.9173571]}, "properties": {"species": "Michelia Champaca L", "ward": "172", "tree_id": "GN8025YE4NQD001", "status": 1}}, {"type": "Feature", "geometry": {"type": "Point", "coordinates": [77.6217306, 12.9173751]}, "properties": {"species": "Terminalia Catappa L", "ward": "172", "tree_id": "GN8025YE4OQL001", "status": 1}}, {"type": "Feature", "geometry": {"type": "Point", "coordinates": [77.6215386, 12.9173881]}, "properties": {"species": "Ficus Racemosa L.", "ward": "172", "tree_id": "GN8025YE4NQO001", "status": 1}}, {"type": "Feature", "geometry": {"type": "Point", "coordinates": [77.6216196, 12.917389100000001]}, "properties": {"species": "Others", "ward": "172", "tree_id": "GN8025YE4NSP001", "status": 1}}, {"type": "Feature", "geometry": {"type": "Point", "coordinates": [77.6215526, 12.917390100000002]}, "properties": {"species": "Pongamia Pinnata (L.) Pierre", "ward": "172", "tree_id": "GN8025YE4NRM001", "status": 1}}, {"type": "Feature", "geometry": {"type": "Point", "coordinates": [77.6217126, 12.9173901]}, "properties": {"species": "Azadirachta Indica A. Juss.", "ward": "172", "tree_id": "GN8025YE4OQN001", "status": 1}}, {"type": "Feature", "geometry": {"type": "Point", "coordinates": [77.6217166, 12.9173951]}, "properties": {"species": "Azadirachta Indica A. Juss.", "ward": "172", "tree_id": "GN8025YE4OVC001", "status": 1}}, {"type": "Feature", "geometry": {"type": "Point", "coordinates": [77.6216336, 12.917397100000002]}, "properties": {"species": "Livistona Chinensis (Jacq.) R. Br. Ex Mart.", "ward": "172", "tree_id": "GN8025YE4NYB001", "status": 1}}, {"type": "Feature", "geometry": {"type": "Point", "coordinates": [77.6212876, 12.917373099999999]}, "properties": {"species": "Mimusops Elengi L.", "ward": "172", "tree_id": "GN8025YE4LTH001", "status": 1}}, {"type": "Feature", "geometry": {"type": "Point", "coordinates": [77.6212756, 12.9173901]}, "properties": {"species": "Spathodea Campanulata P. Beauv", "ward": "172", "tree_id": "GN8025YE4LTO001", "status": 1}}, {"type": "Feature", "geometry": {"type": "Point", "coordinates": [77.6212196, 12.9174021]}, "properties": {"species": "Terminalia Catappa L", "ward": "172", "tree_id": "GN8025YE4LXA001", "status": 1}}, {"type": "Feature", "geometry": {"type": "Point", "coordinates": [77.62122060000002, 12.917417099999996]}, "properties": {"species": "Terminalia Catappa L", "ward": "172", "tree_id": "GN8025YE4LXI001", "status": 1}}, {"type": "Feature", "geometry": {"type": "Point", "coordinates": [77.6208666, 12.917472099999998]}, "properties": {"species": "Grevillea Robusta Cunn. Ex R. Br.", "ward": "172", "tree_id": "GN8025YE3TIB001", "status": 1}}, {"type": "Feature", "geometry": {"type": "Point", "coordinates": [77.6208736, 12.917503100000001]}, "properties": {"species": "Phyllanthus Acidus (L.) Skeels", "ward": "172", "tree_id": "GN8025YE3TIO001", "status": 1}}, {"type": "Feature", "geometry": {"type": "Point", "coordinates": [77.6212476, 12.917504099999999]}, "properties": {"species": "Terminalia Catappa L", "ward": "172", "tree_id": "GN8025YE4QND001", "status": 1}}, {"type": "Feature", "geometry": {"type": "Point", "coordinates": [77.6213056, 12.917504099999999]}, "properties": {"species": "Terminalia Catappa L", "ward": "172", "tree_id": "GN8025YE4RKB001", "status": 1}}, {"type": "Feature", "geometry": {"type": "Point", "coordinates": [77.6212166, 12.917509099999998]}, "properties": {"species": "Terminalia Catappa L", "ward": "172", "tree_id": "GN8025YE4QMD001", "status": 1}}, {"type": "Feature", "geometry": {"type": "Point", "coordinates": [77.6208976, 12.917547099999997]}, "properties": {"species": "Mangifera Indica L.", "ward": "172", "tree_id": "GN8025YE3TTB001", "status": 1}}, {"type": "Feature", "geometry": {"type": "Point", "coordinates": [77.6209346, 12.9175731]}, "properties": {"species": "Terminalia Catappa L", "ward": "172", "tree_id": "GN8025YE4PPN001", "status": 1}}, {"type": "Feature", "geometry": {"type": "Point", "coordinates": [77.6209006, 12.917578099999998]}, "properties": {"species": "Terminalia Catappa L", "ward": "172", "tree_id": "GN8025YE3TTN001", "status": 1}}, {"type": "Feature", "geometry": {"type": "Point", "coordinates": [77.6209166, 12.9175921]}, "properties": {"species": "Terminalia Catappa L", "ward": "172", "tree_id": "GN8025YE3TYH001", "status": 1}}, {"type": "Feature", "geometry": {"type": "Point", "coordinates": [77.6208816, 12.9176081]}, "properties": {"species": "Artocarpus Heterophyllus Lam.", "ward": "172", "tree_id": "GN8025YE3TXP002", "status": 1}}, {"type": "Feature", "geometry": {"type": "Point", "coordinates": [77.6208876, 12.917609099999998]}, "properties": {"species": "Manilkara Zapota (L.) P. Royen", "ward": "172", "tree_id": "GN8025YE3TXP001", "status": 1}}, {"type": "Feature", "geometry": {"type": "Point", "coordinates": [77.6209556, 12.9176291]}, "properties": {"species": "Terminalia Catappa L", "ward": "172", "tree_id": "GN8025YE4UAH001", "status": 1}}, {"type": "Feature", "geometry": {"type": "Point", "coordinates": [77.6213636, 12.9176381]}, "properties": {"species": "Ficus Religiosa L.", "ward": "172", "tree_id": "GN8025YE4WBP001", "status": 1}}, {"type": "Feature", "geometry": {"type": "Point", "coordinates": [77.6216836, 12.9176291]}, "properties": {"species": "Delonix Regia (Bojer Ex Hook.) Raf.", "ward": "172", "tree_id": "GN8025YE4YAK001", "status": 1}}, {"type": "Feature", "geometry": {"type": "Point", "coordinates": [77.6216516, 12.917631099999998]}, "properties": {"species": "Livistona Chinensis (Jacq.) R. Br. Ex Mart.", "ward": "172", "tree_id": "GN8025YE4XEK001", "status": 1}}, {"type": "Feature", "geometry": {"type": "Point", "coordinates": [77.6215616, 12.917637099999999]}, "properties": {"species": "Livistona Chinensis (Jacq.) R. Br. Ex Mart.", "ward": "172", "tree_id": "GN8025YE4XCN001", "status": 1}}, {"type": "Feature", "geometry": {"type": "Point", "coordinates": [77.6215146, 12.917645099999998]}, "properties": {"species": "Artocarpus Heterophyllus Lam.", "ward": "172", "tree_id": "GN8025YE4XBM001", "status": 1}}, {"type": "Feature", "geometry": {"type": "Point", "coordinates": [77.6215776, 12.9176481]}, "properties": {"species": "Livistona Chinensis (Jacq.) R. Br. Ex Mart.", "ward": "172", "tree_id": "GN8025YE4XHC001", "status": 1}}, {"type": "Feature", "geometry": {"type": "Point", "coordinates": [77.6215906, 12.917658099999999]}, "properties": {"species": "Livistona Chinensis (Jacq.) R. Br. Ex Mart.", "ward": "172", "tree_id": "GN8025YE4XIE001", "status": 1}}, {"type": "Feature", "geometry": {"type": "Point", "coordinates": [77.6216446, 12.917666099999998]}, "properties": {"species": "Manilkara Zapota (L.) P. Royen", "ward": "172", "tree_id": "GN8025YE4XJK001", "status": 1}}, {"type": "Feature", "geometry": {"type": "Point", "coordinates": [77.62147860000002, 12.917683100000001]}, "properties": {"species": "Mangifera Indica L.", "ward": "172", "tree_id": "GN8025YE4XKA001", "status": 1}}, {"type": "Feature", "geometry": {"type": "Point", "coordinates": [77.6214236, 12.917723099999998]}, "properties": {"species": "Terminalia Catappa L", "ward": "172", "tree_id": "GN8025YE4WSC001", "status": 1}}, {"type": "Feature", "geometry": {"type": "Point", "coordinates": [77.6216366, 12.917744099999997]}, "properties": {"species": "Jacaranda Acutifolia Humb. & Bonp", "ward": "172", "tree_id": "GN8025YE4XTN001", "status": 1}}, {"type": "Feature", "geometry": {"type": "Point", "coordinates": [77.6209556, 12.917685099999998]}, "properties": {"species": "Terminalia Catappa L", "ward": "172", "tree_id": "GN8025YE4UFP001", "status": 1}}, {"type": "Feature", "geometry": {"type": "Point", "coordinates": [77.62160960000001, 12.917747100000001]}, "properties": {"species": "Mangifera Indica L.", "ward": "172", "tree_id": "GN8025YE4XSO001", "status": 1}}, {"type": "Feature", "geometry": {"type": "Point", "coordinates": [77.6213926, 12.917769099999997]}, "properties": {"species": "Techoma Stans", "ward": "172", "tree_id": "GN8025YE4WWG001", "status": 1}}, {"type": "Feature", "geometry": {"type": "Point", "coordinates": [77.6216256, 12.9177901]}, "properties": {"species": "Grevillea Robusta Cunn. Ex R. Br.", "ward": "172", "tree_id": "GN8025YF4DDD001", "status": 1}}, {"type": "Feature", "geometry": {"type": "Point", "coordinates": [77.6216646, 12.917806099999998]}, "properties": {"species": "Grevillea Robusta Cunn. Ex R. Br.", "ward": "172", "tree_id": "GN8025YF4EAE001", "status": 1}}, {"type": "Feature", "geometry": {"type": "Point", "coordinates": [77.6214146, 12.9178581]}, "properties": {"species": "Livistona Chinensis (Jacq.) R. Br. Ex Mart.", "ward": "172", "tree_id": "GN8025YF4CIM001", "status": 1}}, {"type": "Feature", "geometry": {"type": "Point", "coordinates": [77.6216326, 12.917862100000002]}, "properties": {"species": "Grevillea Robusta Cunn. Ex R. Br.", "ward": "172", "tree_id": "GN8025YF4DOA001", "status": 1}}, {"type": "Feature", "geometry": {"type": "Point", "coordinates": [77.6214696, 12.9178701]}, "properties": {"species": "Livistona Chinensis (Jacq.) R. Br. Ex Mart.", "ward": "172", "tree_id": "GN8025YF4COC001", "status": 1}}, {"type": "Feature", "geometry": {"type": "Point", "coordinates": [77.62160760000002, 12.917891099999999]}, "properties": {"species": "Grevillea Robusta Cunn. Ex R. Br.", "ward": "172", "tree_id": "GN8025YF4DNN001", "status": 1}}, {"type": "Feature", "geometry": {"type": "Point", "coordinates": [77.6214636, 12.917894099999998]}, "properties": {"species": "Jacaranda Acutifolia Humb. & Bonp", "ward": "172", "tree_id": "GN8025YF4COO001", "status": 1}}, {"type": "Feature", "geometry": {"type": "Point", "coordinates": [77.6214726, 12.917894099999998]}, "properties": {"species": "Grevillea Robusta Cunn. Ex R. Br.", "ward": "172", "tree_id": "GN8025YF4COP001", "status": 1}}, {"type": "Feature", "geometry": {"type": "Point", "coordinates": [77.6210436, 12.9178491]}, "properties": {"species": "Terminalia Catappa L", "ward": "172", "tree_id": "GN8025YF4AII001", "status": 1}}, {"type": "Feature", "geometry": {"type": "Point", "coordinates": [77.6211066, 12.917853099999999]}, "properties": {"species": "Muntingia Calabura L.", "ward": "172", "tree_id": "GN8025YF4AJL001", "status": 1}}, {"type": "Feature", "geometry": {"type": "Point", "coordinates": [77.6211106, 12.917854099999998]}, "properties": {"species": "Ficus Religiosa L.", "ward": "172", "tree_id": "GN8025YF4AJL002", "status": 1}}, {"type": "Feature", "geometry": {"type": "Point", "coordinates": [77.6210506, 12.917891099999999]}, "properties": {"species": "Terminalia Catappa L", "ward": "172", "tree_id": "GN8025YF4ANJ001", "status": 1}}, {"type": "Feature", "geometry": {"type": "Point", "coordinates": [77.62112860000002, 12.917958099999998]}, "properties": {"species": "Mangifera Indica L.", "ward": "172", "tree_id": "GN8025YF4BUJ001", "status": 1}}, {"type": "Feature", "geometry": {"type": "Point", "coordinates": [77.6212366, 12.918061100000001]}, "properties": {"species": "Spathodea Campanulata P. Beauv", "ward": "172", "tree_id": "GN8025YF4GNF001", "status": 1}}, {"type": "Feature", "geometry": {"type": "Point", "coordinates": [77.6214306, 12.9179001]}, "properties": {"species": "Mangifera Indica L.", "ward": "172", "tree_id": "GN8025YF4CSC001", "status": 1}}, {"type": "Feature", "geometry": {"type": "Point", "coordinates": [77.6214656, 12.917905099999997]}, "properties": {"species": "Grevillea Robusta Cunn. Ex R. Br.", "ward": "172", "tree_id": "GN8025YF4CTC001", "status": 1}}, {"type": "Feature", "geometry": {"type": "Point", "coordinates": [77.6214656, 12.917910099999997]}, "properties": {"species": "Jacaranda Acutifolia Humb. & Bonp", "ward": "172", "tree_id": "GN8025YF4CTG001", "status": 1}}, {"type": "Feature", "geometry": {"type": "Point", "coordinates": [77.6214986, 12.917917099999997]}, "properties": {"species": "Grevillea Robusta Cunn. Ex R. Br.", "ward": "172", "tree_id": "GN8025YF4DPJ001", "status": 1}}, {"type": "Feature", "geometry": {"type": "Point", "coordinates": [77.6215246, 12.917932100000002]}, "properties": {"species": "Grevillea Robusta Cunn. Ex R. Br.", "ward": "172", "tree_id": "GN8025YF4DQM001", "status": 1}}, {"type": "Feature", "geometry": {"type": "Point", "coordinates": [77.6215206, 12.917941099999998]}, "properties": {"species": "Grevillea Robusta Cunn. Ex R. Br.", "ward": "172", "tree_id": "GN8025YF4DVA001", "status": 1}}, {"type": "Feature", "geometry": {"type": "Point", "coordinates": [77.6215496, 12.9179471]}, "properties": {"species": "Eucalyptus Tereticornis Sm.", "ward": "172", "tree_id": "GN8025YF4DVH001", "status": 1}}, {"type": "Feature", "geometry": {"type": "Point", "coordinates": [77.6215106, 12.918051099999996]}, "properties": {"species": "Lagerstroemia Speciosa (L.) Pers", "ward": "172", "tree_id": "GN8025YF4IKD001", "status": 1}}, {"type": "Feature", "geometry": {"type": "Point", "coordinates": [77.6216846, 12.918210099999998]}, "properties": {"species": "Others", "ward": "172", "tree_id": "GN8025YF4OFJ001", "status": 1}}, {"type": "Feature", "geometry": {"type": "Point", "coordinates": [77.6216186, 12.918212099999998]}, "properties": {"species": "Muntingia Calabura L.", "ward": "172", "tree_id": "GN8025YF4NIK001", "status": 1}}, {"type": "Feature", "geometry": {"type": "Point", "coordinates": [77.6212156, 12.9180641]}, "properties": {"species": "Saraca Asoca (Roxb.) De Wilde", "ward": "172", "tree_id": "GN8025YF4GML001", "status": 1}}, {"type": "Feature", "geometry": {"type": "Point", "coordinates": [77.6212046, 12.9180651]}, "properties": {"species": "Muntingia Calabura L.", "ward": "172", "tree_id": "GN8025YF4GMJ001", "status": 1}}, {"type": "Feature", "geometry": {"type": "Point", "coordinates": [77.6212036, 12.918069100000004]}, "properties": {"species": "Muntingia Calabura L.", "ward": "172", "tree_id": "GN8025YF4GMJ002", "status": 1}}, {"type": "Feature", "geometry": {"type": "Point", "coordinates": [77.6212026, 12.918079100000002]}, "properties": {"species": "Saraca Asoca (Roxb.) De Wilde", "ward": "172", "tree_id": "GN8025YF4GMN001", "status": 1}}, {"type": "Feature", "geometry": {"type": "Point", "coordinates": [77.62122060000002, 12.9180801]}, "properties": {"species": "Michelia Longifolia Blume", "ward": "172", "tree_id": "GN8025YF4GMP002", "status": 1}}, {"type": "Feature", "geometry": {"type": "Point", "coordinates": [77.6212166, 12.918081099999997]}, "properties": {"species": "Michelia Longifolia Blume", "ward": "172", "tree_id": "GN8025YF4GMP001", "status": 1}}, {"type": "Feature", "geometry": {"type": "Point", "coordinates": [77.6211436, 12.9181041]}, "properties": {"species": "Ficus Racemosa L.", "ward": "172", "tree_id": "GN8025YF4GPL001", "status": 1}}, {"type": "Feature", "geometry": {"type": "Point", "coordinates": [77.6211316, 12.918130099999999]}, "properties": {"species": "Others", "ward": "172", "tree_id": "GN8025YF4GUF001", "status": 1}}, {"type": "Feature", "geometry": {"type": "Point", "coordinates": [77.6211766, 12.918187100000003]}, "properties": {"species": "Syzygium Cumini (L.) Skeels", "ward": "172", "tree_id": "GN8025YF4LBO001", "status": 1}}, {"type": "Feature", "geometry": {"type": "Point", "coordinates": [77.6211306, 12.918195099999997]}, "properties": {"species": "Ptychosperma Macarthuri Nichols", "ward": "172", "tree_id": "GN8025YF4LFB001", "status": 1}}, {"type": "Feature", "geometry": {"type": "Point", "coordinates": [77.6211616, 12.918195099999997]}, "properties": {"species": "Livistona Chinensis (Jacq.) R. Br. Ex Mart.", "ward": "172", "tree_id": "GN8025YF4LGB001", "status": 1}}, {"type": "Feature", "geometry": {"type": "Point", "coordinates": [77.6211656, 12.918200099999998]}, "properties": {"species": "Livistona Chinensis (Jacq.) R. Br. Ex Mart.", "ward": "172", "tree_id": "GN8025YF4LGF001", "status": 1}}, {"type": "Feature", "geometry": {"type": "Point", "coordinates": [77.62112860000002, 12.918202099999997]}, "properties": {"species": "Grevillea Robusta Cunn. Ex R. Br.", "ward": "172", "tree_id": "GN8025YF4LFF001", "status": 1}}, {"type": "Feature", "geometry": {"type": "Point", "coordinates": [77.6211376, 12.918207099999998]}, "properties": {"species": "Ptychosperma Macarthuri Nichols", "ward": "172", "tree_id": "GN8025YF4LFG001", "status": 1}}, {"type": "Feature", "geometry": {"type": "Point", "coordinates": [77.6211486, 12.9182091]}, "properties": {"species": "Ptychosperma Macarthuri Nichols", "ward": "172", "tree_id": "GN8025YF4LFL002", "status": 1}}, {"type": "Feature", "geometry": {"type": "Point", "coordinates": [77.6211436, 12.9182121]}, "properties": {"species": "Ptychosperma Macarthuri Nichols", "ward": "172", "tree_id": "GN8025YF4LFL001", "status": 1}}, {"type": "Feature", "geometry": {"type": "Point", "coordinates": [77.6211296, 12.9182201]}, "properties": {"species": "Livistona Chinensis (Jacq.) R. Br. Ex Mart.", "ward": "172", "tree_id": "GN8025YF4LFN001", "status": 1}}, {"type": "Feature", "geometry": {"type": "Point", "coordinates": [77.6211786, 12.918227099999998]}, "properties": {"species": "Livistona Chinensis (Jacq.) R. Br. Ex Mart.", "ward": "172", "tree_id": "GN8025YF4LLC001", "status": 1}}, {"type": "Feature", "geometry": {"type": "Point", "coordinates": [77.6211696, 12.9182281]}, "properties": {"species": "Livistona Chinensis (Jacq.) R. Br. Ex Mart.", "ward": "172", "tree_id": "GN8025YF4LLB001", "status": 1}}, {"type": "Feature", "geometry": {"type": "Point", "coordinates": [77.6211866, 12.9182291]}, "properties": {"species": "Pongamia Pinnata (L.) Pierre", "ward": "172", "tree_id": "GN8025YF4LLD001", "status": 1}}, {"type": "Feature", "geometry": {"type": "Point", "coordinates": [77.6211856, 12.9182361]}, "properties": {"species": "Ptychosperma Macarthuri Nichols", "ward": "172", "tree_id": "GN8025YF4LLH001", "status": 1}}, {"type": "Feature", "geometry": {"type": "Point", "coordinates": [77.6211866, 12.9182371]}, "properties": {"species": "Livistona Chinensis (Jacq.) R. Br. Ex Mart.", "ward": "172", "tree_id": "GN8025YF4LLH002", "status": 1}}, {"type": "Feature", "geometry": {"type": "Point", "coordinates": [77.6212166, 12.918249099999997]}, "properties": {"species": "Syzygium Cumini (L.) Skeels", "ward": "172", "tree_id": "GN8025YF4LMK001", "status": 1}}, {"type": "Feature", "geometry": {"type": "Point", "coordinates": [77.6211826, 12.918253099999996]}, "properties": {"species": "Livistona Chinensis (Jacq.) R. Br. Ex Mart.", "ward": "172", "tree_id": "GN8025YF4LLL001", "status": 1}}, {"type": "Feature", "geometry": {"type": "Point", "coordinates": [77.6212146, 12.918268100000002]}, "properties": {"species": "Syzygium Cumini (L.) Skeels", "ward": "172", "tree_id": "GN8025YF4LRC001", "status": 1}}, {"type": "Feature", "geometry": {"type": "Point", "coordinates": [77.6211946, 12.918281099999998]}, "properties": {"species": "Syzygium Cumini (L.) Skeels", "ward": "172", "tree_id": "GN8025YF4LRI001", "status": 1}}, {"type": "Feature", "geometry": {"type": "Point", "coordinates": [77.6212116, 12.918296099999997]}, "properties": {"species": "Livistona Chinensis (Jacq.) R. Br. Ex Mart.", "ward": "172", "tree_id": "GN8025YF4LRO001", "status": 1}}, {"type": "Feature", "geometry": {"type": "Point", "coordinates": [77.6211906, 12.9182981]}, "properties": {"species": "Ptychosperma Macarthuri Nichols", "ward": "172", "tree_id": "GN8025YF4LRM001", "status": 1}}, {"type": "Feature", "geometry": {"type": "Point", "coordinates": [77.6211976, 12.918307099999998]}, "properties": {"species": "Livistona Chinensis (Jacq.) R. Br. Ex Mart.", "ward": "172", "tree_id": "GN8025YF4LWA001", "status": 1}}, {"type": "Feature", "geometry": {"type": "Point", "coordinates": [77.6211946, 12.918310099999998]}, "properties": {"species": "Livistona Chinensis (Jacq.) R. Br. Ex Mart.", "ward": "172", "tree_id": "GN8025YF4LWE001", "status": 1}}, {"type": "Feature", "geometry": {"type": "Point", "coordinates": [77.6212006, 12.9183121]}, "properties": {"species": "Syzygium Cumini (L.) Skeels", "ward": "172", "tree_id": "GN8025YF4LWF001", "status": 1}}, {"type": "Feature", "geometry": {"type": "Point", "coordinates": [77.6212116, 12.9183151]}, "properties": {"species": "Livistona Chinensis (Jacq.) R. Br. Ex Mart.", "ward": "172", "tree_id": "GN8025YF4LWG001", "status": 1}}, {"type": "Feature", "geometry": {"type": "Point", "coordinates": [77.6212236, 12.918393099999998]}, "properties": {"species": "Syzygium Cumini (L.) Skeels", "ward": "172", "tree_id": "GN8025YF4QHL001", "status": 1}}, {"type": "Feature", "geometry": {"type": "Point", "coordinates": [77.6212246, 12.918482099999999]}, "properties": {"species": "Artocarpus Heterophyllus Lam.", "ward": "172", "tree_id": "GN8025YF4QWD001", "status": 1}}, {"type": "Feature", "geometry": {"type": "Point", "coordinates": [77.6213016, 12.9185931]}, "properties": {"species": "Terminalia Catappa L", "ward": "172", "tree_id": "GN8025YF4VOD001", "status": 1}}, {"type": "Feature", "geometry": {"type": "Point", "coordinates": [77.6213056, 12.918593099999999]}, "properties": {"species": "Livistona Chinensis (Jacq.) R. Br. Ex Mart.", "ward": "172", "tree_id": "GN8025YF4WKA001", "status": 1}}, {"type": "Feature", "geometry": {"type": "Point", "coordinates": [77.6211746, 12.9186171]}, "properties": {"species": "Phyllanthus Acidus (L.) Skeels", "ward": "172", "tree_id": "GN8025YF4VLN001", "status": 1}}, {"type": "Feature", "geometry": {"type": "Point", "coordinates": [77.6212866, 12.9186161]}, "properties": {"species": "Syzygium Cumini (L.) Skeels", "ward": "172", "tree_id": "GN8025YF4VOO001", "status": 1}}, {"type": "Feature", "geometry": {"type": "Point", "coordinates": [77.6211216, 12.9186251]}, "properties": {"species": "Pongamia Pinnata (L.) Pierre", "ward": "172", "tree_id": "GN8025YF4VPA002", "status": 1}}, {"type": "Feature", "geometry": {"type": "Point", "coordinates": [77.6212016, 12.918625099999998]}, "properties": {"species": "Ficus Benghalensis L.", "ward": "172", "tree_id": "GN8025YF4VRA001", "status": 1}}, {"type": "Feature", "geometry": {"type": "Point", "coordinates": [77.6211356, 12.918626100000001]}, "properties": {"species": "Saraca Asoca (Roxb.) De Wilde", "ward": "172", "tree_id": "GN8025YF4VPB001", "status": 1}}, {"type": "Feature", "geometry": {"type": "Point", "coordinates": [77.6211276, 12.9186321]}, "properties": {"species": "Saraca Asoca (Roxb.) De Wilde", "ward": "172", "tree_id": "GN8025YF4VPA001", "status": 1}}, {"type": "Feature", "geometry": {"type": "Point", "coordinates": [77.6211696, 12.918633100000001]}, "properties": {"species": "Livistona Chinensis (Jacq.) R. Br. Ex Mart.", "ward": "172", "tree_id": "GN8025YF4VQB001", "status": 1}}, {"type": "Feature", "geometry": {"type": "Point", "coordinates": [77.6211476, 12.9186391]}, "properties": {"species": "Saraca Asoca (Roxb.) De Wilde", "ward": "172", "tree_id": "GN8025YF4VPH001", "status": 1}}, {"type": "Feature", "geometry": {"type": "Point", "coordinates": [77.6211516, 12.918649099999998]}, "properties": {"species": "Livistona Chinensis (Jacq.) R. Br. Ex Mart.", "ward": "172", "tree_id": "GN8025YF4VPL001", "status": 1}}, {"type": "Feature", "geometry": {"type": "Point", "coordinates": [77.6211796, 12.918656099999996]}, "properties": {"species": "Saraca Asoca (Roxb.) De Wilde", "ward": "172", "tree_id": "GN8025YF4VQO001", "status": 1}}, {"type": "Feature", "geometry": {"type": "Point", "coordinates": [77.6211876, 12.9186671]}, "properties": {"species": "Pongamia Pinnata (L.) Pierre", "ward": "172", "tree_id": "GN8025YF4VVD001", "status": 1}}, {"type": "Feature", "geometry": {"type": "Point", "coordinates": [77.62113660000001, 12.9186811]}, "properties": {"species": "Livistona Chinensis (Jacq.) R. Br. Ex Mart.", "ward": "172", "tree_id": "GN8025YF4VUJ001", "status": 1}}, {"type": "Feature", "geometry": {"type": "Point", "coordinates": [77.6211856, 12.918683099999997]}, "properties": {"species": "Saraca Asoca (Roxb.) De Wilde", "ward": "172", "tree_id": "GN8025YF4VVL001", "status": 1}}, {"type": "Feature", "geometry": {"type": "Point", "coordinates": [77.6211946, 12.918686099999999]}, "properties": {"species": "Livistona Chinensis (Jacq.) R. Br. Ex Mart.", "ward": "172", "tree_id": "GN8025YF4VWI001", "status": 1}}, {"type": "Feature", "geometry": {"type": "Point", "coordinates": [77.6211966, 12.9186921]}, "properties": {"species": "Grevillea Robusta Cunn. Ex R. Br.", "ward": "172", "tree_id": "GN8025YF4VWM001", "status": 1}}, {"type": "Feature", "geometry": {"type": "Point", "coordinates": [77.6212036, 12.918696099999998]}, "properties": {"species": "Saraca Asoca (Roxb.) De Wilde", "ward": "172", "tree_id": "GN8025YF4VWN001", "status": 1}}, {"type": "Feature", "geometry": {"type": "Point", "coordinates": [77.6212076, 12.9187011]}, "properties": {"species": "Saraca Asoca (Roxb.) De Wilde", "ward": "172", "tree_id": "GN8025YG4BCB001", "status": 1}}, {"type": "Feature", "geometry": {"type": "Point", "coordinates": [77.6211986, 12.918707099999997]}, "properties": {"species": "Saraca Asoca (Roxb.) De Wilde", "ward": "172", "tree_id": "GN8025YG4BCE001", "status": 1}}, {"type": "Feature", "geometry": {"type": "Point", "coordinates": [77.6211656, 12.9187211]}, "properties": {"species": "Livistona Chinensis (Jacq.) R. Br. Ex Mart.", "ward": "172", "tree_id": "GN8025YG4BBI001", "status": 1}}, {"type": "Feature", "geometry": {"type": "Point", "coordinates": [77.6211956, 12.9187341]}, "properties": {"species": "Plumaria alba", "ward": "172", "tree_id": "GN8025YG4BHA002", "status": 1}}, {"type": "Feature", "geometry": {"type": "Point", "coordinates": [77.6211986, 12.918740099999999]}, "properties": {"species": "Livistona Chinensis (Jacq.) R. Br. Ex Mart.", "ward": "172", "tree_id": "GN8025YG4BHA001", "status": 1}}, {"type": "Feature", "geometry": {"type": "Point", "coordinates": [77.6212756, 12.918805100000002]}, "properties": {"species": "Livistona Chinensis (Jacq.) R. Br. Ex Mart.", "ward": "172", "tree_id": "GN8025YG4BTA001", "status": 1}}, {"type": "Feature", "geometry": {"type": "Point", "coordinates": [77.62131260000001, 12.918814100000002]}, "properties": {"species": "Lagerstroemia Speciosa (L.) Pers", "ward": "172", "tree_id": "GN8025YG4CPE001", "status": 1}}, {"type": "Feature", "geometry": {"type": "Point", "coordinates": [77.6212636, 12.9188191]}, "properties": {"species": "Saraca Asoca (Roxb.) De Wilde", "ward": "172", "tree_id": "GN8025YG4BSH002", "status": 1}}, {"type": "Feature", "geometry": {"type": "Point", "coordinates": [77.62126760000001, 12.9188211]}, "properties": {"species": "Saraca Asoca (Roxb.) De Wilde", "ward": "172", "tree_id": "GN8025YG4BSH001", "status": 1}}, {"type": "Feature", "geometry": {"type": "Point", "coordinates": [77.6212646, 12.918825099999998]}, "properties": {"species": "Livistona Chinensis (Jacq.) R. Br. Ex Mart.", "ward": "172", "tree_id": "GN8025YG4BSL001", "status": 1}}, {"type": "Feature", "geometry": {"type": "Point", "coordinates": [77.6212556, 12.918831100000002]}, "properties": {"species": "Livistona Chinensis (Jacq.) R. Br. Ex Mart.", "ward": "172", "tree_id": "GN8025YG4BSK001", "status": 1}}, {"type": "Feature", "geometry": {"type": "Point", "coordinates": [77.6212616, 12.918833099999999]}, "properties": {"species": "Saraca Asoca (Roxb.) De Wilde", "ward": "172", "tree_id": "GN8025YG4BSP001", "status": 1}}, {"type": "Feature", "geometry": {"type": "Point", "coordinates": [77.6213006, 12.918835099999999]}, "properties": {"species": "Tabebuia Rosea (Bertol) Dc.", "ward": "172", "tree_id": "GN8025YG4BTP001", "status": 1}}, {"type": "Feature", "geometry": {"type": "Point", "coordinates": [77.6212216, 12.918839099999998]}, "properties": {"species": "Ptychosperma Macarthuri Nichols", "ward": "172", "tree_id": "GN8025YG4BRO001", "status": 1}}, {"type": "Feature", "geometry": {"type": "Point", "coordinates": [77.6212256, 12.918841100000002]}, "properties": {"species": "Livistona Chinensis (Jacq.) R. Br. Ex Mart.", "ward": "172", "tree_id": "GN8025YG4BWD001", "status": 1}}, {"type": "Feature", "geometry": {"type": "Point", "coordinates": [77.6211596, 12.9188451]}, "properties": {"species": "Grevillea Robusta Cunn. Ex R. Br.", "ward": "172", "tree_id": "GN8025YG4BVA001", "status": 1}}, {"type": "Feature", "geometry": {"type": "Point", "coordinates": [77.6212266, 12.918848099999998]}, "properties": {"species": "Livistona Chinensis (Jacq.) R. Br. Ex Mart.", "ward": "172", "tree_id": "GN8025YG4BWD002", "status": 1}}, {"type": "Feature", "geometry": {"type": "Point", "coordinates": [77.6212276, 12.918851099999996]}, "properties": {"species": "Saraca Asoca (Roxb.) De Wilde", "ward": "172", "tree_id": "GN8025YG4BWH001", "status": 1}}, {"type": "Feature", "geometry": {"type": "Point", "coordinates": [77.6212196, 12.918858099999998]}, "properties": {"species": "Saraca Asoca (Roxb.) De Wilde", "ward": "172", "tree_id": "GN8025YG4BWG001", "status": 1}}, {"type": "Feature", "geometry": {"type": "Point", "coordinates": [77.6212326, 12.918862099999997]}, "properties": {"species": "Terminalia Catappa L", "ward": "172", "tree_id": "GN8025YG4BXI001", "status": 1}}, {"type": "Feature", "geometry": {"type": "Point", "coordinates": [77.6212756, 12.9188721]}, "properties": {"species": "Tabebuia Rosea (Bertol) Dc.", "ward": "172", "tree_id": "GN8025YG4BYM001", "status": 1}}, {"type": "Feature", "geometry": {"type": "Point", "coordinates": [77.6211196, 12.918922099999998]}, "properties": {"species": "Grevillea Robusta Cunn. Ex R. Br.", "ward": "172", "tree_id": "GN8025YG4FJD001", "status": 1}}, {"type": "Feature", "geometry": {"type": "Point", "coordinates": [77.6211246, 12.9189331]}, "properties": {"species": "Grevillea Robusta Cunn. Ex R. Br.", "ward": "172", "tree_id": "GN8025YG4GFI001", "status": 1}}, {"type": "Feature", "geometry": {"type": "Point", "coordinates": [77.6211936, 12.918938100000002]}, "properties": {"species": "Saraca Asoca (Roxb.) De Wilde", "ward": "172", "tree_id": "GN8025YG4GGL001", "status": 1}}, {"type": "Feature", "geometry": {"type": "Point", "coordinates": [77.6217456, 12.9174141]}, "properties": {"species": "Grevillea Robusta Cunn. Ex R. Br.", "ward": "172", "tree_id": "GN8025YE4OWJ001", "status": 1}}, {"type": "Feature", "geometry": {"type": "Point", "coordinates": [77.6214166, 12.917422100000001]}, "properties": {"species": "Terminalia Catappa L", "ward": "172", "tree_id": "GN8025YE4MXN001", "status": 1}}, {"type": "Feature", "geometry": {"type": "Point", "coordinates": [77.6218936, 12.917439100000001]}, "properties": {"species": "Artocarpus Heterophyllus Lam.", "ward": "172", "tree_id": "GN8025YE5PBF001", "status": 1}}, {"type": "Feature", "geometry": {"type": "Point", "coordinates": [77.6218736, 12.917449099999999]}, "properties": {"species": "Grevillea Robusta Cunn. Ex R. Br.", "ward": "172", "tree_id": "GN8025YE5PAL001", "status": 1}}, {"type": "Feature", "geometry": {"type": "Point", "coordinates": [77.6217456, 12.917464099999998]}, "properties": {"species": "Ficus Religiosa L.", "ward": "172", "tree_id": "GN8025YE4THB001", "status": 1}}, {"type": "Feature", "geometry": {"type": "Point", "coordinates": [77.6218156, 12.917481099999998]}, "properties": {"species": "Grevillea Robusta Cunn. Ex R. Br.", "ward": "172", "tree_id": "GN8025YE4TJI001", "status": 1}}, {"type": "Feature", "geometry": {"type": "Point", "coordinates": [77.62183060000001, 12.9174891]}, "properties": {"species": "Grevillea Robusta Cunn. Ex R. Br.", "ward": "172", "tree_id": "GN8025YE4TJO001", "status": 1}}, {"type": "Feature", "geometry": {"type": "Point", "coordinates": [77.6216906, 12.917501099999999]}, "properties": {"species": "Grevillea Robusta Cunn. Ex R. Br.", "ward": "172", "tree_id": "GN8025YE4TKD001", "status": 1}}, {"type": "Feature", "geometry": {"type": "Point", "coordinates": [77.6214316, 12.917557099999996]}, "properties": {"species": "Others", "ward": "172", "tree_id": "GN8025YE4RSL001", "status": 1}}, {"type": "Feature", "geometry": {"type": "Point", "coordinates": [77.6214236, 12.917571099999998]}, "properties": {"species": "Ficus Religiosa L.", "ward": "172", "tree_id": "GN8025YE4RSO001", "status": 1}}, {"type": "Feature", "geometry": {"type": "Point", "coordinates": [77.6215916, 12.9183321]}, "properties": {"species": "Muntingia Calabura L.", "ward": "172", "tree_id": "GN8025YF4SCD001", "status": 1}}, {"type": "Feature", "geometry": {"type": "Point", "coordinates": [77.6215496, 12.9184421]}, "properties": {"species": "Spathodea Campanulata P. Beauv", "ward": "172", "tree_id": "GN8025YF4SQC002", "status": 1}}, {"type": "Feature", "geometry": {"type": "Point", "coordinates": [77.6215436, 12.9184431]}, "properties": {"species": "Saraca Asoca (Roxb.) De Wilde", "ward": "172", "tree_id": "GN8025YF4SQC001", "status": 1}}, {"type": "Feature", "geometry": {"type": "Point", "coordinates": [77.6215646, 12.9184451]}, "properties": {"species": "Spathodea Campanulata P. Beauv", "ward": "172", "tree_id": "GN8025YF4SRA001", "status": 1}}, {"type": "Feature", "geometry": {"type": "Point", "coordinates": [77.6215206, 12.918463100000002]}, "properties": {"species": "Saraca Asoca (Roxb.) De Wilde", "ward": "172", "tree_id": "GN8025YF4SPL001", "status": 1}}, {"type": "Feature", "geometry": {"type": "Point", "coordinates": [77.6214326, 12.9187021]}, "properties": {"species": "Polyalthia Longifolia (Sonn.) Thwaites", "ward": "172", "tree_id": "GN8025YG4CDB001", "status": 1}}, {"type": "Feature", "geometry": {"type": "Point", "coordinates": [77.6211216, 12.918941100000001]}, "properties": {"species": "Muntingia Calabura L.", "ward": "172", "tree_id": "GN8025YG4FJL001", "status": 1}}, {"type": "Feature", "geometry": {"type": "Point", "coordinates": [77.6211766, 12.918941100000001]}, "properties": {"species": "Saraca Asoca (Roxb.) De Wilde", "ward": "172", "tree_id": "GN8025YG4GGN001", "status": 1}}, {"type": "Feature", "geometry": {"type": "Point", "coordinates": [77.6211876, 12.9189481]}, "properties": {"species": "Saraca Asoca (Roxb.) De Wilde", "ward": "172", "tree_id": "GN8025YG4GGP001", "status": 1}}, {"type": "Feature", "geometry": {"type": "Point", "coordinates": [77.6211586, 12.918957099999998]}, "properties": {"species": "Mangifera Indica L.", "ward": "172", "tree_id": "GN8025YG4GKD001", "status": 1}}, {"type": "Feature", "geometry": {"type": "Point", "coordinates": [77.6211866, 12.918957099999998]}, "properties": {"species": "Saraca Asoca (Roxb.) De Wilde", "ward": "172", "tree_id": "GN8025YG4GLC001", "status": 1}}, {"type": "Feature", "geometry": {"type": "Point", "coordinates": [77.6212356, 12.9189571]}, "properties": {"species": "Swietenia Mahagoni (L.) Jacq.", "ward": "172", "tree_id": "GN8025YG4GNA001", "status": 1}}, {"type": "Feature", "geometry": {"type": "Point", "coordinates": [77.6211076, 12.9189631]}, "properties": {"species": "Terminalia Catappa L", "ward": "172", "tree_id": "GN8025YG4FOG001", "status": 1}}, {"type": "Feature", "geometry": {"type": "Point", "coordinates": [77.6211816, 12.918964099999998]}, "properties": {"species": "Saraca Asoca (Roxb.) De Wilde", "ward": "172", "tree_id": "GN8025YG4GLG002", "status": 1}}, {"type": "Feature", "geometry": {"type": "Point", "coordinates": [77.6211826, 12.918964099999997]}, "properties": {"species": "Saraca Asoca (Roxb.) De Wilde", "ward": "172", "tree_id": "GN8025YG4GLG001", "status": 1}}, {"type": "Feature", "geometry": {"type": "Point", "coordinates": [77.6211916, 12.918964099999998]}, "properties": {"species": "Saraca Asoca (Roxb.) De Wilde", "ward": "172", "tree_id": "GN8025YG4GLH001", "status": 1}}, {"type": "Feature", "geometry": {"type": "Point", "coordinates": [77.6211566, 12.918996099999998]}, "properties": {"species": "Saraca Asoca (Roxb.) De Wilde", "ward": "172", "tree_id": "GN8025YG4GPH001", "status": 1}}, {"type": "Feature", "geometry": {"type": "Point", "coordinates": [77.6210826, 12.9190161]}, "properties": {"species": "Muntingia Calabura L.", "ward": "172", "tree_id": "GN8025YG4FSP001", "status": 1}}, {"type": "Feature", "geometry": {"type": "Point", "coordinates": [77.6211246, 12.9190211]}, "properties": {"species": "Saraca Asoca (Roxb.) De Wilde", "ward": "172", "tree_id": "GN8025YG4GPM001", "status": 1}}, {"type": "Feature", "geometry": {"type": "Point", "coordinates": [77.6210626, 12.919022099999998]}, "properties": {"species": "Grevillea Robusta Cunn. Ex R. Br.", "ward": "172", "tree_id": "GN8025YG4FSN001", "status": 1}}, {"type": "Feature", "geometry": {"type": "Point", "coordinates": [77.6211256, 12.919025099999999]}, "properties": {"species": "Saraca Asoca (Roxb.) De Wilde", "ward": "172", "tree_id": "GN8025YG4GUA001", "status": 1}}, {"type": "Feature", "geometry": {"type": "Point", "coordinates": [77.6211046, 12.9190371]}, "properties": {"species": "Saraca Asoca (Roxb.) De Wilde", "ward": "172", "tree_id": "GN8025YG4FYF001", "status": 1}}, {"type": "Feature", "geometry": {"type": "Point", "coordinates": [77.6211116, 12.919043099999996]}, "properties": {"species": "Saraca Asoca (Roxb.) De Wilde", "ward": "172", "tree_id": "GN8025YG4FYK001", "status": 1}}, {"type": "Feature", "geometry": {"type": "Point", "coordinates": [77.6211306, 12.9190541]}, "properties": {"species": "Terminalia Catappa L", "ward": "172", "tree_id": "GN8025YG4GUM001", "status": 1}}, {"type": "Feature", "geometry": {"type": "Point", "coordinates": [77.6210646, 12.919074099999998]}, "properties": {"species": "Saraca Asoca (Roxb.) De Wilde", "ward": "172", "tree_id": "GN8025YG4KDF001", "status": 1}}, {"type": "Feature", "geometry": {"type": "Point", "coordinates": [77.6211096, 12.919161099999995]}, "properties": {"species": "Terminalia Catappa L", "ward": "172", "tree_id": "GN8025YG4KOO001", "status": 1}}, {"type": "Feature", "geometry": {"type": "Point", "coordinates": [77.6415236, 12.9585182]}, "properties": {"species": "Ficus Racemosa L.", "ward": "112", "tree_id": "GN8530VA5JMJ001", "status": 1}}, {"type": "Feature", "geometry": {"type": "Point", "coordinates": [77.6415106, 12.9585482]}, "properties": {"species": "Others", "ward": "112", "tree_id": "GN8530VA5JRE001", "status": 1}}, {"type": "Feature", "geometry": {"type": "Point", "coordinates": [77.6415976, 12.9587022]}, "properties": {"species": "Markhamia Lutea (Benth.) K.Schum", "ward": "112", "tree_id": "GN8530VA5OON001", "status": 1}}, {"type": "Feature", "geometry": {"type": "Point", "coordinates": [77.6416556, 12.9593362]}, "properties": {"species": "Terminalia Catappa L", "ward": "112", "tree_id": "GN8530VB6FAH001", "status": 1}}, {"type": "Feature", "geometry": {"type": "Point", "coordinates": [77.6416926, 12.9593582]}, "properties": {"species": "Tabebuia Rosea (Bertol) Dc.", "ward": "112", "tree_id": "GN8530VB6FBP001", "status": 1}}, {"type": "Feature", "geometry": {"type": "Point", "coordinates": [77.6416536, 12.959679200000004]}, "properties": {"species": "Markhamia Lutea (Benth.) K.Schum", "ward": "112", "tree_id": "GN8530VB6KUO001", "status": 1}}, {"type": "Feature", "geometry": {"type": "Point", "coordinates": [77.6415186, 12.959802199999999]}, "properties": {"species": "Markhamia Lutea (Benth.) K.Schum", "ward": "112", "tree_id": "GN8530VB5TQD011", "status": 1}}, {"type": "Feature", "geometry": {"type": "Point", "coordinates": [77.6415186, 12.959802199999999]}, "properties": {"species": "Markhamia Lutea (Benth.) K.Schum", "ward": "112", "tree_id": "GN8530VB5TQD010", "status": 1}}, {"type": "Feature", "geometry": {"type": "Point", "coordinates": [77.6415186, 12.959802199999999]}, "properties": {"species": "Tabebuia Rosea (Bertol) Dc.", "ward": "112", "tree_id": "GN8530VB5TQD005", "status": 1}}, {"type": "Feature", "geometry": {"type": "Point", "coordinates": [77.6415186, 12.959802199999999]}, "properties": {"species": "Samanea Saman (Jacq.) Merr.", "ward": "112", "tree_id": "GN8530VB5TQD009", "status": 1}}, {"type": "Feature", "geometry": {"type": "Point", "coordinates": [77.6415186, 12.959802199999999]}, "properties": {"species": "Tabebuia Rosea (Bertol) Dc.", "ward": "112", "tree_id": "GN8530VB5TQD008", "status": 1}}, {"type": "Feature", "geometry": {"type": "Point", "coordinates": [77.6415186, 12.959802199999999]}, "properties": {"species": "Tabebuia Rosea (Bertol) Dc.", "ward": "112", "tree_id": "GN8530VB5TQD007", "status": 1}}, {"type": "Feature", "geometry": {"type": "Point", "coordinates": [77.6415186, 12.959802199999999]}, "properties": {"species": "Tabebuia Rosea (Bertol) Dc.", "ward": "112", "tree_id": "GN8530VB5TQD006", "status": 1}}, {"type": "Feature", "geometry": {"type": "Point", "coordinates": [77.6415186, 12.959802199999999]}, "properties": {"species": "Markhamia Lutea (Benth.) K.Schum", "ward": "112", "tree_id": "GN8530VB5TQD004", "status": 1}}, {"type": "Feature", "geometry": {"type": "Point", "coordinates": [77.6415186, 12.959802199999999]}, "properties": {"species": "Tabebuia Rosea (Bertol) Dc.", "ward": "112", "tree_id": "GN8530VB5TQD003", "status": 1}}, {"type": "Feature", "geometry": {"type": "Point", "coordinates": [77.6415186, 12.959802199999999]}, "properties": {"species": "Tabebuia Rosea (Bertol) Dc.", "ward": "112", "tree_id": "GN8530VB5TQD002", "status": 1}}, {"type": "Feature", "geometry": {"type": "Point", "coordinates": [77.6415186, 12.959802199999999]}, "properties": {"species": "Tabebuia Rosea (Bertol) Dc.", "ward": "112", "tree_id": "GN8530VB5TQD001", "status": 1}}, {"type": "Feature", "geometry": {"type": "Point", "coordinates": [77.6416726, 12.9598982]}, "properties": {"species": "Others", "ward": "112", "tree_id": "GN8530VB6UBM001", "status": 1}}, {"type": "Feature", "geometry": {"type": "Point", "coordinates": [77.64167060000001, 12.959951199999997]}, "properties": {"species": "Tabebuia Rosea (Bertol) Dc.", "ward": "112", "tree_id": "GN8530VB6ULE001", "status": 1}}, {"type": "Feature", "geometry": {"type": "Point", "coordinates": [77.6417446, 12.9600542]}, "properties": {"species": "Tabebuia Rosea (Bertol) Dc.", "ward": "112", "tree_id": "GN8530VC6ADA001", "status": 1}}, {"type": "Feature", "geometry": {"type": "Point", "coordinates": [77.6416766, 12.9600552]}, "properties": {"species": "Leucaena Latisiliqua (L.) Gillis", "ward": "112", "tree_id": "GN8530VC6ABA001", "status": 1}}, {"type": "Feature", "geometry": {"type": "Point", "coordinates": [77.6417126, 12.9600862]}, "properties": {"species": "Tabebuia Rosea (Bertol) Dc.", "ward": "112", "tree_id": "GN8530VC6AHA001", "status": 1}}, {"type": "Feature", "geometry": {"type": "Point", "coordinates": [77.6418196, 12.9608572]}, "properties": {"species": "Swietenia Mahagoni (L.) Jacq.", "ward": "88", "tree_id": "GN8530VC6UOH001", "status": 1}}, {"type": "Feature", "geometry": {"type": "Point", "coordinates": [77.6417886, 12.960875199999998]}, "properties": {"species": "Markhamia Lutea (Benth.) K.Schum", "ward": "88", "tree_id": "GN8530VC6UNP001", "status": 1}}, {"type": "Feature", "geometry": {"type": "Point", "coordinates": [77.6418306, 12.9608862]}, "properties": {"species": "Pritchardia Pacifica Seem. & H. Wendl.", "ward": "88", "tree_id": "GN8530VC6VPE001", "status": 1}}, {"type": "Feature", "geometry": {"type": "Point", "coordinates": [77.6418186, 12.960895199999998]}, "properties": {"species": "Pritchardia Pacifica Seem. & H. Wendl.", "ward": "88", "tree_id": "GN8530VC6UTL001", "status": 1}}, {"type": "Feature", "geometry": {"type": "Point", "coordinates": [77.6418376, 12.961389199999998]}, "properties": {"species": "Swietenia Mahagoni (L.) Jacq.", "ward": "88", "tree_id": "GN8530VD6LKA001", "status": 1}}, {"type": "Feature", "geometry": {"type": "Point", "coordinates": [77.6417876, 12.9614092]}, "properties": {"species": "Tabebuia Rosea (Bertol) Dc.", "ward": "88", "tree_id": "GN8530VD6KNL001", "status": 1}}, {"type": "Feature", "geometry": {"type": "Point", "coordinates": [77.6417766, 12.9620582]}, "properties": {"species": "Millingtonia Hortensis L.F", "ward": "88", "tree_id": "GN8530VE6FDJ001", "status": 1}}, {"type": "Feature", "geometry": {"type": "Point", "coordinates": [77.6417556, 12.962079199999998]}, "properties": {"species": "Saraca Asoca (Roxb.) De Wilde", "ward": "88", "tree_id": "GN8530VE6FHG001", "status": 1}}, {"type": "Feature", "geometry": {"type": "Point", "coordinates": [77.6417466, 12.962121199999999]}, "properties": {"species": "Millingtonia Hortensis L.F", "ward": "88", "tree_id": "GN8530VE6FMF002", "status": 1}}, {"type": "Feature", "geometry": {"type": "Point", "coordinates": [77.6417466, 12.962121199999999]}, "properties": {"species": "Millingtonia Hortensis L.F", "ward": "88", "tree_id": "GN8530VE6FMF005", "status": 1}}, {"type": "Feature", "geometry": {"type": "Point", "coordinates": [77.6417466, 12.962121199999999]}, "properties": {"species": "Millingtonia Hortensis L.F", "ward": "88", "tree_id": "GN8530VE6FMF003", "status": 1}}, {"type": "Feature", "geometry": {"type": "Point", "coordinates": [77.6417466, 12.962121199999999]}, "properties": {"species": "Millingtonia Hortensis L.F", "ward": "88", "tree_id": "GN8530VE6FMF004", "status": 1}}, {"type": "Feature", "geometry": {"type": "Point", "coordinates": [77.6417466, 12.962121199999999]}, "properties": {"species": "Millingtonia Hortensis L.F", "ward": "88", "tree_id": "GN8530VE6FMF001", "status": 1}}, {"type": "Feature", "geometry": {"type": "Point", "coordinates": [77.6416516, 12.962587199999998]}, "properties": {"species": "Peltophorum Pterocarpum (Dc.) Back. Ex K. Heyne", "ward": "112", "tree_id": "GN8530VE5YEH001", "status": 1}}, {"type": "Feature", "geometry": {"type": "Point", "coordinates": [77.6416876, 12.963084199999999]}, "properties": {"species": "Terminalia Catappa L", "ward": "88", "tree_id": "GN8530VF6FUC001", "status": 1}}, {"type": "Feature", "geometry": {"type": "Point", "coordinates": [77.6416636, 12.963195200000001]}, "properties": {"species": "Pongamia Pinnata (L.) Pierre", "ward": "88", "tree_id": "GN8530VF5OOD001", "status": 1}}, {"type": "Feature", "geometry": {"type": "Point", "coordinates": [77.6417366, 12.963237199999998]}, "properties": {"species": "Samanea Saman (Jacq.) Merr.", "ward": "88", "tree_id": "GN8530VF6KQH001", "status": 1}}, {"type": "Feature", "geometry": {"type": "Point", "coordinates": [77.6417226, 12.9635312]}, "properties": {"species": "Millingtonia Hortensis L.F", "ward": "88", "tree_id": "GN8530VF6UGF001", "status": 1}}, {"type": "Feature", "geometry": {"type": "Point", "coordinates": [77.6416836, 12.963954199999998]}, "properties": {"species": "Peltophorum Pterocarpum (Dc.) Back. Ex K. Heyne", "ward": "88", "tree_id": "GN8530VG6FPB005", "status": 1}}, {"type": "Feature", "geometry": {"type": "Point", "coordinates": [77.6416836, 12.963954199999998]}, "properties": {"species": "Peltophorum Pterocarpum (Dc.) Back. Ex K. Heyne", "ward": "88", "tree_id": "GN8530VG6FPB002", "status": 1}}, {"type": "Feature", "geometry": {"type": "Point", "coordinates": [77.6416836, 12.963954199999998]}, "properties": {"species": "Swietenia Mahagoni (L.) Jacq.", "ward": "88", "tree_id": "GN8530VG6FPB001", "status": 1}}, {"type": "Feature", "geometry": {"type": "Point", "coordinates": [77.6416836, 12.963954199999998]}, "properties": {"species": "Grevillea Robusta Cunn. Ex R. Br.", "ward": "88", "tree_id": "GN8530VG6FPB003", "status": 1}}, {"type": "Feature", "geometry": {"type": "Point", "coordinates": [77.6416836, 12.963954199999998]}, "properties": {"species": "Peltophorum Pterocarpum (Dc.) Back. Ex K. Heyne", "ward": "88", "tree_id": "GN8530VG6FPB004", "status": 1}}, {"type": "Feature", "geometry": {"type": "Point", "coordinates": [77.6415726, 12.9640512]}, "properties": {"species": "Markhamia Lutea (Benth.) K.Schum", "ward": "112", "tree_id": "GN8530VG5OCM002", "status": 1}}, {"type": "Feature", "geometry": {"type": "Point", "coordinates": [77.6415726, 12.9640512]}, "properties": {"species": "Samanea Saman (Jacq.) Merr.", "ward": "112", "tree_id": "GN8530VG5OCM001", "status": 1}}, {"type": "Feature", "geometry": {"type": "Point", "coordinates": [77.6415726, 12.9640512]}, "properties": {"species": "Terminalia Catappa L", "ward": "112", "tree_id": "GN8530VG5OCM003", "status": 1}}, {"type": "Feature", "geometry": {"type": "Point", "coordinates": [77.6415726, 12.9640512]}, "properties": {"species": "Markhamia Lutea (Benth.) K.Schum", "ward": "112", "tree_id": "GN8530VG5OCM004", "status": 1}}, {"type": "Feature", "geometry": {"type": "Point", "coordinates": [77.6416186, 12.965172199999994]}, "properties": {"species": "Delonix Regia (Bojer Ex Hook.) Raf.", "ward": "88", "tree_id": "GN8530VH5TIM001", "status": 1}}, {"type": "Feature", "geometry": {"type": "Point", "coordinates": [77.6415746, 12.9651892]}, "properties": {"species": "Cocos Nucifera L.", "ward": "88", "tree_id": "GN8530VH5TLH001", "status": 1}}, {"type": "Feature", "geometry": {"type": "Point", "coordinates": [77.6415696, 12.9651952]}, "properties": {"species": "Delonix Regia (Bojer Ex Hook.) Raf.", "ward": "88", "tree_id": "GN8530VH5TLH002", "status": 1}}, {"type": "Feature", "geometry": {"type": "Point", "coordinates": [77.6416006, 12.965197199999999]}, "properties": {"species": "Cocos Nucifera L.", "ward": "88", "tree_id": "GN8530VH5TMK001", "status": 1}}, {"type": "Feature", "geometry": {"type": "Point", "coordinates": [77.6415536, 12.9652362]}, "properties": {"species": "Swietenia Mahagoni (L.) Jacq.", "ward": "88", "tree_id": "GN8530VH5TQJ001", "status": 1}}, {"type": "Feature", "geometry": {"type": "Point", "coordinates": [77.6415816, 12.965767200000002]}, "properties": {"species": "Swietenia Mahagoni (L.) Jacq.", "ward": "88", "tree_id": "GN8530VI5JQH001", "status": 1}}, {"type": "Feature", "geometry": {"type": "Point", "coordinates": [77.6415516, 12.965844199999998]}, "properties": {"species": "Delonix Regia (Bojer Ex Hook.) Raf.", "ward": "88", "tree_id": "GN8530VI5OBE001", "status": 1}}, {"type": "Feature", "geometry": {"type": "Point", "coordinates": [77.6415706, 12.9659832]}, "properties": {"species": "Delonix Regia (Bojer Ex Hook.) Raf.", "ward": "88", "tree_id": "GN8530VI5OVG001", "status": 1}}, {"type": "Feature", "geometry": {"type": "Point", "coordinates": [77.6415576, 12.9660492]}, "properties": {"species": "Samanea Saman (Jacq.) Merr.", "ward": "88", "tree_id": "GN8530VI5TGA001", "status": 1}}, {"type": "Feature", "geometry": {"type": "Point", "coordinates": [77.6415426, 12.9661212]}, "properties": {"species": "Simarouba Glauca Dc.", "ward": "88", "tree_id": "GN8530VI5TPD001", "status": 1}}, {"type": "Feature", "geometry": {"type": "Point", "coordinates": [77.64153760000002, 12.966137199999999]}, "properties": {"species": "Samanea Saman (Jacq.) Merr.", "ward": "88", "tree_id": "GN8530VI5TPK001", "status": 1}}, {"type": "Feature", "geometry": {"type": "Point", "coordinates": [77.6415506, 12.966155199999998]}, "properties": {"species": "Swietenia Mahagoni (L.) Jacq.", "ward": "88", "tree_id": "GN8530VI5TVA001", "status": 1}}, {"type": "Feature", "geometry": {"type": "Point", "coordinates": [77.6414956, 12.966302200000001]}, "properties": {"species": "Markhamia Lutea (Benth.) K.Schum", "ward": "88", "tree_id": "GN8530VI5XTB001", "status": 1}}, {"type": "Feature", "geometry": {"type": "Point", "coordinates": [77.64149260000002, 12.966438199999999]}, "properties": {"species": "Samanea Saman (Jacq.) Merr.", "ward": "88", "tree_id": "GN8530VJ5DJN001", "status": 1}}, {"type": "Feature", "geometry": {"type": "Point", "coordinates": [77.6414606, 12.967665199999999]}, "properties": {"species": "Delonix Regia (Bojer Ex Hook.) Raf.", "ward": "88", "tree_id": "GN8535BA5NDM001", "status": 1}}, {"type": "Feature", "geometry": {"type": "Point", "coordinates": [77.6414296, 12.968039200000002]}, "properties": {"species": "Delonix Regia (Bojer Ex Hook.) Raf.", "ward": "88", "tree_id": "GN8535BA5XHA001", "status": 1}}, {"type": "Feature", "geometry": {"type": "Point", "coordinates": [77.6413976, 12.968349199999997]}, "properties": {"species": "Delonix Regia (Bojer Ex Hook.) Raf.", "ward": "88", "tree_id": "GN8535BB5DVI001", "status": 1}}, {"type": "Feature", "geometry": {"type": "Point", "coordinates": [77.6414196, 12.9684162]}, "properties": {"species": "Delonix Regia (Bojer Ex Hook.) Raf.", "ward": "88", "tree_id": "GN8535BB5IGL001", "status": 1}}, {"type": "Feature", "geometry": {"type": "Point", "coordinates": [77.6413496, 12.9685872]}, "properties": {"species": "Millingtonia Hortensis L.F", "ward": "112", "tree_id": "GN8535BB5MJD006", "status": 1}}, {"type": "Feature", "geometry": {"type": "Point", "coordinates": [77.6413496, 12.9685872]}, "properties": {"species": "Delonix Regia (Bojer Ex Hook.) Raf.", "ward": "112", "tree_id": "GN8535BB5MJD002", "status": 1}}, {"type": "Feature", "geometry": {"type": "Point", "coordinates": [77.6413496, 12.9685872]}, "properties": {"species": "Pongamia Pinnata (L.) Pierre", "ward": "112", "tree_id": "GN8535BB5MJD001", "status": 1}}, {"type": "Feature", "geometry": {"type": "Point", "coordinates": [77.6413496, 12.9685872]}, "properties": {"species": "Swietenia Mahagoni (L.) Jacq.", "ward": "112", "tree_id": "GN8535BB5MJD003", "status": 1}}, {"type": "Feature", "geometry": {"type": "Point", "coordinates": [77.6413496, 12.9685872]}, "properties": {"species": "Markhamia Lutea (Benth.) K.Schum", "ward": "112", "tree_id": "GN8535BB5MJD007", "status": 1}}, {"type": "Feature", "geometry": {"type": "Point", "coordinates": [77.6413496, 12.9685872]}, "properties": {"species": "Delonix Regia (Bojer Ex Hook.) Raf.", "ward": "112", "tree_id": "GN8535BB5MJD004", "status": 1}}, {"type": "Feature", "geometry": {"type": "Point", "coordinates": [77.6413496, 12.9685872]}, "properties": {"species": "Delonix Regia (Bojer Ex Hook.) Raf.", "ward": "112", "tree_id": "GN8535BB5MJD005", "status": 1}}, {"type": "Feature", "geometry": {"type": "Point", "coordinates": [77.6414026, 12.968685200000001]}, "properties": {"species": "Markhamia Lutea (Benth.) K.Schum", "ward": "88", "tree_id": "GN8535BB5NQN001", "status": 1}}, {"type": "Feature", "geometry": {"type": "Point", "coordinates": [77.6413866, 12.969025199999999]}, "properties": {"species": "Markhamia Lutea (Benth.) K.Schum", "ward": "88", "tree_id": "GN8535BB5XPG001", "status": 1}}, {"type": "Feature", "geometry": {"type": "Point", "coordinates": [77.6413806, 12.969089200000003]}, "properties": {"species": "Millingtonia Hortensis L.F", "ward": "88", "tree_id": "GN8535BC5DAC001", "status": 1}}, {"type": "Feature", "geometry": {"type": "Point", "coordinates": [77.6413736, 12.969133199999998]}, "properties": {"species": "Delonix Regia (Bojer Ex Hook.) Raf.", "ward": "88", "tree_id": "GN8535BC5DFF001", "status": 1}}, {"type": "Feature", "geometry": {"type": "Point", "coordinates": [77.6413386, 12.969344199999998]}, "properties": {"species": "Delonix Regia (Bojer Ex Hook.) Raf.", "ward": "88", "tree_id": "GN8535BC5HOB001", "status": 1}}, {"type": "Feature", "geometry": {"type": "Point", "coordinates": [77.6412996, 12.970325199999998]}, "properties": {"species": "Tabebuia Rosea (Bertol) Dc.", "ward": "80", "tree_id": "GN8535BD5HXE001", "status": 1}}, {"type": "Feature", "geometry": {"type": "Point", "coordinates": [77.6413026, 12.970345199999999]}, "properties": {"species": "Tabebuia Rosea (Bertol) Dc.", "ward": "80", "tree_id": "GN8535BD5HXM001", "status": 1}}, {"type": "Feature", "geometry": {"type": "Point", "coordinates": [77.6412806, 12.970440199999997]}, "properties": {"species": "Tabebuia Rosea (Bertol) Dc.", "ward": "80", "tree_id": "GN8535BD5MMJ001", "status": 1}}, {"type": "Feature", "geometry": {"type": "Point", "coordinates": [77.6412656, 12.9706022]}, "properties": {"species": "Samanea Saman (Jacq.) Merr.", "ward": "80", "tree_id": "GN8535BD5RHM001", "status": 1}}, {"type": "Feature", "geometry": {"type": "Point", "coordinates": [77.6412786, 12.970909200000003]}, "properties": {"species": "Samanea Saman (Jacq.) Merr.", "ward": "80", "tree_id": "GN8535BE5CCF001", "status": 1}}, {"type": "Feature", "geometry": {"type": "Point", "coordinates": [77.6412696, 12.9712732]}, "properties": {"species": "Delonix Regia (Bojer Ex Hook.) Raf.", "ward": "80", "tree_id": "GN8535BE5MBL001", "status": 1}}, {"type": "Feature", "geometry": {"type": "Point", "coordinates": [77.6412506, 12.971445199999996]}, "properties": {"species": "Markhamia Lutea (Benth.) K.Schum", "ward": "80", "tree_id": "GN8535BE5RBF001", "status": 1}}, {"type": "Feature", "geometry": {"type": "Point", "coordinates": [77.6412446, 12.9714902]}, "properties": {"species": "Neolomarckia", "ward": "80", "tree_id": "GN8535BE5RGI001", "status": 1}}, {"type": "Feature", "geometry": {"type": "Point", "coordinates": [77.6412496, 12.971524199999996]}, "properties": {"species": "Swietenia Mahagoni (L.) Jacq.", "ward": "80", "tree_id": "GN8535BE5RLF001", "status": 1}}, {"type": "Feature", "geometry": {"type": "Point", "coordinates": [77.6412086, 12.9723152]}, "properties": {"species": "Samanea Saman (Jacq.) Merr.", "ward": "80", "tree_id": "GN8535BF5LYH001", "status": 1}}, {"type": "Feature", "geometry": {"type": "Point", "coordinates": [77.6411766, 12.972474200000002]}, "properties": {"species": "Delonix Regia (Bojer Ex Hook.) Raf.", "ward": "80", "tree_id": "GN8535BF5QTM001", "status": 1}}, {"type": "Feature", "geometry": {"type": "Point", "coordinates": [77.6412036, 12.972567199999997]}, "properties": {"species": "Delonix Regia (Bojer Ex Hook.) Raf.", "ward": "80", "tree_id": "GN8535BF5VJH001", "status": 1}}, {"type": "Feature", "geometry": {"type": "Point", "coordinates": [77.6411826, 12.972633199999999]}, "properties": {"species": "Ficus Benjamina L.", "ward": "80", "tree_id": "GN8535BF5VTA001", "status": 1}}, {"type": "Feature", "geometry": {"type": "Point", "coordinates": [77.6412156, 12.971735199999998]}, "properties": {"species": "Delonix Regia (Bojer Ex Hook.) Raf.", "ward": "80", "tree_id": "GN8535BE5WPF001", "status": 1}}, {"type": "Feature", "geometry": {"type": "Point", "coordinates": [77.6412236, 12.9719132]}, "properties": {"species": "Syzygium Cumini (L.) Skeels", "ward": "80", "tree_id": "GN8535BF5CPF001", "status": 1}}, {"type": "Feature", "geometry": {"type": "Point", "coordinates": [77.6411836, 12.9726542]}, "properties": {"species": "Pongamia Pinnata (L.) Pierre", "ward": "80", "tree_id": "GN8535BF5VTI001", "status": 1}}, {"type": "Feature", "geometry": {"type": "Point", "coordinates": [77.6411726, 12.972812199999996]}, "properties": {"species": "Tabebuia Rosea (Bertol) Dc.", "ward": "80", "tree_id": "GN8535BG5BSD001", "status": 1}}, {"type": "Feature", "geometry": {"type": "Point", "coordinates": [77.6411696, 12.972888199999995]}, "properties": {"species": "Swietenia Mahagoni (L.) Jacq.", "ward": "80", "tree_id": "GN8535BG5GDC001", "status": 1}}, {"type": "Feature", "geometry": {"type": "Point", "coordinates": [77.6411706, 12.9728982]}, "properties": {"species": "Swietenia Mahagoni (L.) Jacq.", "ward": "80", "tree_id": "GN8535BG5GDH001", "status": 1}}, {"type": "Feature", "geometry": {"type": "Point", "coordinates": [77.6411706, 12.972982200000002]}, "properties": {"species": "Syzygium Cumini (L.) Skeels", "ward": "80", "tree_id": "GN8535BG5GNO001", "status": 1}}, {"type": "Feature", "geometry": {"type": "Point", "coordinates": [77.6411306, 12.973567199999998]}, "properties": {"species": "Delonix Regia (Bojer Ex Hook.) Raf.", "ward": "80", "tree_id": "GN8535BG5VWB001", "status": 1}}, {"type": "Feature", "geometry": {"type": "Point", "coordinates": [77.6411326, 12.9738642]}, "properties": {"species": "Gliricidia Sepium", "ward": "80", "tree_id": "GN8535BH5GMB001", "status": 1}}, {"type": "Feature", "geometry": {"type": "Point", "coordinates": [77.6411156, 12.974192199999997]}, "properties": {"species": "Swietenia Mahagoni (L.) Jacq.", "ward": "80", "tree_id": "GN8535BH5QGH001", "status": 1}}, {"type": "Feature", "geometry": {"type": "Point", "coordinates": [77.6410936, 12.974212200000002]}, "properties": {"species": "Swietenia Mahagoni (L.) Jacq.", "ward": "80", "tree_id": "GN8535BH5QGN001", "status": 1}}, {"type": "Feature", "geometry": {"type": "Point", "coordinates": [77.6411036, 12.9742242]}, "properties": {"species": "Swietenia Mahagoni (L.) Jacq.", "ward": "80", "tree_id": "GN8535BH5QLC001", "status": 1}}, {"type": "Feature", "geometry": {"type": "Point", "coordinates": [77.6410996, 12.974232200000001]}, "properties": {"species": "Samanea Saman (Jacq.) Merr.", "ward": "80", "tree_id": "GN8535BH5QLF001", "status": 1}}, {"type": "Feature", "geometry": {"type": "Point", "coordinates": [77.6410886, 12.974289200000001]}, "properties": {"species": "Delonix Regia (Bojer Ex Hook.) Raf.", "ward": "80", "tree_id": "GN8535BH5QQM001", "status": 1}}, {"type": "Feature", "geometry": {"type": "Point", "coordinates": [77.6410956, 12.974300199999998]}, "properties": {"species": "Swietenia Mahagoni (L.) Jacq.", "ward": "80", "tree_id": "GN8535BH5QVF001", "status": 1}}, {"type": "Feature", "geometry": {"type": "Point", "coordinates": [77.6410976, 12.974451200000003]}, "properties": {"species": "Delonix Regia (Bojer Ex Hook.) Raf.", "ward": "80", "tree_id": "GN8535BH5VQF001", "status": 1}}, {"type": "Feature", "geometry": {"type": "Point", "coordinates": [77.6410896, 12.974462199999998]}, "properties": {"species": "Pongamia Pinnata (L.) Pierre", "ward": "80", "tree_id": "GN8535BH5VQM001", "status": 1}}, {"type": "Feature", "geometry": {"type": "Point", "coordinates": [77.6410616, 12.9749512]}, "properties": {"species": "Delonix Regia (Bojer Ex Hook.) Raf.", "ward": "80", "tree_id": "GN8535BI5LKE001", "status": 1}}, {"type": "Feature", "geometry": {"type": "Point", "coordinates": [77.6410476, 12.975380200000002]}, "properties": {"species": "Saraca Asoca (Roxb.) De Wilde", "ward": "80", "tree_id": "GN8535BI5UYC001", "status": 1}}, {"type": "Feature", "geometry": {"type": "Point", "coordinates": [77.6410276, 12.975600199999999]}, "properties": {"species": "Delonix Regia (Bojer Ex Hook.) Raf.", "ward": "80", "tree_id": "GN8535BJ5FEA001", "status": 1}}, {"type": "Feature", "geometry": {"type": "Point", "coordinates": [77.6409946, 12.975909199999998]}, "properties": {"species": "Swietenia Mahagoni (L.) Jacq.", "ward": "80", "tree_id": "GN8535BJ5KSM001", "status": 1}}, {"type": "Feature", "geometry": {"type": "Point", "coordinates": [77.6410296, 12.9759172]}, "properties": {"species": "Thespesia Populnea", "ward": "80", "tree_id": "GN8535BJ5KYA001", "status": 1}}, {"type": "Feature", "geometry": {"type": "Point", "coordinates": [77.6410196, 12.9760272]}, "properties": {"species": "Swietenia Mahagoni (L.) Jacq.", "ward": "80", "tree_id": "GN8535BJ5PND001", "status": 1}}, {"type": "Feature", "geometry": {"type": "Point", "coordinates": [77.6409246, 12.976332200000002]}, "properties": {"species": "Tabebuia Rosea (Bertol) Dc.", "ward": "80", "tree_id": "GN8535GA5ABE001", "status": 1}}, {"type": "Feature", "geometry": {"type": "Point", "coordinates": [77.6409756, 12.9764882]}, "properties": {"species": "Swietenia Mahagoni (L.) Jacq.", "ward": "80", "tree_id": "GN8535GA5AWN001", "status": 1}}, {"type": "Feature", "geometry": {"type": "Point", "coordinates": [77.6409616, 12.976799200000002]}, "properties": {"species": "Delonix Regia (Bojer Ex Hook.) Raf.", "ward": "80", "tree_id": "GN8535GA5KQH001", "status": 1}}, {"type": "Feature", "geometry": {"type": "Point", "coordinates": [77.6409026, 12.976867199999997]}, "properties": {"species": "Terminalia Catappa L", "ward": "80", "tree_id": "GN8535GA5PAF001", "status": 1}}, {"type": "Feature", "geometry": {"type": "Point", "coordinates": [77.6408506, 12.977062199999999]}, "properties": {"species": "Samanea Saman (Jacq.) Merr.", "ward": "80", "tree_id": "GN8535GA4YDL001", "status": 1}}, {"type": "Feature", "geometry": {"type": "Point", "coordinates": [77.6408536, 12.977141199999998]}, "properties": {"species": "Delonix Regia (Bojer Ex Hook.) Raf.", "ward": "80", "tree_id": "GN8535GA4YNP001", "status": 1}}, {"type": "Feature", "geometry": {"type": "Point", "coordinates": [77.6408986, 12.977301199999998]}, "properties": {"species": "Delonix Regia (Bojer Ex Hook.) Raf.", "ward": "80", "tree_id": "GN8535GB5AKE001", "status": 1}}, {"type": "Feature", "geometry": {"type": "Point", "coordinates": [77.64084960000001, 12.977415200000001]}, "properties": {"species": "Delonix Regia (Bojer Ex Hook.) Raf.", "ward": "80", "tree_id": "GN8535GB4JDH001", "status": 1}}, {"type": "Feature", "geometry": {"type": "Point", "coordinates": [77.6408906, 12.9774812]}, "properties": {"species": "Delonix Regia (Bojer Ex Hook.) Raf.", "ward": "80", "tree_id": "GN8535GB4JOD001", "status": 1}}, {"type": "Feature", "geometry": {"type": "Point", "coordinates": [77.6408176, 12.977566199999998]}, "properties": {"species": "Delonix Regia (Bojer Ex Hook.) Raf.", "ward": "80", "tree_id": "GN8535GB4JWL001", "status": 1}}, {"type": "Feature", "geometry": {"type": "Point", "coordinates": [77.6408376, 12.977669199999998]}, "properties": {"species": "Delonix Regia (Bojer Ex Hook.) Raf.", "ward": "80", "tree_id": "GN8535GB4ONF001", "status": 1}}, {"type": "Feature", "geometry": {"type": "Point", "coordinates": [77.6409086, 12.977714199999998]}, "properties": {"species": "Millingtonia Hortensis L.F", "ward": "80", "tree_id": "GN8535GB5KPJ001", "status": 1}}, {"type": "Feature", "geometry": {"type": "Point", "coordinates": [77.6460156, 12.9785212]}, "properties": {"species": "Markhamia Lutea (Benth.) K.Schum", "ward": "80", "tree_id": "GN8535HC0MNG001", "status": 1}}, {"type": "Feature", "geometry": {"type": "Point", "coordinates": [77.6460836, 12.978604199999998]}, "properties": {"species": "Markhamia Lutea (Benth.) K.Schum", "ward": "80", "tree_id": "GN8535HC0NUN001", "status": 1}}, {"type": "Feature", "geometry": {"type": "Point", "coordinates": [77.6461926, 12.978623199999998]}, "properties": {"species": "Markhamia Lutea (Benth.) K.Schum", "ward": "80", "tree_id": "GN8535HC0SDF001", "status": 1}}, {"type": "Feature", "geometry": {"type": "Point", "coordinates": [77.6436546, 12.9784592]}, "properties": {"species": "Markhamia Lutea (Benth.) K.Schum", "ward": "80", "tree_id": "GN8535GC7OEC001", "status": 1}}, {"type": "Feature", "geometry": {"type": "Point", "coordinates": [77.6434306, 12.9784712]}, "properties": {"species": "Markhamia Lutea (Benth.) K.Schum", "ward": "80", "tree_id": "GN8535GC7NDG001", "status": 1}}, {"type": "Feature", "geometry": {"type": "Point", "coordinates": [77.6409166, 12.977847200000001]}, "properties": {"species": "Delonix Regia (Bojer Ex Hook.) Raf.", "ward": "80", "tree_id": "GN8535GB5PKF001", "status": 1}}, {"type": "Feature", "geometry": {"type": "Point", "coordinates": [77.6409286, 12.9778652]}, "properties": {"species": "Delonix Regia (Bojer Ex Hook.) Raf.", "ward": "80", "tree_id": "GN8535GB5PKP001", "status": 1}}, {"type": "Feature", "geometry": {"type": "Point", "coordinates": [77.6409176, 12.9780472]}, "properties": {"species": "Terminalia Catappa L", "ward": "80", "tree_id": "GN8535GB5UKN001", "status": 1}}, {"type": "Feature", "geometry": {"type": "Point", "coordinates": [77.6409556, 12.978076200000002]}, "properties": {"species": "Swietenia Mahagoni (L.) Jacq.", "ward": "80", "tree_id": "GN8535GB5UQJ001", "status": 1}}, {"type": "Feature", "geometry": {"type": "Point", "coordinates": [77.6409846, 12.978104199999999]}, "properties": {"species": "Roystonea Regia (H.B.K) O. F. Cook", "ward": "80", "tree_id": "GN8535GB5UWI001", "status": 1}}, {"type": "Feature", "geometry": {"type": "Point", "coordinates": [77.6410036, 12.9781312]}, "properties": {"species": "Others", "ward": "80", "tree_id": "GN8535GC5ACG001", "status": 1}}, {"type": "Feature", "geometry": {"type": "Point", "coordinates": [77.6410356, 12.9781322]}, "properties": {"species": "Ficus Benghalensis L.", "ward": "80", "tree_id": "GN8535GC5ADG001", "status": 1}}, {"type": "Feature", "geometry": {"type": "Point", "coordinates": [77.6410196, 12.978217199999998]}, "properties": {"species": "Terminalia Catappa L", "ward": "80", "tree_id": "GN8535GC5ANI001", "status": 1}}, {"type": "Feature", "geometry": {"type": "Point", "coordinates": [77.6411606, 12.978277199999997]}, "properties": {"species": "Syzygium Cumini (L.) Skeels", "ward": "80", "tree_id": "GN8535GC5BVH001", "status": 1}}, {"type": "Feature", "geometry": {"type": "Point", "coordinates": [77.6410196, 12.978279199999996]}, "properties": {"species": "Others", "ward": "80", "tree_id": "GN8535GC5AXE001", "status": 1}}, {"type": "Feature", "geometry": {"type": "Point", "coordinates": [77.6410766, 12.978279199999996]}, "properties": {"species": "Tabebuia Rosea (Bertol) Dc.", "ward": "80", "tree_id": "GN8535GC5AYG001", "status": 1}}, {"type": "Feature", "geometry": {"type": "Point", "coordinates": [77.6412306, 12.978304200000002]}, "properties": {"species": "Swietenia Mahagoni (L.) Jacq.", "ward": "80", "tree_id": "GN8535GC5GDD001", "status": 1}}, {"type": "Feature", "geometry": {"type": "Point", "coordinates": [77.6411466, 12.9783062]}, "properties": {"species": "Terminalia Catappa L", "ward": "80", "tree_id": "GN8535GC5GBC001", "status": 1}}, {"type": "Feature", "geometry": {"type": "Point", "coordinates": [77.6410886, 12.978318200000002]}, "properties": {"species": "Terminalia Catappa L", "ward": "80", "tree_id": "GN8535GC5FEH001", "status": 1}}, {"type": "Feature", "geometry": {"type": "Point", "coordinates": [77.6411746, 12.978318199999999]}, "properties": {"species": "Delonix Regia (Bojer Ex Hook.) Raf.", "ward": "80", "tree_id": "GN8535GC5GCF001", "status": 1}}, {"type": "Feature", "geometry": {"type": "Point", "coordinates": [77.6412306, 12.9783282]}, "properties": {"species": "Millingtonia Hortensis L.F", "ward": "80", "tree_id": "GN8535GC5GDP001", "status": 1}}, {"type": "Feature", "geometry": {"type": "Point", "coordinates": [77.6424396, 12.9784172]}, "properties": {"species": "Markhamia Lutea (Benth.) K.Schum", "ward": "80", "tree_id": "GN8535GC6IQK001", "status": 1}}, {"type": "Feature", "geometry": {"type": "Point", "coordinates": [77.6412096, 12.978335199999997]}, "properties": {"species": "Pterospermum Acerifolium (L.) Wild", "ward": "80", "tree_id": "GN8535GC5GDN001", "status": 1}}, {"type": "Feature", "geometry": {"type": "Point", "coordinates": [77.6411886, 12.9783872]}, "properties": {"species": "Terminalia Catappa L", "ward": "80", "tree_id": "GN8535GC5GMG001", "status": 1}}, {"type": "Feature", "geometry": {"type": "Point", "coordinates": [77.64136360000002, 12.978394199999997]}, "properties": {"species": "Samanea Saman (Jacq.) Merr.", "ward": "80", "tree_id": "GN8535GC5HMJ001", "status": 1}}, {"type": "Feature", "geometry": {"type": "Point", "coordinates": [77.6416936, 12.9784252]}, "properties": {"species": "Millingtonia Hortensis L.F", "ward": "80", "tree_id": "GN8535GC5JQJ001", "status": 1}}, {"type": "Feature", "geometry": {"type": "Point", "coordinates": [77.6422226, 12.9784442]}, "properties": {"species": "Markhamia Lutea (Benth.) K.Schum", "ward": "80", "tree_id": "GN8535GC6HUG001", "status": 1}}, {"type": "Feature", "geometry": {"type": "Point", "coordinates": [77.6421656, 12.978447199999998]}, "properties": {"species": "Peltophorum Pterocarpum (Dc.) Back. Ex K. Heyne", "ward": "80", "tree_id": "GN8535GC6GYE001", "status": 1}}, {"type": "Feature", "geometry": {"type": "Point", "coordinates": [77.6422006, 12.9784562]}, "properties": {"species": "Markhamia Lutea (Benth.) K.Schum", "ward": "80", "tree_id": "GN8535GC6HUI001", "status": 1}}, {"type": "Feature", "geometry": {"type": "Point", "coordinates": [77.6427426, 12.978428199999998]}, "properties": {"species": "Swietenia Mahagoni (L.) Jacq.", "ward": "80", "tree_id": "GN8535GC6JTP001", "status": 1}}, {"type": "Feature", "geometry": {"type": "Point", "coordinates": [77.6427256, 12.9784322]}, "properties": {"species": "Swietenia Mahagoni (L.) Jacq.", "ward": "80", "tree_id": "GN8535GC6JYB001", "status": 1}}, {"type": "Feature", "geometry": {"type": "Point", "coordinates": [77.6427816, 12.978432199999997]}, "properties": {"species": "Markhamia Lutea (Benth.) K.Schum", "ward": "80", "tree_id": "GN8535GC7FUD001", "status": 1}}, {"type": "Feature", "geometry": {"type": "Point", "coordinates": [77.6427686, 12.978443199999997]}, "properties": {"species": "Markhamia Lutea (Benth.) K.Schum", "ward": "80", "tree_id": "GN8535GC7FUG001", "status": 1}}, {"type": "Feature", "geometry": {"type": "Point", "coordinates": [77.6427696, 12.9784432]}, "properties": {"species": "Markhamia Lutea (Benth.) K.Schum", "ward": "80", "tree_id": "GN8535GC7FUG002", "status": 1}}, {"type": "Feature", "geometry": {"type": "Point", "coordinates": [77.6427696, 12.9784432]}, "properties": {"species": "Markhamia Lutea (Benth.) K.Schum", "ward": "80", "tree_id": "GN8535GC7FUG003", "status": 1}}, {"type": "Feature", "geometry": {"type": "Point", "coordinates": [77.6431226, 12.978466200000002]}, "properties": {"species": "Markhamia Lutea (Benth.) K.Schum", "ward": "80", "tree_id": "GN8535GC7MAA001", "status": 1}}, {"type": "Feature", "geometry": {"type": "Point", "coordinates": [77.6425976, 12.9785002]}, "properties": {"species": "Bauhinia Racemosa Lam", "ward": "80", "tree_id": "GN8535GC6OAP001", "status": 1}}, {"type": "Feature", "geometry": {"type": "Point", "coordinates": [77.6426966, 12.978514200000001]}, "properties": {"species": "Markhamia Lutea (Benth.) K.Schum", "ward": "80", "tree_id": "GN8535GC6OIG001", "status": 1}}, {"type": "Feature", "geometry": {"type": "Point", "coordinates": [77.6431806, 12.9785372]}, "properties": {"species": "Markhamia Lutea (Benth.) K.Schum", "ward": "80", "tree_id": "GN8535GC7MLC001", "status": 1}}, {"type": "Feature", "geometry": {"type": "Point", "coordinates": [77.6434346, 12.978471199999998]}, "properties": {"species": "Markhamia Lutea (Benth.) K.Schum", "ward": "80", "tree_id": "GN8535GC7NDG002", "status": 1}}, {"type": "Feature", "geometry": {"type": "Point", "coordinates": [77.6439336, 12.978494200000002]}, "properties": {"species": "Saraca Asoca (Roxb.) De Wilde", "ward": "80", "tree_id": "GN8535GC8LHA001", "status": 1}}, {"type": "Feature", "geometry": {"type": "Point", "coordinates": [77.6439336, 12.978494200000002]}, "properties": {"species": "Markhamia Lutea (Benth.) K.Schum", "ward": "80", "tree_id": "GN8535GC8LHA002", "status": 1}}, {"type": "Feature", "geometry": {"type": "Point", "coordinates": [77.6435476, 12.978504199999996]}, "properties": {"species": "Ficus Religiosa L.", "ward": "80", "tree_id": "GN8535GC7OGG001", "status": 1}}, {"type": "Feature", "geometry": {"type": "Point", "coordinates": [77.6441036, 12.978530199999998]}, "properties": {"species": "Ficus Religiosa L.", "ward": "80", "tree_id": "GN8535GC8MLC001", "status": 1}}, {"type": "Feature", "geometry": {"type": "Point", "coordinates": [77.6442386, 12.9785462]}, "properties": {"species": "Saraca Asoca (Roxb.) De Wilde", "ward": "80", "tree_id": "GN8535GC8NKJ003", "status": 1}}, {"type": "Feature", "geometry": {"type": "Point", "coordinates": [77.6442386, 12.9785462]}, "properties": {"species": "Saraca Asoca (Roxb.) De Wilde", "ward": "80", "tree_id": "GN8535GC8NKJ004", "status": 1}}, {"type": "Feature", "geometry": {"type": "Point", "coordinates": [77.6442386, 12.9785462]}, "properties": {"species": "Saraca Asoca (Roxb.) De Wilde", "ward": "80", "tree_id": "GN8535GC8NKJ002", "status": 1}}, {"type": "Feature", "geometry": {"type": "Point", "coordinates": [77.6442386, 12.9785462]}, "properties": {"species": "Saraca Asoca (Roxb.) De Wilde", "ward": "80", "tree_id": "GN8535GC8NKJ001", "status": 1}}, {"type": "Feature", "geometry": {"type": "Point", "coordinates": [77.6442386, 12.9785462]}, "properties": {"species": "Markhamia Lutea (Benth.) K.Schum", "ward": "80", "tree_id": "GN8535GC8NKJ006", "status": 1}}, {"type": "Feature", "geometry": {"type": "Point", "coordinates": [77.6451296, 12.9785012]}, "properties": {"species": "Markhamia Lutea (Benth.) K.Schum", "ward": "80", "tree_id": "GN8535GC9MJK001", "status": 1}}, {"type": "Feature", "geometry": {"type": "Point", "coordinates": [77.64462060000001, 12.978507199999997]}, "properties": {"species": "Markhamia Lutea (Benth.) K.Schum", "ward": "80", "tree_id": "GN8535GC9KFL001", "status": 1}}, {"type": "Feature", "geometry": {"type": "Point", "coordinates": [77.64465760000002, 12.978527199999998]}, "properties": {"species": "Pongamia Pinnata (L.) Pierre", "ward": "80", "tree_id": "GN8535GC9KLH001", "status": 1}}, {"type": "Feature", "geometry": {"type": "Point", "coordinates": [77.6448926, 12.9785462]}, "properties": {"species": "Delonix Regia (Bojer Ex Hook.) Raf.", "ward": "80", "tree_id": "GN8535GC9LNM001", "status": 1}}, {"type": "Feature", "geometry": {"type": "Point", "coordinates": [77.6447576, 12.978558199999997]}, "properties": {"species": "Swietenia Mahagoni (L.) Jacq.", "ward": "80", "tree_id": "GN8535GC9KTB001", "status": 1}}, {"type": "Feature", "geometry": {"type": "Point", "coordinates": [77.6448946, 12.9785792]}, "properties": {"species": "Pongamia Pinnata (L.) Pierre", "ward": "80", "tree_id": "GN8535GC9LSM001", "status": 1}}, {"type": "Feature", "geometry": {"type": "Point", "coordinates": [77.6448946, 12.9785792]}, "properties": {"species": "Markhamia Lutea (Benth.) K.Schum", "ward": "80", "tree_id": "GN8535GC9LSM002", "status": 1}}, {"type": "Feature", "geometry": {"type": "Point", "coordinates": [77.6445086, 12.978586199999999]}, "properties": {"species": "Markhamia Lutea (Benth.) K.Schum", "ward": "80", "tree_id": "GN8535GC8ORO001", "status": 1}}, {"type": "Feature", "geometry": {"type": "Point", "coordinates": [77.6447166, 12.978586199999999]}, "properties": {"species": "Ficus Benjamina L.", "ward": "80", "tree_id": "GN8535GC9KSN002", "status": 1}}, {"type": "Feature", "geometry": {"type": "Point", "coordinates": [77.6451786, 12.978528200000001]}, "properties": {"species": "Markhamia Lutea (Benth.) K.Schum", "ward": "80", "tree_id": "GN8535GC9NKH001", "status": 1}}, {"type": "Feature", "geometry": {"type": "Point", "coordinates": [77.6456556, 12.978526199999994]}, "properties": {"species": "Markhamia Lutea (Benth.) K.Schum", "ward": "80", "tree_id": "GN8535HC0KNL001", "status": 1}}, {"type": "Feature", "geometry": {"type": "Point", "coordinates": [77.6455996, 12.978537200000002]}, "properties": {"species": "Swietenia Mahagoni (L.) Jacq.", "ward": "80", "tree_id": "GN8535HC0KMN001", "status": 1}}, {"type": "Feature", "geometry": {"type": "Point", "coordinates": [77.6456186, 12.978537199999996]}, "properties": {"species": "Mangifera Indica L.", "ward": "80", "tree_id": "GN8535HC0KMP001", "status": 1}}, {"type": "Feature", "geometry": {"type": "Point", "coordinates": [77.6456026, 12.9785742]}, "properties": {"species": "Bauhinia Forficata", "ward": "80", "tree_id": "GN8535HC0KRN001", "status": 1}}, {"type": "Feature", "geometry": {"type": "Point", "coordinates": [77.6432656, 12.978542199999998]}, "properties": {"species": "Markhamia Lutea (Benth.) K.Schum", "ward": "80", "tree_id": "GN8535GC7MOE001", "status": 1}}, {"type": "Feature", "geometry": {"type": "Point", "coordinates": [77.6447136, 12.978588199999999]}, "properties": {"species": "Markhamia Lutea (Benth.) K.Schum", "ward": "80", "tree_id": "GN8535GC9KSN001", "status": 1}}, {"type": "Feature", "geometry": {"type": "Point", "coordinates": [77.6442386, 12.9785462]}, "properties": {"species": "Saraca Asoca (Roxb.) De Wilde", "ward": "80", "tree_id": "GN8535GC8NKJ005", "status": 1}}, {"type": "Feature", "geometry": {"type": "Point", "coordinates": [77.6439346, 12.9785722]}, "properties": {"species": "Markhamia Lutea (Benth.) K.Schum", "ward": "80", "tree_id": "GN8535GC8LRE002", "status": 1}}, {"type": "Feature", "geometry": {"type": "Point", "coordinates": [77.6439346, 12.9785722]}, "properties": {"species": "Peltophorum Pterocarpum (Dc.) Back. Ex K. Heyne", "ward": "80", "tree_id": "GN8535GC8LRE001", "status": 1}}, {"type": "Feature", "geometry": {"type": "Point", "coordinates": [77.6462846, 12.978678199999997]}, "properties": {"species": "Markhamia Lutea (Benth.) K.Schum", "ward": "80", "tree_id": "GN8535HC0TFP001", "status": 1}}, {"type": "Feature", "geometry": {"type": "Point", "coordinates": [77.6464726, 12.9788612]}, "properties": {"species": "Pongamia Pinnata (L.) Pierre", "ward": "80", "tree_id": "GN8535HC1UKD001", "status": 1}}, {"type": "Feature", "geometry": {"type": "Point", "coordinates": [77.6464876, 12.978995199999998]}, "properties": {"species": "Ficus Benjamina L.", "ward": "80", "tree_id": "GN8535HD1ABJ001", "status": 1}}, {"type": "Feature", "geometry": {"type": "Point", "coordinates": [77.6464566, 12.9790642]}, "properties": {"species": "Dalbergia Sissoo Roxb.", "ward": "80", "tree_id": "GN8535HD1AKJ001", "status": 1}}, {"type": "Feature", "geometry": {"type": "Point", "coordinates": [77.6465746, 12.979150200000001]}, "properties": {"species": "Swietenia Mahagoni (L.) Jacq.", "ward": "58", "tree_id": "GN8535HD1FDC001", "status": 1}}, {"type": "Feature", "geometry": {"type": "Point", "coordinates": [77.6465346, 12.979556200000003]}, "properties": {"species": "Azadirachta Indica A. Juss.", "ward": "58", "tree_id": "GN8535HD1PHF001", "status": 1}}, {"type": "Feature", "geometry": {"type": "Point", "coordinates": [77.6464136, 12.979818199999997]}, "properties": {"species": "Samanea Saman (Jacq.) Merr.", "ward": "58", "tree_id": "GN8535HD0YTE001", "status": 1}}, {"type": "Feature", "geometry": {"type": "Point", "coordinates": [77.6464136, 12.9798672]}, "properties": {"species": "Samanea Saman (Jacq.) Merr.", "ward": "58", "tree_id": "GN8535HD0YYM001", "status": 1}}, {"type": "Feature", "geometry": {"type": "Point", "coordinates": [77.6463616, 12.9798902]}, "properties": {"species": "Swietenia Mahagoni (L.) Jacq.", "ward": "58", "tree_id": "GN8535HE0ECG001", "status": 1}}, {"type": "Feature", "geometry": {"type": "Point", "coordinates": [77.6463496, 12.980030199999998]}, "properties": {"species": "Ficus Benghalensis L.", "ward": "58", "tree_id": "GN8535HE0EWF001", "status": 1}}, {"type": "Feature", "geometry": {"type": "Point", "coordinates": [77.6463816, 12.980068199999996]}, "properties": {"species": "Leucaena Latisiliqua (L.) Gillis", "ward": "58", "tree_id": "GN8535HE0JDE001", "status": 1}}, {"type": "Feature", "geometry": {"type": "Point", "coordinates": [77.6463216, 12.9801982]}, "properties": {"species": "Samanea Saman (Jacq.) Merr.", "ward": "58", "tree_id": "GN8535HE0JQN001", "status": 1}}, {"type": "Feature", "geometry": {"type": "Point", "coordinates": [77.6462036, 12.980570199999999]}, "properties": {"species": "Samanea Saman (Jacq.) Merr.", "ward": "58", "tree_id": "GN8535HE0SXA001", "status": 1}}, {"type": "Feature", "geometry": {"type": "Point", "coordinates": [77.6461666, 12.980730199999996]}, "properties": {"species": "Azadirachta Indica A. Juss.", "ward": "58", "tree_id": "GN8535HE0XRI001", "status": 1}}, {"type": "Feature", "geometry": {"type": "Point", "coordinates": [77.6461346, 12.980866199999998]}, "properties": {"species": "Swietenia Mahagoni (L.) Jacq.", "ward": "58", "tree_id": "GN8535HF0DLE001", "status": 1}}, {"type": "Feature", "geometry": {"type": "Point", "coordinates": [77.6461406, 12.9808682]}, "properties": {"species": "Terminalia Catappa L", "ward": "58", "tree_id": "GN8535HF0DLF001", "status": 1}}, {"type": "Feature", "geometry": {"type": "Point", "coordinates": [77.6459086, 12.981736199999999]}, "properties": {"species": "Simarouba Glauca Dc.", "ward": "80", "tree_id": "GN8535HG0BJH001", "status": 1}}, {"type": "Feature", "geometry": {"type": "Point", "coordinates": [77.6458586, 12.9818032]}, "properties": {"species": "Syzygium Cumini (L.) Skeels", "ward": "80", "tree_id": "GN8535HG0BSB001", "status": 1}}, {"type": "Feature", "geometry": {"type": "Point", "coordinates": [77.6458796, 12.9818822]}, "properties": {"species": "Ficus Benjamina L.", "ward": "80", "tree_id": "GN8535HG0GDH001", "status": 1}}, {"type": "Feature", "geometry": {"type": "Point", "coordinates": [77.64578360000002, 12.982149200000002]}, "properties": {"species": "Ficus Benjamina L.", "ward": "80", "tree_id": "GN8535HG0LLN001", "status": 1}}, {"type": "Feature", "geometry": {"type": "Point", "coordinates": [77.6457216, 12.982385199999998]}, "properties": {"species": "Markhamia Lutea (Benth.) K.Schum", "ward": "80", "tree_id": "GN8535HG0PYG001", "status": 1}}, {"type": "Feature", "geometry": {"type": "Point", "coordinates": [77.6458926, 12.9824972]}, "properties": {"species": "Ficus Religiosa L.", "ward": "58", "tree_id": "GN8535HG0VOE001", "status": 1}}, {"type": "Feature", "geometry": {"type": "Point", "coordinates": [77.6458656, 12.9827052]}, "properties": {"species": "Syzygium Cumini (L.) Skeels", "ward": "58", "tree_id": "GN8535HH0BSB001", "status": 1}}, {"type": "Feature", "geometry": {"type": "Point", "coordinates": [77.6456706, 12.982823199999999]}, "properties": {"species": "Tabebuia Rosea (Bertol) Dc.", "ward": "80", "tree_id": "GN8535HH0FIE001", "status": 1}}, {"type": "Feature", "geometry": {"type": "Point", "coordinates": [77.6458506, 12.982824199999998]}, "properties": {"species": "Terminalia Catappa L", "ward": "58", "tree_id": "GN8535HH0GHH001", "status": 1}}, {"type": "Feature", "geometry": {"type": "Point", "coordinates": [77.6457516, 12.9828322]}, "properties": {"species": "Muntingia Calabura L.", "ward": "58", "tree_id": "GN8535HH0GFI001", "status": 1}}, {"type": "Feature", "geometry": {"type": "Point", "coordinates": [77.6456166, 12.9829032]}, "properties": {"species": "Ficus Benjamina L.", "ward": "80", "tree_id": "GN8535HH0FQK001", "status": 1}}, {"type": "Feature", "geometry": {"type": "Point", "coordinates": [77.6457906, 12.982959200000002]}, "properties": {"species": "Swietenia Mahagoni (L.) Jacq.", "ward": "58", "tree_id": "GN8535HH0LBB001", "status": 1}}, {"type": "Feature", "geometry": {"type": "Point", "coordinates": [77.6456016, 12.983037200000002]}, "properties": {"species": "Others", "ward": "80", "tree_id": "GN8535HH0KLE001", "status": 1}}, {"type": "Feature", "geometry": {"type": "Point", "coordinates": [77.6457256, 12.9830622]}, "properties": {"species": "Swietenia Mahagoni (L.) Jacq.", "ward": "58", "tree_id": "GN8535HH0KTB001", "status": 1}}, {"type": "Feature", "geometry": {"type": "Point", "coordinates": [77.6455776, 12.983064199999998]}, "properties": {"species": "Ficus Benjamina L.", "ward": "80", "tree_id": "GN8535HH0KPB001", "status": 1}}, {"type": "Feature", "geometry": {"type": "Point", "coordinates": [77.6455436, 12.983184200000002]}, "properties": {"species": "Ficus Benjamina L.", "ward": "80", "tree_id": "GN8535GH9TJF001", "status": 1}}, {"type": "Feature", "geometry": {"type": "Point", "coordinates": [77.6455856, 12.983237199999998]}, "properties": {"species": "Ficus Benjamina L.", "ward": "80", "tree_id": "GN8535HH0PKO001", "status": 1}}, {"type": "Feature", "geometry": {"type": "Point", "coordinates": [77.6456136, 12.983256200000001]}, "properties": {"species": "Averrhoa Carambola L.", "ward": "80", "tree_id": "GN8535HH0PQF007", "status": 1}}, {"type": "Feature", "geometry": {"type": "Point", "coordinates": [77.6456136, 12.983256200000001]}, "properties": {"species": "Averrhoa Carambola L.", "ward": "80", "tree_id": "GN8535HH0PQF019", "status": 1}}, {"type": "Feature", "geometry": {"type": "Point", "coordinates": [77.6452406, 12.984863199999996]}, "properties": {"species": "Ficus Benjamina L.", "ward": "80", "tree_id": "GN8535GJ9NKP001", "status": 1}}, {"type": "Feature", "geometry": {"type": "Point", "coordinates": [77.6451496, 12.985023199999999]}, "properties": {"species": "Tabebuia Rosea (Bertol) Dc.", "ward": "80", "tree_id": "GN8535GJ9RNB001", "status": 1}}, {"type": "Feature", "geometry": {"type": "Point", "coordinates": [77.6451626, 12.985070199999997]}, "properties": {"species": "Others", "ward": "80", "tree_id": "GN8535GJ9RSG001", "status": 1}}, {"type": "Feature", "geometry": {"type": "Point", "coordinates": [77.6451216, 12.9850972]}, "properties": {"species": "Syzygium Cumini (L.) Skeels", "ward": "80", "tree_id": "GN8535GJ9RWB001", "status": 1}}, {"type": "Feature", "geometry": {"type": "Point", "coordinates": [77.6456136, 12.983256200000001]}, "properties": {"species": "Artocarpus Altitilis (Park.) Fosb.", "ward": "80", "tree_id": "GN8535HH0PQF027", "status": 1}}, {"type": "Feature", "geometry": {"type": "Point", "coordinates": [77.6456136, 12.983256200000001]}, "properties": {"species": "Plumeria Rubra L. Forma Tricolor", "ward": "80", "tree_id": "GN8535HH0PQF025", "status": 1}}, {"type": "Feature", "geometry": {"type": "Point", "coordinates": [77.6456136, 12.983256200000001]}, "properties": {"species": "Thespesia Populnea", "ward": "80", "tree_id": "GN8535HH0PQF032", "status": 1}}, {"type": "Feature", "geometry": {"type": "Point", "coordinates": [77.6456136, 12.983256200000001]}, "properties": {"species": "Tabebuia Rosea (Bertol) Dc.", "ward": "80", "tree_id": "GN8535HH0PQF033", "status": 1}}, {"type": "Feature", "geometry": {"type": "Point", "coordinates": [77.6456136, 12.983256200000001]}, "properties": {"species": "Averrhoa Carambola L.", "ward": "80", "tree_id": "GN8535HH0PQF034", "status": 1}}, {"type": "Feature", "geometry": {"type": "Point", "coordinates": [77.6456136, 12.983256200000001]}, "properties": {"species": "Averrhoa Carambola L.", "ward": "80", "tree_id": "GN8535HH0PQF001", "status": 1}}, {"type": "Feature", "geometry": {"type": "Point", "coordinates": [77.6456136, 12.983256200000001]}, "properties": {"species": "Swietenia Mahagoni (L.) Jacq.", "ward": "80", "tree_id": "GN8535HH0PQF003", "status": 1}}, {"type": "Feature", "geometry": {"type": "Point", "coordinates": [77.6456136, 12.983256200000001]}, "properties": {"species": "Pongamia Pinnata (L.) Pierre", "ward": "80", "tree_id": "GN8535HH0PQF037", "status": 1}}, {"type": "Feature", "geometry": {"type": "Point", "coordinates": [77.6456136, 12.983256200000001]}, "properties": {"species": "Michelia Champaca L", "ward": "80", "tree_id": "GN8535HH0PQF035", "status": 1}}, {"type": "Feature", "geometry": {"type": "Point", "coordinates": [77.6456136, 12.983256200000001]}, "properties": {"species": "Ficus Racemosa L.", "ward": "80", "tree_id": "GN8535HH0PQF018", "status": 1}}, {"type": "Feature", "geometry": {"type": "Point", "coordinates": [77.6456136, 12.983256200000001]}, "properties": {"species": "Markhamia Lutea (Benth.) K.Schum", "ward": "80", "tree_id": "GN8535HH0PQF013", "status": 1}}, {"type": "Feature", "geometry": {"type": "Point", "coordinates": [77.6456136, 12.983256200000001]}, "properties": {"species": "Pongamia Pinnata (L.) Pierre", "ward": "80", "tree_id": "GN8535HH0PQF014", "status": 1}}, {"type": "Feature", "geometry": {"type": "Point", "coordinates": [77.6456136, 12.983256200000001]}, "properties": {"species": "Pongamia Pinnata (L.) Pierre", "ward": "80", "tree_id": "GN8535HH0PQF031", "status": 1}}, {"type": "Feature", "geometry": {"type": "Point", "coordinates": [77.6456136, 12.983256200000001]}, "properties": {"species": "Markhamia Lutea (Benth.) K.Schum", "ward": "80", "tree_id": "GN8535HH0PQF011", "status": 1}}, {"type": "Feature", "geometry": {"type": "Point", "coordinates": [77.6456136, 12.983256200000001]}, "properties": {"species": "Pongamia Pinnata (L.) Pierre", "ward": "80", "tree_id": "GN8535HH0PQF036", "status": 1}}, {"type": "Feature", "geometry": {"type": "Point", "coordinates": [77.6456136, 12.983256200000001]}, "properties": {"species": "Delonix Regia (Bojer Ex Hook.) Raf.", "ward": "80", "tree_id": "GN8535HH0PQF023", "status": 1}}, {"type": "Feature", "geometry": {"type": "Point", "coordinates": [77.6456136, 12.983256200000001]}, "properties": {"species": "Leucaena Latisiliqua (L.) Gillis", "ward": "80", "tree_id": "GN8535HH0PQF016", "status": 1}}, {"type": "Feature", "geometry": {"type": "Point", "coordinates": [77.6456136, 12.983256200000001]}, "properties": {"species": "Roystonea Regia (H.B.K) O. F. Cook", "ward": "80", "tree_id": "GN8535HH0PQF020", "status": 1}}, {"type": "Feature", "geometry": {"type": "Point", "coordinates": [77.6456136, 12.983256200000001]}, "properties": {"species": "Plumeria Rubra L. Forma Tricolor", "ward": "80", "tree_id": "GN8535HH0PQF024", "status": 1}}, {"type": "Feature", "geometry": {"type": "Point", "coordinates": [77.6456136, 12.983256200000001]}, "properties": {"species": "Tabebuia Rosea (Bertol) Dc.", "ward": "80", "tree_id": "GN8535HH0PQF026", "status": 1}}, {"type": "Feature", "geometry": {"type": "Point", "coordinates": [77.6456136, 12.983256200000001]}, "properties": {"species": "Swietenia Mahagoni (L.) Jacq.", "ward": "80", "tree_id": "GN8535HH0PQF002", "status": 1}}, {"type": "Feature", "geometry": {"type": "Point", "coordinates": [77.6456136, 12.983256200000001]}, "properties": {"species": "Terminalia Catappa L", "ward": "80", "tree_id": "GN8535HH0PQF021", "status": 1}}, {"type": "Feature", "geometry": {"type": "Point", "coordinates": [77.6456136, 12.983256200000001]}, "properties": {"species": "Markhamia Lutea (Benth.) K.Schum", "ward": "80", "tree_id": "GN8535HH0PQF009", "status": 1}}, {"type": "Feature", "geometry": {"type": "Point", "coordinates": [77.6456136, 12.983256200000001]}, "properties": {"species": "Markhamia Lutea (Benth.) K.Schum", "ward": "80", "tree_id": "GN8535HH0PQF028", "status": 1}}, {"type": "Feature", "geometry": {"type": "Point", "coordinates": [77.6456136, 12.983256200000001]}, "properties": {"species": "Markhamia Lutea (Benth.) K.Schum", "ward": "80", "tree_id": "GN8535HH0PQF008", "status": 1}}, {"type": "Feature", "geometry": {"type": "Point", "coordinates": [77.6456136, 12.983256200000001]}, "properties": {"species": "Markhamia Lutea (Benth.) K.Schum", "ward": "80", "tree_id": "GN8535HH0PQF010", "status": 1}}, {"type": "Feature", "geometry": {"type": "Point", "coordinates": [77.6456136, 12.983256200000001]}, "properties": {"species": "Markhamia Lutea (Benth.) K.Schum", "ward": "80", "tree_id": "GN8535HH0PQF022", "status": 1}}, {"type": "Feature", "geometry": {"type": "Point", "coordinates": [77.6456136, 12.983256200000001]}, "properties": {"species": "Pongamia Pinnata (L.) Pierre", "ward": "80", "tree_id": "GN8535HH0PQF015", "status": 1}}, {"type": "Feature", "geometry": {"type": "Point", "coordinates": [77.6456136, 12.983256200000001]}, "properties": {"species": "Muntingia Calabura L.", "ward": "80", "tree_id": "GN8535HH0PQF006", "status": 1}}, {"type": "Feature", "geometry": {"type": "Point", "coordinates": [77.6456136, 12.983256200000001]}, "properties": {"species": "Ficus Religiosa L.", "ward": "80", "tree_id": "GN8535HH0PQF012", "status": 1}}, {"type": "Feature", "geometry": {"type": "Point", "coordinates": [77.6435856, 12.985049199999999]}, "properties": {"species": "Markhamia Lutea (Benth.) K.Schum", "ward": "80", "tree_id": "GN8535GJ7TKH001", "status": 1}}, {"type": "Feature", "geometry": {"type": "Point", "coordinates": [77.64379160000001, 12.9850692]}, "properties": {"species": "Peltophorum Pterocarpum (Dc.) Back. Ex K. Heyne", "ward": "80", "tree_id": "GN8535GJ8PQB001", "status": 1}}, {"type": "Feature", "geometry": {"type": "Point", "coordinates": [77.6440296, 12.985220199999999]}, "properties": {"species": "Muntingia Calabura L.", "ward": "80", "tree_id": "GN8535GJ8VMH001", "status": 1}}, {"type": "Feature", "geometry": {"type": "Point", "coordinates": [77.6455956, 12.983769199999996]}, "properties": {"species": "Terminalia Catappa L", "ward": "58", "tree_id": "GN8535HI0FKK001", "status": 1}}, {"type": "Feature", "geometry": {"type": "Point", "coordinates": [77.6454796, 12.983774199999997]}, "properties": {"species": "Syzygium Cumini (L.) Skeels", "ward": "80", "tree_id": "GN8535GI9JMK001", "status": 1}}, {"type": "Feature", "geometry": {"type": "Point", "coordinates": [77.6455556, 12.9837772]}, "properties": {"species": "Terminalia Catappa L", "ward": "58", "tree_id": "GN8535GI9JOO001", "status": 1}}, {"type": "Feature", "geometry": {"type": "Point", "coordinates": [77.64552360000002, 12.9838482]}, "properties": {"species": "Swietenia Mahagoni (L.) Jacq.", "ward": "58", "tree_id": "GN8535GI9JXL001", "status": 1}}, {"type": "Feature", "geometry": {"type": "Point", "coordinates": [77.6455616, 12.9838802]}, "properties": {"species": "Samanea Saman (Jacq.) Merr.", "ward": "58", "tree_id": "GN8535GI9OEL001", "status": 1}}, {"type": "Feature", "geometry": {"type": "Point", "coordinates": [77.6454216, 12.983915199999998]}, "properties": {"species": "Ficus Benjamina L.", "ward": "80", "tree_id": "GN8535GI9OFL001", "status": 1}}, {"type": "Feature", "geometry": {"type": "Point", "coordinates": [77.6455786, 12.9839842]}, "properties": {"species": "Markhamia Lutea (Benth.) K.Schum", "ward": "58", "tree_id": "GN8535HI0KPI001", "status": 1}}, {"type": "Feature", "geometry": {"type": "Point", "coordinates": [77.6455736, 12.983994200000001]}, "properties": {"species": "Swietenia Mahagoni (L.) Jacq.", "ward": "58", "tree_id": "GN8535HI0KPM001", "status": 1}}, {"type": "Feature", "geometry": {"type": "Point", "coordinates": [77.6453976, 12.984038199999999]}, "properties": {"species": "Ficus Benjamina L.", "ward": "80", "tree_id": "GN8535GI9OUN001", "status": 1}}, {"type": "Feature", "geometry": {"type": "Point", "coordinates": [77.6455146, 12.984037200000001]}, "properties": {"species": "Swietenia Mahagoni (L.) Jacq.", "ward": "58", "tree_id": "GN8535GI9OXN001", "status": 1}}, {"type": "Feature", "geometry": {"type": "Point", "coordinates": [77.6455906, 12.9840442]}, "properties": {"species": "Swietenia Mahagoni (L.) Jacq.", "ward": "58", "tree_id": "GN8535HI0PAC001", "status": 1}}, {"type": "Feature", "geometry": {"type": "Point", "coordinates": [77.6453306, 12.9840692]}, "properties": {"species": "Ficus Benjamina L.", "ward": "80", "tree_id": "GN8535GI9SDN001", "status": 1}}, {"type": "Feature", "geometry": {"type": "Point", "coordinates": [77.6455796, 12.984170199999998]}, "properties": {"species": "Terminalia Catappa L", "ward": "58", "tree_id": "GN8535HI0PPI001", "status": 1}}, {"type": "Feature", "geometry": {"type": "Point", "coordinates": [77.6453576, 12.9841782]}, "properties": {"species": "Ficus Benjamina L.", "ward": "80", "tree_id": "GN8535GI9STM001", "status": 1}}, {"type": "Feature", "geometry": {"type": "Point", "coordinates": [77.6454856, 12.984228199999997]}, "properties": {"species": "Samanea Saman (Jacq.) Merr.", "ward": "58", "tree_id": "GN8535GI9YCC001", "status": 1}}, {"type": "Feature", "geometry": {"type": "Point", "coordinates": [77.6454476, 12.984265199999998]}, "properties": {"species": "Samanea Saman (Jacq.) Merr.", "ward": "58", "tree_id": "GN8535GI9YGG001", "status": 1}}, {"type": "Feature", "geometry": {"type": "Point", "coordinates": [77.6454176, 12.984303199999998]}, "properties": {"species": "Samanea Saman (Jacq.) Merr.", "ward": "58", "tree_id": "GN8535GI9YKH001", "status": 1}}, {"type": "Feature", "geometry": {"type": "Point", "coordinates": [77.6452696, 12.984310199999998]}, "properties": {"species": "Ficus Benjamina L.", "ward": "80", "tree_id": "GN8535GI9XLG001", "status": 1}}, {"type": "Feature", "geometry": {"type": "Point", "coordinates": [77.6453546, 12.9844562]}, "properties": {"species": "Ficus Benjamina L.", "ward": "80", "tree_id": "GN8535GJ9DIL001", "status": 1}}, {"type": "Feature", "geometry": {"type": "Point", "coordinates": [77.6454086, 12.9844692]}, "properties": {"species": "Swietenia Mahagoni (L.) Jacq.", "ward": "58", "tree_id": "GN8535GJ9EFN001", "status": 1}}, {"type": "Feature", "geometry": {"type": "Point", "coordinates": [77.6453836, 12.984541199999997]}, "properties": {"species": "Swietenia Mahagoni (L.) Jacq.", "ward": "58", "tree_id": "GN8535GJ9DTP001", "status": 1}}, {"type": "Feature", "geometry": {"type": "Point", "coordinates": [77.6452846, 12.9846982]}, "properties": {"species": "Ficus Benjamina L.", "ward": "80", "tree_id": "GN8535GJ9IRA001", "status": 1}}, {"type": "Feature", "geometry": {"type": "Point", "coordinates": [77.6453446, 12.984733200000003]}, "properties": {"species": "Terminalia Catappa L", "ward": "58", "tree_id": "GN8535GJ9IXC001", "status": 1}}, {"type": "Feature", "geometry": {"type": "Point", "coordinates": [77.6453626, 12.984748199999997]}, "properties": {"species": "Thespesia Populnea", "ward": "58", "tree_id": "GN8535GJ9IYI001", "status": 1}}, {"type": "Feature", "geometry": {"type": "Point", "coordinates": [77.6453176, 12.984789199999998]}, "properties": {"species": "Swietenia Mahagoni (L.) Jacq.", "ward": "58", "tree_id": "GN8535GJ9NCL001", "status": 1}}, {"type": "Feature", "geometry": {"type": "Point", "coordinates": [77.6453456, 12.984940199999997]}, "properties": {"species": "Eugenia Uniflora L", "ward": "58", "tree_id": "GN8535GJ9NXO001", "status": 1}}, {"type": "Feature", "geometry": {"type": "Point", "coordinates": [77.6452896, 12.985074200000001]}, "properties": {"species": "Samanea Saman (Jacq.) Merr.", "ward": "58", "tree_id": "GN8535GJ9SRI001", "status": 1}}, {"type": "Feature", "geometry": {"type": "Point", "coordinates": [77.6452266, 12.985148199999998]}, "properties": {"species": "Swietenia Mahagoni (L.) Jacq.", "ward": "58", "tree_id": "GN8535GJ9XAJ001", "status": 1}}, {"type": "Feature", "geometry": {"type": "Point", "coordinates": [77.6452016, 12.9853722]}, "properties": {"species": "Tabebuia Rosea (Bertol) Dc.", "ward": "58", "tree_id": "GN8535LA9CJO001", "status": 1}}, {"type": "Feature", "geometry": {"type": "Point", "coordinates": [77.64505460000001, 12.9853962]}, "properties": {"species": "Ailanthus Triphysa (Dennst.) Alston", "ward": "80", "tree_id": "GN8535LA9CKG001", "status": 1}}, {"type": "Feature", "geometry": {"type": "Point", "coordinates": [77.6450516, 12.985521199999999]}, "properties": {"species": "Tabebuia Rosea (Bertol) Dc.", "ward": "80", "tree_id": "GN8535LA9HAN001", "status": 1}}, {"type": "Feature", "geometry": {"type": "Point", "coordinates": [77.6449906, 12.985587199999996]}, "properties": {"species": "Peltophorum Pterocarpum (Dc.) Back. Ex K. Heyne", "ward": "80", "tree_id": "GN8535LA9GNL001", "status": 1}}, {"type": "Feature", "geometry": {"type": "Point", "coordinates": [77.6451656, 12.9857622]}, "properties": {"species": "Peltophorum Pterocarpum (Dc.) Back. Ex K. Heyne", "ward": "58", "tree_id": "GN8535LA9MNJ001", "status": 1}}, {"type": "Feature", "geometry": {"type": "Point", "coordinates": [77.6452926, 12.985383199999998]}, "properties": {"species": "Others", "ward": "58", "tree_id": "GN8535LA9DMA001", "status": 1}}, {"type": "Feature", "geometry": {"type": "Point", "coordinates": [77.6453206, 12.985399200000002]}, "properties": {"species": "Muntingia Calabura L.", "ward": "58", "tree_id": "GN8535LA9DML001", "status": 1}}, {"type": "Feature", "geometry": {"type": "Point", "coordinates": [77.6452636, 12.985463199999998]}, "properties": {"species": "Muntingia Calabura L.", "ward": "58", "tree_id": "GN8535LA9DVE001", "status": 1}}, {"type": "Feature", "geometry": {"type": "Point", "coordinates": [77.6456136, 12.983256200000001]}, "properties": {"species": "Averrhoa Carambola L.", "ward": "80", "tree_id": "GN8535HH0PQF005", "status": 1}}, {"type": "Feature", "geometry": {"type": "Point", "coordinates": [77.6456136, 12.983256200000001]}, "properties": {"species": "Leucaena Latisiliqua (L.) Gillis", "ward": "80", "tree_id": "GN8535HH0PQF029", "status": 1}}, {"type": "Feature", "geometry": {"type": "Point", "coordinates": [77.6456136, 12.983256200000001]}, "properties": {"species": "Acacia Auriculiformis Cunn. Ex Benth", "ward": "80", "tree_id": "GN8535HH0PQF017", "status": 1}}, {"type": "Feature", "geometry": {"type": "Point", "coordinates": [77.6456136, 12.983256200000001]}, "properties": {"species": "Averrhoa Carambola L.", "ward": "80", "tree_id": "GN8535HH0PQF030", "status": 1}}, {"type": "Feature", "geometry": {"type": "Point", "coordinates": [77.6456136, 12.983256200000001]}, "properties": {"species": "Averrhoa Carambola L.", "ward": "80", "tree_id": "GN8535HH0PQF004", "status": 1}}, {"type": "Feature", "geometry": {"type": "Point", "coordinates": [77.6457106, 12.9833772]}, "properties": {"species": "Swietenia Mahagoni (L.) Jacq.", "ward": "58", "tree_id": "GN8535HH0UIP001", "status": 1}}, {"type": "Feature", "geometry": {"type": "Point", "coordinates": [77.6455976, 12.9835242]}, "properties": {"species": "Azadirachta Indica A. Juss.", "ward": "58", "tree_id": "GN8535HI0AAP001", "status": 1}}, {"type": "Feature", "geometry": {"type": "Point", "coordinates": [77.6456396, 12.983570199999999]}, "properties": {"species": "Swietenia Mahagoni (L.) Jacq.", "ward": "58", "tree_id": "GN8535HI0ALD001", "status": 1}}, {"type": "Feature", "geometry": {"type": "Point", "coordinates": [77.6456136, 12.983704200000004]}, "properties": {"species": "Terminalia Catappa L", "ward": "58", "tree_id": "GN8535HI0FBM001", "status": 1}}, {"type": "Feature", "geometry": {"type": "Point", "coordinates": [77.6466606, 12.9864182]}, "properties": {"species": "Tabebuia Rosea (Bertol) Dc.", "ward": "79", "tree_id": "GN8535MB1FID001", "status": 1}}, {"type": "Feature", "geometry": {"type": "Point", "coordinates": [77.6474446, 12.986660199999998]}, "properties": {"species": "Peltophorum Pterocarpum (Dc.) Back. Ex K. Heyne", "ward": "58", "tree_id": "GN8535MB2KPA001", "status": 1}}]}