{"type": "FeatureCollection", "features": [{"type": "Feature", "geometry": {"type": "MultiPolygon", "coordinates": [[[[77.62081117789364, 12.92744185575714], [77.6209498838062, 12.92739268954983], [77.62094946385217, 12.92739162889835], [77.62102539740015, 12.92736548070026], [77.62102103919887, 12.92735384303291], [77.62098668246169, 12.92726210053643], [77.62098355364289, 12.92725374567902], [77.62096050420284, 12.92719219695914], [77.6209349973692, 12.92712408628256], [77.62093261367153, 12.92711772111549], [77.62090554716889, 12.92704544566874], [77.62085862230033, 12.92692014260018], [77.62085024310024, 12.92689831030014], [77.62085024336723, 12.92689828489326], [77.62085024450032, 12.92689825490017], [77.62085024645023, 12.92689822335029], [77.62085024977574, 12.92689818832179], [77.62085025525032, 12.92689814480012], [77.62085026030012, 12.92689811355012], [77.62085026620032, 12.92689808245024], [77.62085027598306, 12.92689803962669], [77.62085028485028, 12.92689800555031], [77.62085029375037, 12.92689797515027], [77.62085030765995, 12.92689793344691], [77.62085032441986, 12.9268978889021], [77.62085033795016, 12.92689785635018], [77.62085035100024, 12.92689782745009], [77.6208503649002, 12.92689779890033], [77.62085037960024, 12.92689777075021], [77.62085039505013, 12.92689774300033], [77.6208504133049, 12.92689771266016], [77.62085043710022, 12.9268976755002], [77.62085045520026, 12.92689764935028], [77.62085048157523, 12.92689761393625], [77.62085050365017, 12.92689758615035], [77.62085052420014, 12.92689756180023], [77.62085055395274, 12.92689752906394], [77.6208505785503, 12.92689750345027], [77.62085060150027, 12.92689748120035], [77.62085062495031, 12.92689745950038], [77.62085064900019, 12.92689743850026], [77.62085067370032, 12.92689741810022], [77.6208506989002, 12.92689739840022], [77.62085073485815, 12.92689737231728], [77.62085077475884, 12.92689734551864], [77.62085080500025, 12.92689732660021], [77.62085083275032, 12.92689731045033], [77.62085086090025, 12.92689729505037], [77.62085088950029, 12.92689728045013], [77.62085091850037, 12.92689726665033], [77.62085095938467, 12.92689724880808], [77.62085099260018, 12.92689723545005], [77.62085102280027, 12.92689722445017], [77.62085105335018, 12.92689721415028], [77.62085108410018, 12.92689720475032], [77.62085111510027, 12.92689719620024], [77.62085114640023, 12.92689718845032], [77.62085117790019, 12.92689718160032], [77.62085120950032, 12.92689717550012], [77.6208512413504, 12.9268971703002], [77.62085127330032, 12.92689716600016], [77.62085130530032, 12.92689716255036], [77.62085133745025, 12.92689715995028], [77.62085136965025, 12.92689715815008], [77.62085140185029, 12.92689715730028], [77.62085143415034, 12.92689715730028], [77.6208514663503, 12.92689715815008], [77.62085149855034, 12.92689715985028], [77.6208515307003, 12.92689716245032], [77.62085156270031, 12.92689716595028], [77.62085159822261, 12.92689717088002], [77.62085164230024, 12.92689717830024], [77.62085168603186, 12.9268971876275], [77.62085172090032, 12.92689719605028], [77.62085175535384, 12.92689720575312], [77.6208517980002, 12.92689721905036], [77.62085183997982, 12.92689723406983], [77.62085188477636, 12.92689725202063], [77.62085191750022, 12.92689726635013], [77.6208519465003, 12.92689728025033], [77.62085198602388, 12.92689730076688], [77.62085202789439, 12.92689732451872], [77.62085205835018, 12.92689734320033], [77.62085208515028, 12.92689736074998], [77.62085211427741, 12.926897381225], [77.62085214990027, 12.92689740780018], [77.62085217485024, 12.9268974278503], [77.6208521992002, 12.92689744855018], [77.62085222300016, 12.92689746990023], [77.62085224620029, 12.92689749185031], [77.62085226875024, 12.92689751445035], [77.62085229070033, 12.92689753765031], [77.62085231195017, 12.92689756140015], [77.62085233255021, 12.92689758575028], [77.62085475830013, 12.92690165140017], [77.62085721190017, 12.92690569190018], [77.62085969820022, 12.92690971310024], [77.62086221710031, 12.92691371470021], [77.62086476840028, 12.92691769660018], [77.62086735190026, 12.92692165830027], [77.62086996760031, 12.92692559980019], [77.62087261520033, 12.92692952070008], [77.62087529450027, 12.92693342080024], [77.62087800540026, 12.92693729980008], [77.62088074770013, 12.92694115750004], [77.62088352130031, 12.9269449937002], [77.62088632590023, 12.9269488081002], [77.62088916150026, 12.92695260039999], [77.62089202770018, 12.92695637049998], [77.62089492450029, 12.92696011800025], [77.62089785160026, 12.92696384280028], [77.6209008088003, 12.92696754460019], [77.62090379600028, 12.92697122320021], [77.62090681300025, 12.92697487830027], [77.62090985960022, 12.92697850980018], [77.6209129356003, 12.9269821173002], [77.62091604080028, 12.92698570059993], [77.62091917500022, 12.9269892596003], [77.62092233800017, 12.92699279400028], [77.62092552960023, 12.92699630360001], [77.62092874950014, 12.92699978810014], [77.62093199770028, 12.92700324730022], [77.6209352739002, 12.92700668110031], [77.62093857790028, 12.92701008910023], [77.62094190940019, 12.92701347120015], [77.62094526830019, 12.92701682720023], [77.62094865430026, 12.92702015690015], [77.62095206730011, 12.92702345990018], [77.62095550690019, 12.92702673620029], [77.62095897310031, 12.92702998549992], [77.62096246560013, 12.92703320770022], [77.62096598410027, 12.92703640240001], [77.62096952840024, 12.92703956950019], [77.62097309840017, 12.92704270890021], [77.62097669370023, 12.92704582030007], [77.62098031420021, 12.92704890340024], [77.62098395960011, 12.92705195820018], [77.62098762970025, 12.92705498439995], [77.62099132430023, 12.92705798180016], [77.62099504310027, 12.92706095030008], [77.6209987858003, 12.92706388960029], [77.62100255240028, 12.92706679960013], [77.62100634240028, 12.92706968000028], [77.62101015570016, 12.9270725308002], [77.62101399200031, 12.92707535160016], [77.62101785120024, 12.92707814240027], [77.62102173280016, 12.92708090300021], [77.62102563680033, 12.92708363310028], [77.62102956280029, 12.92708633270022], [77.62103351060021, 12.9270890014002], [77.62103748000014, 12.92709163930022], [77.62104147060019, 12.92709424600012], [77.62104548230029, 12.92709682150013], [77.62104951480013, 12.92709936560014], [77.62105356780023, 12.92710187810023], [77.62105764110017, 12.9271043588002], [77.62106173440027, 12.92710680760024], [77.62106584750029, 12.92710922440016], [77.62106998000019, 12.92711160890024], [77.6210741318003, 12.92711396110031], [77.6210783026002, 12.92711628070026], [77.62108249200031, 12.92711856770017], [77.62108669990026, 12.9271208219], [77.62109092600012, 12.92712304320014], [77.62109517000027, 12.92712523130016], [77.62109943160027, 12.92712738630022], [77.62110371060015, 12.9271295078002], [77.62110800670018, 12.92713159590021], [77.6211123196003, 12.92713365030006], [77.62111664900021, 12.92713567090027], [77.62112099470018, 12.92713765769996], [77.62112535650017, 12.92713961040024], [77.6211297339003, 12.92714152900027], [77.62113412680019, 12.92714341340023], [77.62113853480027, 12.92714526330026], [77.62114295770016, 12.92714707880013], [77.62114739520028, 12.9271488596002], [77.6211518471003, 12.92715060569999], [77.6211563130003, 12.92715231700025], [77.62116079260028, 12.92715399330023], [77.6211652857002, 12.92715563460028], [77.62116979200026, 12.9271572407003], [77.62117431120019, 12.92715881150031], [77.62117884300021, 12.92716034700019], [77.62118338720022, 12.92716184700016], [77.62118794330028, 12.92716331150012], [77.6211925113003, 12.92716474030016], [77.62119709060028, 12.92716613340019], [77.62120168120013, 12.92716749060018], [77.62120628260016, 12.92716881200029], [77.62121089460014, 12.92717009730012], [77.62121551690025, 12.92717134660018], [77.62122014920027, 12.92717255970016], [77.62122479120029, 12.92717373660018], [77.62122944260028, 12.92717487720016], [77.62123410320014, 12.92717598140029], [77.62123877250029, 12.92717704910018], [77.6212434504002, 12.92717808029998], [77.62124813650018, 12.92717907500014], [77.62125283050021, 12.92718003300022], [77.62125753220029, 12.92718095430026], [77.62126224110015, 12.92718183880021], [77.62126695720026, 12.9271826865002], [77.62127167990029, 12.92718349730019], [77.62127640910029, 12.92718427120025], [77.62128114440024, 12.9271850081002], [77.62128588560023, 12.92718570800025], [77.62129063230014, 12.92718637090019], [77.62129538420022, 12.92718699660024], [77.62130014110029, 12.92718758520017], [77.62130490260029, 12.92718813650013], [77.62130966840016, 12.92718865070022], [77.62131443820016, 12.92718912760018], [77.62131921180016, 12.92718956720017], [77.62132398880027, 12.9271899695002], [77.6213287688003, 12.92719033450016], [77.62133355180026, 12.92719066210014], [77.62133833720026, 12.92719095240017], [77.62134312480025, 12.92719120520031], [77.62134791430024, 12.92719142060024], [77.62135270540024, 12.92719159860006], [77.62135749780016, 12.92719173909995], [77.62136229120028, 12.92719184220028], [77.62136708530015, 12.92719190780021], [77.62137187980028, 12.92719193600021], [77.62137667430015, 12.92719192670029], [77.62138146860026, 12.92719188000024], [77.62138626240026, 12.9271917958002], [77.62139105540022, 12.92719167410023], [77.62139584720022, 12.92719151500029], [77.62140063750029, 12.92719131840024], [77.62140542620021, 12.92719108450022], [77.62141021270013, 12.92719081310024], [77.62141499690016, 12.92719050430033], [77.6214197785002, 12.9271901582003], [77.62142455710027, 12.92718977470031], [77.62142933240027, 12.92718935390019], [77.62143410410026, 12.92718889570012], [77.6214388720001, 12.92718840030016], [77.62144363570029, 12.92718786770023], [77.62144839490013, 12.92718729790023], [77.62145314940024, 12.92718669090021], [77.6214578988002, 12.9271860468], [77.62146264270022, 12.92718536550018], [77.62146392849087, 12.92718517060844], [77.6214673810003, 12.92718464730028], [77.62147211340017, 12.9271838920003], [77.6214759021002, 12.92718325990025], [77.6214768394002, 12.92718309980016], [77.6214815589002, 12.92718227070021], [77.62148627140026, 12.92718140470014], [77.62149097680026, 12.92718050190018], [77.62149567470028, 12.9271795624001], [77.62150036490016, 12.92717858620022], [77.62150504690023, 12.92717757350026], [77.6215097206002, 12.92717652410021], [77.62151438560011, 12.92717543830032], [77.62151904160014, 12.92717431600023], [77.62152368840025, 12.92717315740021], [77.62152832570023, 12.92717196260027], [77.62153295300021, 12.92717073150021], [77.62153757030019, 12.92716946429999], [77.62154217710025, 12.92716816110016], [77.62154677310032, 12.92716682200029], [77.62155135820025, 12.92716544690022], [77.62155593190023, 12.92716403610022], [77.62156049400029, 12.92716258960006], [77.62156504430011, 12.9271611075003], [77.62156958230032, 12.92715958990021], [77.6215741079003, 12.92715803680016], [77.62157862070023, 12.92715644849999], [77.6215831205002, 12.92715482490026], [77.62158760700025, 12.92715316630024], [77.62159207980018, 12.92715147260014], [77.62159653880032, 12.92714974410011], [77.6216009836002, 12.92714798070021], [77.62170836640026, 12.92710677980028], [77.621931767994, 12.92701813527372], [77.62193258371836, 12.92701781159859], [77.62193554009627, 12.92701663852399], [77.62194406027606, 12.92701325776356], [77.62202101160027, 12.92698272390016], [77.62206798226873, 12.92696303905637], [77.62207197648434, 12.92696136512829], [77.62216892540027, 12.92692073500031], [77.62214470895226, 12.9268559123593], [77.62214312170029, 12.92685166360031], [77.6221260081215, 12.92685898227274], [77.62209567026888, 12.92687195634464], [77.62200960607913, 12.92690876194912], [77.62199246940025, 12.92691609050017], [77.62196604395227, 12.92692657596371], [77.6217116303817, 12.92702752578253], [77.62168390101874, 12.92703852863184], [77.62168113140024, 12.9270396276002], [77.62157359670017, 12.92708088680017], [77.62157078740019, 12.92708200820023], [77.62156797160031, 12.92708311380028], [77.62156514940024, 12.92708420350017], [77.62156232080012, 12.92708527730026], [77.62155948600021, 12.9270863351001], [77.62155664500021, 12.92708737700019], [77.62155379800022, 12.92708840280028], [77.6215509451003, 12.92708941259996], [77.62154808620011, 12.92709040630024], [77.62154522160019, 12.92709138390024], [77.62154235140015, 12.92709234540028], [77.62153947550023, 12.92709329060012], [77.62153659420024, 12.92709421960028], [77.62153370740008, 12.92709513240027], [77.62153081540019, 12.92709602900023], [77.62152791820023, 12.92709690920014], [77.62152501580016, 12.92709777310017], [77.62152210850032, 12.9270986206], [77.62151919620023, 12.92709945170019], [77.62151627910026, 12.92710026650014], [77.62151335730023, 12.92710106470024], [77.6215104309003, 12.92710184650031], [77.6215075000003, 12.92710261180029], [77.6215045646003, 12.92710336060027], [77.62150162490026, 12.92710409290013], [77.62149868090017, 12.92710480860019], [77.62149573280028, 12.92710550760017], [77.62149278070024, 12.92710619010023], [77.62148982460032, 12.92710685590008], [77.62148686470027, 12.92710750510026], [77.62148390100019, 12.92710813760023], [77.62148093360018, 12.9271087534002], [77.62147796270021, 12.92710935240017], [77.62147498840017, 12.92710993470026], [77.62147201070029, 12.92711050030027], [77.62146902970028, 12.92711104910023], [77.62146604560023, 12.92711158100023], [77.62146331670029, 12.92711205230023], [77.62146305840018, 12.92711209620024], [77.62146006820029, 12.92711259450012], [77.62145707520017, 12.92711307600028], [77.62145407940028, 12.9271135406002], [77.62145108090014, 12.92711398830023], [77.62144807980019, 12.92711441920015], [77.62144507630013, 12.92711483310018], [77.62144207040025, 12.9271152301003], [77.6214390622002, 12.92711561020013], [77.62143605190026, 12.92711597329992], [77.62143303950013, 12.92711631940019], [77.62143002510021, 12.92711664860029], [77.62142700880015, 12.92711696080016], [77.62142399080022, 12.92711725600011], [77.62142097100018, 12.92711753420029], [77.62141794970017, 12.92711779540007], [77.62141492690016, 12.92711803949993], [77.62141190280026, 12.92711826670023], [77.62140887730025, 12.92711847680028], [77.62140705937293, 12.92711859272567], [77.62140585070028, 12.92711866980022], [77.62140282300027, 12.92711884580024], [77.6213997943003, 12.92711900480013], [77.62139676470025, 12.9271191467003], [77.62139373440016, 12.92711927150003], [77.62139070330015, 12.92711937920016], [77.6213876717003, 12.92711946990029], [77.62138463960025, 12.92711954350005], [77.62138160720012, 12.9271196001003], [77.62137857440018, 12.92711963950006], [77.62137554150017, 12.9271196619003], [77.6213725085002, 12.92711966710023], [77.62136947550023, 12.92711965530026], [77.62136644260022, 12.92711962640014], [77.62136340990025, 12.92711958050018], [77.6213603776002, 12.92711951740021], [77.6213573457003, 12.92711943730025], [77.62135431430026, 12.92711934010008], [77.62135128350029, 12.92711922580027], [77.62134825340024, 12.92711909450014], [77.62134522420023, 12.9271189461002], [77.6213421959003, 12.92711878060027], [77.62133916860029, 12.92711859810021], [77.6213361424002, 12.92711839850024], [77.62133311740023, 12.92711818190014], [77.62133009370017, 12.9271179482002], [77.62132707150027, 12.9271176976003], [77.62132405080031, 12.92711742990032], [77.6213210317003, 12.92711714520022], [77.62131801430029, 12.92711684350019], [77.62131499870024, 12.92711652480028], [77.62131198510019, 12.92711618910026], [77.62130897350018, 12.92711583650019], [77.62130596390017, 12.9271154669002], [77.62130295660029, 12.92711508040012], [77.6212999516002, 12.92711467690013], [77.62129694900023, 12.92711425650026], [77.6212939490003, 12.9271138192001], [77.62129095150028, 12.92711336500018], [77.62128795670033, 12.9271128940003], [77.62128496480028, 12.92711240610026], [77.62128197570031, 12.9271119013003], [77.62127898970022, 12.9271113797003], [77.62127600670021, 12.92711084130017], [77.6212730270002, 12.92711028610025], [77.62127005060024, 12.9271097142], [77.62126707750024, 12.92710912540023], [77.62126410800023, 12.92710852000026], [77.62126114200014, 12.92710789780017], [77.62125817970026, 12.92710725890028], [77.62125522130013, 12.92710660340022], [77.62125226670021, 12.92710593120017], [77.62124931610025, 12.92710524240023], [77.62124636950016, 12.92710453700021], [77.62124342720024, 12.92710381499995], [77.62124048910015, 12.92710307640021], [77.62123755540027, 12.92710232130019], [77.6212346262003, 12.92710154970016], [77.62123170150018, 12.9271007616003], [77.6212287815003, 12.92709995700015], [77.62122586630026, 12.9270991360002], [77.62122295590018, 12.92709829860017], [77.62122005040023, 12.92709744480014], [77.62121715010026, 12.92709657470023], [77.6212142548003, 12.92709568820008], [77.62121136480022, 12.92709478550016], [77.62120848010026, 12.92709386650017], [77.62120560080031, 12.92709293120013], [77.62120272710023, 12.92709197980029], [77.62119985900019, 12.92709101220025], [77.62119699660023, 12.92709002840017], [77.62119414000011, 12.92708902859993], [77.6211912893002, 12.9270880126002], [77.62118844460024, 12.92708698070016], [77.62118560590012, 12.92708593270019], [77.62118277350021, 12.92708486870014], [77.62117994730018, 12.92708378890005], [77.6211771275003, 12.9270826931002], [77.62117431420027, 12.92708158140011], [77.62117150740016, 12.92708045400026], [77.62116870730028, 12.9270793107002], [77.62116591390026, 12.92707815170019], [77.62116312730018, 12.92707697700025], [77.62116034770015, 12.92707578660007], [77.62115757510024, 12.92707458050017], [77.62115480950025, 12.92707335890007], [77.62115205120011, 12.92707212170025], [77.62114930020016, 12.92707086900026], [77.62114655650014, 12.92706960080012], [77.6211438203003, 12.92706831720005], [77.62114109170017, 12.92706701820002], [77.62113837070018, 12.92706570380028], [77.62113565750023, 12.92706437420021], [77.62113295210025, 12.92706302920017], [77.62113025460026, 12.92706166910022], [77.6211275651002, 12.92706029380015], [77.62112488370026, 12.92705890340015], [77.62112221050027, 12.92705749790032], [77.62111954550018, 12.92705607729992], [77.62111688900023, 12.92705464180024], [77.62111424080018, 12.9270531913002], [77.62111160120016, 12.92705172600016], [77.62110897020023, 12.92705024580023], [77.62110634800017, 12.92704875079999], [77.62110373450015, 12.92704724110023], [77.62110112990025, 12.92704571660026], [77.62109853430023, 12.92704417750025], [77.62109594770014, 12.92704262390016], [77.62109337030017, 12.92704105570015], [77.62109080210031, 12.92703947290014], [77.62108824320019, 12.92703787580025], [77.62108569360021, 12.92703626430016], [77.62108315360017, 12.92703463840026], [77.62108062310027, 12.92703299830025], [77.62107810230015, 12.92703134390023], [77.62107559120022, 12.92702967540025], [77.62107308990021, 12.92702799270023], [77.62107059850024, 12.92702629600025], [77.62106811700028, 12.92702458530015], [77.62106564560015, 12.92702286060017], [77.62106318440016, 12.92702112200014], [77.62106073340023, 12.92701936960016], [77.62105829260014, 12.92701760350013], [77.62105586230031, 12.92701582360019], [77.6210547048002, 12.92701496800015], [77.62105355010023, 12.92701410889996], [77.62105239810013, 12.92701324620021], [77.62105124890029, 12.9270123799003], [77.62105010250019, 12.92701151010023], [77.62104895890029, 12.92701063680024], [77.62104781810028, 12.92700975990028], [77.62104668020022, 12.92700887950013], [77.62104554500017, 12.92700799560026], [77.62104441270027, 12.92700710830026], [77.62104328320022, 12.92700621740027], [77.62104215670024, 12.92700532300016], [77.62104103290015, 12.92700442520008], [77.62103991210019, 12.92700352390029], [77.62103879420029, 12.92700261909993], [77.62103767920024, 12.92700171090018], [77.62103656710019, 12.92700079930018], [77.62103545790013, 12.92699988420019], [77.6210343517002, 12.92699896570027], [77.6210332484002, 12.92699804380015], [77.62103214810026, 12.92699711850016], [77.62103105070021, 12.9269961898002], [77.62102995640028, 12.92699525780028], [77.62102886500027, 12.92699432230025], [77.6210277767001, 12.92699338350029], [77.62102729739638, 12.92699296743223], [77.62102669130024, 12.92699244130001], [77.62102560900031, 12.92699149580017], [77.62102452980031, 12.92699054700017], [77.62102345360017, 12.92698959480025], [77.62102238040018, 12.92698863930026], [77.62102131030024, 12.92698768050025], [77.62102024330028, 12.92698671840014], [77.62101917940015, 12.92698575300017], [77.62101811860022, 12.92698478430022], [77.62101706090017, 12.92698381240029], [77.62101600630017, 12.92698283720029], [77.62101495490032, 12.92698185870017], [77.62101390660018, 12.92698087700029], [77.62101286150022, 12.92697989210029], [77.62101181950025, 12.92697890390021], [77.62101078070013, 12.92697791260021], [77.62100974510024, 12.9269769180002], [77.62100871270032, 12.92697592020016], [77.62100768350031, 12.92697491930016], [77.62100665750023, 12.92697391520024], [77.62100563480027, 12.92697290790023], [77.62100461520022, 12.92697189750011], [77.62100359900029, 12.92697088390026], [77.62100258590026, 12.9269698672003], [77.62100157620024, 12.92696884740018], [77.62100056970024, 12.92696782450001], [77.62099956650025, 12.92696679840013], [77.62099856660016, 12.92696576930028], [77.6209975701002, 12.9269647371002], [77.62099657680024, 12.92696370180015], [77.62099558690011, 12.92696266340022], [77.62099460020015, 12.92696162200018], [77.6209936170002, 12.92696057760025], [77.62099263710023, 12.9269595301002], [77.62099166060011, 12.92695847960028], [77.62099068740015, 12.92695742620019], [77.62098971760027, 12.92695636970022], [77.62098875130015, 12.92695531020025], [77.62098778830018, 12.92695424770029], [77.62098682870027, 12.92695318230024], [77.62098587260023, 12.92695211390027], [77.62098491990027, 12.92695104260026], [77.6209839706002, 12.92694996830017], [77.62098302480011, 12.92694889110008], [77.62098208250023, 12.92694781100023], [77.62098114360028, 12.92694672800018], [77.6209802082002, 12.92694564210029], [77.62097927630016, 12.92694455330028], [77.62097834790025, 12.92694346160027], [77.62097742300021, 12.9269423671003], [77.62097650160025, 12.92694126970025], [77.62097558370017, 12.92694016950016], [77.62097466940018, 12.92693906640011], [77.62097375860026, 12.92693796060026], [77.62097285140027, 12.92693685190029], [77.6209719477002, 12.92693574050019], [77.62097104760028, 12.9269346262003], [77.62097015110017, 12.92693350920029], [77.6209692582002, 12.9269323894002], [77.62096836880018, 12.92693126690006], [77.6209674831003, 12.92693014160021], [77.62096660100023, 12.92692901359992], [77.62096572250027, 12.92692788290014], [77.62096484770012, 12.92692674950029], [77.62096397650014, 12.92692561339999], [77.6209631089003, 12.92692447460018], [77.62096224500023, 12.92692333310017], [77.62096138480028, 12.92692218890023], [77.62096052820021, 12.92692104220002], [77.62095967530026, 12.9269198927002], [77.62095882610019, 12.92691874070027], [77.62095798060015, 12.92691758600029], [77.62095713890017, 12.92691642870004], [77.62095630080022, 12.92691526890018], [77.62095546650015, 12.9269141064002], [77.6209546359002, 12.92691294140019], [77.62095380900026, 12.92691177380017], [77.62095298590026, 12.92691060370019], [77.62095216660028, 12.92690943100025], [77.62095135100022, 12.92690825590024], [77.62095053920018, 12.92690707820014], [77.62094973120027, 12.9269058980002], [77.62094892690017, 12.92690471530022], [77.62094812650027, 12.92690353010017], [77.62094732990016, 12.92690234250011], [77.62094653710017, 12.92690115240021], [77.62094574810023, 12.92689995990027], [77.6209449629002, 12.92689876490021], [77.62094418160018, 12.92689756760019], [77.62094340410015, 12.92689636780029], [77.62094263050017, 12.92689516560015], [77.6209418608003, 12.92689396110001], [77.6209410949002, 12.92689275410019], [77.62094033290022, 12.92689154490017], [77.62093957470027, 12.92689033320027], [77.62093882050021, 12.92688911930013], [77.62093807020027, 12.92688790300019], [77.62093732370016, 12.92688668440025], [77.62093658120023, 12.92688546350023], [77.62093584260032, 12.92688424030017], [77.62093510790022, 12.92688301490019], [77.62093437720024, 12.92688178710025], [77.62093365040026, 12.92688055720014], [77.62093292760017, 12.92687932500024], [77.62093220870018, 12.92687809050022], [77.62093149380024, 12.92687685390028], [77.62093078280027, 12.9268756151003], [77.62093007590009, 12.92687437400023], [77.62092937290015, 12.92687313080025], [77.62092867390021, 12.92687188540015], [77.62092797890023, 12.92687063789992], [77.62092728790026, 12.92686938820022], [77.62092660090032, 12.92686813650016], [77.62092591800014, 12.92686688250025], [77.6209252391002, 12.92686562650027], [77.6209245642002, 12.92686436840016], [77.6209238933003, 12.92686310830022], [77.62092322650017, 12.92686184600027], [77.62092256380022, 12.92686058170017], [77.62092190510025, 12.92685931540003], [77.62092125050032, 12.92685804700024], [77.62092059990022, 12.92685677670029], [77.62091995340029, 12.92685550430031], [77.62091931100024, 12.9268542299002], [77.6209186728003, 12.92685295360026], [77.6209180386003, 12.92685167530027], [77.6209174085002, 12.92685039500013], [77.62091678250015, 12.92684911280018], [77.6209161606003, 12.92684782870028], [77.62091554290025, 12.92684654259993], [77.62091492930023, 12.92684525470002], [77.62091431980026, 12.92684396490012], [77.62091371450025, 12.92684267320021], [77.62091311330028, 12.92684137960014], [77.62091251630011, 12.92684008420023], [77.62091192340019, 12.92683878690024], [77.62091133470021, 12.92683748790022], [77.62091075020017, 12.92683618700023], [77.62091016980024, 12.9268348843002], [77.62090959360019, 12.92683357980025], [77.6209090217003, 12.92683227360011], [77.6209084539003, 12.92683096560016], [77.62090789030024, 12.92682965580009], [77.62090733090012, 12.92682834430018], [77.62090677570028, 12.92682703110019], [77.6209062248002, 12.92682571620012], [77.62090567800027, 12.92682439959997], [77.62090513550014, 12.92682308130018], [77.62090459720025, 12.92682176140028], [77.62090406320021, 12.92682043980021], [77.62090353340021, 12.92681911650014], [77.62090300790021, 12.92681779170015], [77.62090248660024, 12.9268164652002], [77.62090196950028, 12.92681513710021], [77.62090145680015, 12.92681380740014], [77.62087181160022, 12.92673656600022], [77.62084727297402, 12.92667351411263], [77.62083086729432, 12.92663135979415], [77.62081872320027, 12.92660015560029], [77.62074558900025, 12.92662754100019], [77.62071567450022, 12.92655067580027], [77.62068022747941, 12.92646031440654], [77.62065673406796, 12.92640042510214], [77.62063388690024, 12.92634218320016], [77.62062242330018, 12.92631280440021], [77.62056745193587, 12.92617192373252], [77.6205501864002, 12.92612767560024], [77.62052658515815, 12.92607195036709], [77.62046774662095, 12.92593302584745], [77.62043476620023, 12.92585515530019], [77.62043442080021, 12.92585432090016], [77.62043407450018, 12.92585348670026], [77.62043372760023, 12.92585265290019], [77.62043337990023, 12.92585181940012], [77.62043303140017, 12.92585098620013], [77.62043268210022, 12.92585015330018], [77.6204323322002, 12.92584932070027], [77.62043198140024, 12.92584848840016], [77.6204316299003, 12.92584765640025], [77.62043127770022, 12.92584682470022], [77.62043092460027, 12.9258459933002], [77.62043057090028, 12.92584516220017], [77.62043021640022, 12.92584433150006], [77.62042986110026, 12.92584350100015], [77.62042950510023, 12.92584267090024], [77.62042914830029, 12.92584184110017], [77.6204287908003, 12.92584101150014], [77.62042843250026, 12.92584018229995], [77.62042807350012, 12.92583935340021], [77.6204277137003, 12.92583852490026], [77.62042735310018, 12.92583769660011], [77.62042699190027, 12.92583686870028], [77.62042662980019, 12.92583604100025], [77.62042626700008, 12.92583521370022], [77.6204259035003, 12.92583438670023], [77.62042553920027, 12.92583356000029], [77.62042517420032, 12.92583273370018], [77.62042480840029, 12.92583190760031], [77.62042444180018, 12.92583108190024], [77.62042407450026, 12.92583025650025], [77.62042370650023, 12.92582943140026], [77.62042333770029, 12.92582860660032], [77.62042296820026, 12.92582778220021], [77.62042259790023, 12.9258269581003], [77.62042222690032, 12.92582613430023], [77.62042185510029, 12.92582531080024], [77.62042148260021, 12.92582448770021], [77.62042110930027, 12.92582366490023], [77.62042073530023, 12.92582284240012], [77.62042036050032, 12.92582202020025], [77.62041998500028, 12.92582119839998], [77.62041960880026, 12.92582037680019], [77.62041923180014, 12.92581955570017], [77.62041885400008, 12.92581873480022], [77.6204184756002, 12.92581791430023], [77.6204180963003, 12.92581709410016], [77.62041771640025, 12.92581627420013], [77.62041733560011, 12.92581545470027], [77.62041695420015, 12.92581463550028], [77.62041657200028, 12.92581381659993], [77.62041618900014, 12.92581299810018], [77.62041580530018, 12.92581217990028], [77.62041542090027, 12.92581136210025], [77.62041503570032, 12.92581054450022], [77.62041464980028, 12.92580972730003], [77.62041426320017, 12.9258089105002], [77.62041387580022, 12.92580809400018], [77.62041348760015, 12.92580727780023], [77.62041309880028, 12.9258064620002], [77.62041270910025, 12.92580564650017], [77.62041231880018, 12.92580483130019], [77.62041192770022, 12.9258040165002], [77.62041153590019, 12.92580320200029], [77.62041114330016, 12.92580238790022], [77.62041075000012, 12.92580157410016], [77.62041035590029, 12.92580076070009], [77.62040996110018, 12.92579994760014], [77.62040956560018, 12.92579913480015], [77.62040916930016, 12.92579832240021], [77.6204087724002, 12.92579751040018], [77.62040837460017, 12.92579669860015], [77.6204079761003, 12.92579588730029], [77.62040757690018, 12.92579507630018], [77.6204071770003, 12.92579426560019], [77.62040677630023, 12.92579345530008], [77.62040637490024, 12.92579264530018], [77.62040597280021, 12.92579183570019], [77.62040556990026, 12.9257910264002], [77.62040516630026, 12.92579021750022], [77.62040476190019, 12.92578940890023], [77.62040435680024, 12.92578860070016], [77.62040395100024, 12.9257877929001], [77.62040354450016, 12.92578698540031], [77.62040313720017, 12.92578617819992], [77.6204027292003, 12.92578537139998], [77.62040232040023, 12.92578456500023], [77.62040191090023, 12.92578375889996], [77.62040150070015, 12.92578295319993], [77.62040108980024, 12.92578214780031], [77.62040067810021, 12.92578134280028], [77.6204002657003, 12.92578053820018], [77.62039985260019, 12.92577973390023], [77.62039943870019, 12.9257789300002], [77.62039902420027, 12.92577812640017], [77.62039860880007, 12.92577732320019], [77.62039819280028, 12.92577652040024], [77.62039777600017, 12.9257757179003], [77.62039735850017, 12.92577491580023], [77.6203969403003, 12.92577411399996], [77.62039652130015, 12.92577331270018], [77.6203961017002, 12.92577251170019], [77.62039568120024, 12.92577171100021], [77.62039526010028, 12.92577091069994], [77.62039483830029, 12.92577011080027], [77.62039441570022, 12.92576931130025], [77.62039399240025, 12.92576851210026], [77.62039356830019, 12.92576771330027], [77.62039314360027, 12.92576691490017], [77.62039271810028, 12.92576611680026], [77.6203922919002, 12.92576531910028], [77.62039186490028, 12.92576452180025], [77.62039143730028, 12.92576372490026], [77.62039100890017, 12.92576292830016], [77.62039057980026, 12.92576213210025], [77.62039015000022, 12.92576133630003], [77.62038971940031, 12.9257605408002], [77.62038928820014, 12.92575974580017], [77.62038885620031, 12.92575895110027], [77.62038842350023, 12.92575815670016], [77.62038799010024, 12.9257573628001], [77.62038755590021, 12.92575656920023], [77.62038712100025, 12.92575577610025], [77.62038668550025, 12.9257549833003], [77.62038624910018, 12.92575419080019], [77.62038581210022, 12.92575339880013], [77.62038537440019, 12.92575260710026], [77.6203849359001, 12.92575181590024], [77.62038449670018, 12.92575102500029], [77.62038405680015, 12.92575023450019], [77.62038361620024, 12.92574944440032], [77.62038317490028, 12.92574865460006], [77.62038273290024, 12.92574786530027], [77.62038229010028, 12.92574707630024], [77.6203818466003, 12.92574628770014], [77.62038140240026, 12.92574549950023], [77.6203809575003, 12.92574471170021], [77.6203805119003, 12.92574392430022], [77.62038006560026, 12.92574313730024], [77.62037961850031, 12.92574235060029], [77.62037917080026, 12.92574156440019], [77.62037872230019, 12.92574077850012], [77.62037827310023, 12.9257399931003], [77.6203778232002, 12.92573920800011], [77.62037737260027, 12.92573842330017], [77.62037692130032, 12.92573763900026], [77.62037646920028, 12.9257368551], [77.6203760165002, 12.92573607160017], [77.62037556300017, 12.92573528850023], [77.62037510880013, 12.9257345058002], [77.62037465400022, 12.92573372350018], [77.62037419840021, 12.92573294160031], [77.6203737421003, 12.92573216010025], [77.62037328510019, 12.9257313790003], [77.62037282740015, 12.92573059830016], [77.62037236900026, 12.92572981800022], [77.62037190980011, 12.92572903810019], [77.62037145000026, 12.92572825850017], [77.62037098940023, 12.92572747940018], [77.62037052820023, 12.92572670070024], [77.62037006620015, 12.92572592240013], [77.62036960360028, 12.92572514450023], [77.62036914020028, 12.9257243670002], [77.6203686761002, 12.92572358990026], [77.62036821140016, 12.92572281320032], [77.62036774590028, 12.92572203700017], [77.62036727970025, 12.92572126109995], [77.62036681280017, 12.92572048560016], [77.62036634520028, 12.92571971050018], [77.6203658769003, 12.92571893590003], [77.6203654079003, 12.92571816170009], [77.6203649382003, 12.92571738780027], [77.62036446780026, 12.92571661440024], [77.62036399670025, 12.9257158414003], [77.62036352490026, 12.92571506880016], [77.62036305240014, 12.92571429660025], [77.62036257920018, 12.92571352480019], [77.62036210530017, 12.9257127535002], [77.62036163070026, 12.92571198250022], [77.62036115540026, 12.92571121200027], [77.62036067940022, 12.92571044190021], [77.62035924440022, 12.92570813770022], [77.62035780230026, 12.92570583780019], [77.62035635320018, 12.92570354210024], [77.62035489710026, 12.92570125080029], [77.62035343400022, 12.9256989637003], [77.62035196390026, 12.92569668090003], [77.62035048680018, 12.9256944025002], [77.62034900270025, 12.92569212840018], [77.62034751170025, 12.92568985880019], [77.62034601370028, 12.92568759350024], [77.62034450890025, 12.92568533260017], [77.6203429971002, 12.9256830762003], [77.6203414784001, 12.92568082420032], [77.62033995280022, 12.92567857680013], [77.62033842030026, 12.92567633380027], [77.62033688100017, 12.92567409530016], [77.62033533490023, 12.92567186140018], [77.62033378190019, 12.92566963210019], [77.62033222210022, 12.92566740730017], [77.62033065550025, 12.9256651872003], [77.62032908210016, 12.9256629717002], [77.6203275020002, 12.92566076080026], [77.62032685672987, 12.92565986372392], [77.62032591500014, 12.92565855450023], [77.62032432140025, 12.92565635300029], [77.62032272100028, 12.92565415620019], [77.62032111390022, 12.92565196400001], [77.62031950010025, 12.92564977670027], [77.62031787960024, 12.92564759410021], [77.62031625240017, 12.92564541620023], [77.62031461850025, 12.92564324320029], [77.62031297810023, 12.92564107500027], [77.62031133100021, 12.92563891159993], [77.62030967730027, 12.92563675310027], [77.62030801690025, 12.92563459950013], [77.62030635000023, 12.92563245080027], [77.62030467660014, 12.92563030690026], [77.6203029965002, 12.9256281681], [77.62030131000019, 12.92562603420022], [77.62029961690028, 12.92562390520029], [77.62029791730014, 12.92562178129991], [77.6202962112002, 12.92561966230021], [77.62029449870022, 12.92561754840024], [77.62029277960012, 12.92561543960018], [77.62029105420021, 12.92561333580017], [77.62028932230027, 12.92561123720016], [77.62028758390028, 12.92560914360018], [77.62028583920022, 12.92560705509993], [77.62028408810015, 12.9256049718], [77.62028233070025, 12.92560289370014], [77.6202805668003, 12.92560082080029], [77.62027879670028, 12.92559875300016], [77.62027702020013, 12.92559669050031], [77.62027523740026, 12.92559463319998], [77.62027344830015, 12.92559258120021], [77.62027165300024, 12.92559053450016], [77.62026985140018, 12.92558849300019], [77.62026804360022, 12.92558645690018], [77.62026622950027, 12.9255844261001], [77.6202644092002, 12.92558240059997], [77.62026258280025, 12.9255803806002], [77.62026075010023, 12.92557836590015], [77.62025891130016, 12.92557635660019], [77.62025706640024, 12.92557435270022], [77.6202552154002, 12.92557235430018], [77.62025335820029, 12.92557036130029], [77.62025149490022, 12.92556837390021], [77.62024962560014, 12.9255663919002], [77.62024775020019, 12.92556441540016], [77.62024586880027, 12.92556244449992], [77.62024398130019, 12.92556047910015], [77.62024208790024, 12.92555851920019], [77.62024018840007, 12.92555656500019], [77.62023828300016, 12.92555461640019], [77.62023637160024, 12.92555267330027], [77.62023445430016, 12.92555073600015], [77.62023253110029, 12.92554880420023], [77.62023060190016, 12.92554687820023], [77.62022866690029, 12.92554495780019], [77.62022672600024, 12.92554304320015], [77.62022477920016, 12.92554113420027], [77.62022282670029, 12.92553923100019], [77.62022086830028, 12.92553733360024], [77.62021890410028, 12.92553544190032], [77.62021693410016, 12.92553355610016], [77.62021495840015, 12.92553167600001], [77.62021297690023, 12.92552980180001], [77.6202109897003, 12.92552793340018], [77.62020899670021, 12.92552607090014], [77.62020699810017, 12.92552421419991], [77.62020499380013, 12.92552236350024], [77.6202029839002, 12.92552051860021], [77.62020096830027, 12.92551867970013], [77.62019894710015, 12.9255168468003], [77.62019692030026, 12.92551501970019], [77.62019488800024, 12.92551319869996], [77.62019285000024, 12.92551138370029], [77.62019080650015, 12.92550957460022], [77.62018875750022, 12.92550777160011], [77.62018670300017, 12.92550597470004], [77.6201846430002, 12.92550418370017], [77.62018257750027, 12.92550239890018], [77.62018050650018, 12.92550062020028], [77.62017843020017, 12.92549884750025], [77.62017634840015, 12.92549708100006], [77.62017426120026, 12.92549532060024], [77.62017216860016, 12.92549356640025], [77.62017007070024, 12.92549181840031], [77.62016796740026, 12.92549007650016], [77.6201658588002, 12.92548834080002], [77.62016374490027, 12.92548661140012], [77.6201616258001, 12.92548488820021], [77.62015950130028, 12.92548317120019], [77.62015737160026, 12.92548146050017], [77.6201552367002, 12.92547975610019], [77.62015309660023, 12.92547805800017], [77.62015095130029, 12.92547636610003], [77.62014880080024, 12.92547468070013], [77.62014664520025, 12.92547300150027], [77.6201444845002, 12.92547132870021], [77.62014231860017, 12.92546966230019], [77.62014014760028, 12.92546800220025], [77.6201379716003, 12.92546634859996], [77.62013579050016, 12.92546470140026], [77.62013360440018, 12.92546306060025], [77.62013141330027, 12.92546142620007], [77.62012921720026, 12.9254597983001], [77.62012701610031, 12.92545817690024], [77.62012481010017, 12.92545656200019], [77.62012259910023, 12.92545495360018], [77.6201203833002, 12.92545335160024], [77.62011816250033, 12.92545175630015], [77.62011593680019, 12.9254501674003], [77.62011370630029, 12.92544858520017], [77.62011147100019, 12.92544700950028], [77.62010923090016, 12.92544544040023], [77.62010698590025, 12.92544387790018], [77.62010473620022, 12.92544232200025], [77.6201024818002, 12.9254407728002], [77.62010022260029, 12.92543923020019], [77.6200979587003, 12.92543769420023], [77.6200956901002, 12.92543616500018], [77.62009341680029, 12.92543464240021], [77.62009113890026, 12.92543312650025], [77.62008885640023, 12.9254316173002], [77.62008656920028, 12.92543011490024], [77.62008427750025, 12.92542861919991], [77.62008198120026, 12.92542713030023], [77.62007968030031, 12.92542564810015], [77.62007737490016, 12.92542417270023], [77.62007506510021, 12.92542270410022], [77.62007275070017, 12.9254212423001], [77.62007043190022, 12.9254197874003], [77.62006810860026, 12.9254183392001], [77.62006578090028, 12.92541689800026], [77.62006344880028, 12.92541546350011], [77.6200611123002, 12.92541403600023], [77.6200587715003, 12.92541261530023], [77.62005642630014, 12.92541120160031], [77.62005407680023, 12.92540979470028], [77.62005172300019, 12.92540839480016], [77.62004936500016, 12.92540700180012], [77.62004700270012, 12.92540561580025], [77.62004463610025, 12.92540423669998], [77.62004226540017, 12.92540286460026], [77.62003989050025, 12.92540149950019], [77.6200375113001, 12.92540014140024], [77.62003512810018, 12.9253987903002], [77.62003274070018, 12.92539744620029], [77.62003034920026, 12.92539610920026], [77.62002795370023, 12.92539477919995], [77.62002555410027, 12.92539345630012], [77.62002315040031, 12.92539214040021], [77.62002074270026, 12.92539083170023], [77.62001833110031, 12.92538953000012], [77.6200159154003, 12.92538823540013], [77.62001349580015, 12.9253869480001], [77.62001107230031, 12.92538566770016], [77.62000864490018, 12.92538439449993], [77.62000621360022, 12.92538312850019], [77.62000377840026, 12.9253818696002], [77.62000249860016, 12.92538116930031], [77.62000121860025, 12.92538046960029], [77.61999993830027, 12.92537977030027], [77.61999865770012, 12.92537907150029], [77.6199973768003, 12.92537837330023], [77.61999609560031, 12.92537767550018], [77.6199948141002, 12.92537697830024], [77.6199935324003, 12.92537628150022], [77.61999225030019, 12.92537558530016], [77.61999096800024, 12.92537488960015], [77.61998968540026, 12.92537419440017], [77.61998840250027, 12.92537349970019], [77.6199871193002, 12.92537280540013], [77.61998583580014, 12.92537211180031], [77.61998455210028, 12.9253714186001], [77.61998326800013, 12.92537072590016], [77.61998198370021, 12.9253700337003], [77.6199806991002, 12.92536934200024], [77.6199794142002, 12.92536865090027], [77.61997812900017, 12.92536796020017], [77.61997684360027, 12.92536727010024], [77.6199755578002, 12.92536658040022], [77.6199742718003, 12.92536589130024], [77.61997298550027, 12.92536520270018], [77.61997169890033, 12.92536451460025], [77.61997041200014, 12.92536382700023], [77.61996912490015, 12.92536313990005], [77.61996783740021, 12.92536245330012], [77.61996654970018, 12.9253617672003], [77.6199652617002, 12.92536108170024], [77.61996397340029, 12.9253603966003], [77.6199626849001, 12.92535971210013], [77.61996139600028, 12.92535902800027], [77.61996010690025, 12.9253583445003], [77.61995881750022, 12.92535766150032], [77.61995752780031, 12.92535697900002], [77.61995623780017, 12.92535629700012], [77.61995494760026, 12.92535561550011], [77.61995365710027, 12.92535493449997], [77.61995236630025, 12.92535425400024], [77.61995107520022, 12.92535357410018], [77.61994978380015, 12.9253528946], [77.61994849220032, 12.92535221570023], [77.61994720020022, 12.92535153720029], [77.61994590800028, 12.92535085930007], [77.61994461550029, 12.92535018190022], [77.6199433228003, 12.92534950499992], [77.61994202980027, 12.92534882860019], [77.61994073640024, 12.92534815280017], [77.61993944280017, 12.92534747740019], [77.61993814900023, 12.92534680250022], [77.61993685480029, 12.92534612820016], [77.6199355604001, 12.92534545440027], [77.61993426570031, 12.92534478110009], [77.61993297070028, 12.92534410820032], [77.61993167550025, 12.92534343600006], [77.61993037990023, 12.92534276420021], [77.61992908410032, 12.92534209290023], [77.61992778810021, 12.92534142210025], [77.61992649170018, 12.9253407519002], [77.61992519510024, 12.92534008219998], [77.61992389820021, 12.92533941289997], [77.61992260100014, 12.92533874420023], [77.61992130350028, 12.92533807600018], [77.61992000580021, 12.92533740840032], [77.6199187078003, 12.92533674120019], [77.61991740950015, 12.92533607450021], [77.61991611100017, 12.92533540840016], [77.61991481210013, 12.92533474280014], [77.61991351310031, 12.92533407760017], [77.61991221370027, 12.92533341300019], [77.61991091400017, 12.92533274900018], [77.61990961410027, 12.92533208540016], [77.61990831390015, 12.92533142230015], [77.61990701350017, 12.92533075980025], [77.61990571270019, 12.92533009770016], [77.61990441170012, 12.92532943620018], [77.61990311050029, 12.92532877520017], [77.61990180890022, 12.92532811470027], [77.61990050710011, 12.92532745470022], [77.61989920500021, 12.92532679530024], [77.61989790260026, 12.92532613630027], [77.61989660000023, 12.92532547790017], [77.61989529710024, 12.92532482000028], [77.61989399390018, 12.9253241626003], [77.61989269050031, 12.92532350570013], [77.61989138680023, 12.92532284930024], [77.61989008280013, 12.92532219350022], [77.61988877850018, 12.92532153810021], [77.61988747400024, 12.92532088330027], [77.6198861692002, 12.92532022900018], [77.61988486420017, 12.92531957520016], [77.61988355880015, 12.92531892190015], [77.61988225330028, 12.92531826910022], [77.61988094740029, 12.92531761690016], [77.61987964130019, 12.92531696520031], [77.61987833490024, 12.9253163140001], [77.61987702820021, 12.9253156633002], [77.61987572130022, 12.92531501310011], [77.6198744141002, 12.92531436340029], [77.61987310660017, 12.92531371430012], [77.61986656530019, 12.92531047630001], [77.61986525620016, 12.92530983020016], [77.61986394690028, 12.92530918470014], [77.61986263730022, 12.92530853970017], [77.61986132740032, 12.92530789520028], [77.6198600173002, 12.92530725120018], [77.61985870690025, 12.92530660780017], [77.61985739630022, 12.9253059648002], [77.61985608540023, 12.92530532240015], [77.61985477420016, 12.92530468050029], [77.61985346270029, 12.92530403910028], [77.61985215100019, 12.92530339820015], [77.61985083910012, 12.92530275790021], [77.61984952680017, 12.9253021181002], [77.61984821430018, 12.92530147870019], [77.61984690160016, 12.92530084000025], [77.6198455886002, 12.9253002017], [77.6198442753003, 12.92529956390011], [77.61984296170023, 12.92529892670018], [77.61984164790016, 12.92529829000024], [77.61984033390017, 12.92529765380015], [77.61983901960026, 12.9252970181003], [77.61983770500024, 12.92529638290016], [77.61983639010025, 12.92529574830023], [77.61983507500021, 12.92529511420014], [77.61983375960018, 12.92529448060013], [77.61983244400028, 12.92529384750019], [77.61983112810013, 12.92529321490026], [77.61982981200022, 12.92529258290017], [77.61982849560023, 12.9252919514002], [77.61982717890028, 12.92529132040023], [77.61982586200025, 12.92529068990029], [77.61982454480022, 12.92529006000024], [77.61982322730019, 12.92528943050023], [77.61982190960025, 12.9252888016003], [77.61982059170013, 12.9252881732002], [77.61981927340018, 12.92528754530019], [77.6198179550002, 12.92528691800014], [77.61981663620021, 12.92528629110025], [77.61981531720022, 12.92528566479996], [77.61981399800015, 12.9252850390003], [77.61981267850028, 12.92528441379993], [77.61981135870018, 12.92528378900016], [77.61981003870027, 12.92528316480031], [77.61980871840031, 12.92528254110026], [77.61980739790016, 12.92528191790029], [77.6198060771003, 12.92528129530019], [77.61980475610027, 12.9252806731003], [77.61980343480023, 12.92528005150029], [77.61980211320021, 12.92527943039992], [77.6198007914003, 12.92527880980019], [77.6197994693001, 12.92527818980018], [77.6197981470002, 12.92527757029997], [77.61979682440021, 12.92527695130019], [77.61979550160022, 12.92527633280026], [77.61979417850019, 12.92527571480001], [77.61979285520027, 12.92527509740024], [77.61979153160024, 12.92527448050027], [77.61979020780029, 12.92527386410018], [77.61978888370022, 12.92527324820033], [77.61978755930024, 12.92527263290016], [77.61978623470026, 12.92527201810019], [77.61978490990026, 12.92527140380029], [77.61978358480019, 12.92527079000024], [77.61978225940015, 12.92527017680012], [77.61978093380026, 12.92526956400018], [77.61977960790018, 12.92526895180025], [77.61977828180024, 12.92526834020024], [77.61977695550024, 12.92526772900027], [77.61977562890026, 12.92526711840018], [77.61977430200027, 12.92526650830029], [77.61977297490023, 12.92526589870028], [77.61977164750016, 12.92526528969995], [77.6197703199003, 12.92526468110022], [77.61976899200015, 12.92526407310017], [77.61963443144792, 12.92520181748011], [77.61956761704187, 12.92517090520897], [77.61921686500023, 12.9250086267001], [77.61920856860026, 12.92500490270015], [77.61920030840025, 12.92500110200019], [77.61919208510017, 12.92499722510031], [77.61918389950021, 12.92499327220026], [77.6191757523003, 12.92498924380021], [77.61916764430019, 12.92498514010027], [77.6191595760002, 12.92498096150025], [77.6191515483003, 12.92497670840013], [77.61914356190027, 12.92497238110018], [77.61913561750013, 12.92496798020029], [77.61912771580025, 12.92496350590024], [77.61911985750027, 12.9249589586001], [77.61911204330026, 12.92495433880028], [77.61910427390022, 12.92494964690025], [77.6190965500001, 12.92494488320022], [77.61908887220022, 12.9249400483003], [77.61908124130024, 12.92493514250025], [77.6190736580002, 12.9249301663], [77.61906612280018, 12.9249251201003], [77.61905863660024, 12.92492000440024], [77.6190511999003, 12.92491481960009], [77.6190438134003, 12.92490956620025], [77.61903647780032, 12.92490424460021], [77.6190291937002, 12.92489885540017], [77.61902196180016, 12.92489339890023], [77.61901478270016, 12.92488787580022], [77.61900765710014, 12.92488228649995], [77.61900058560032, 12.92487663140033], [77.6189935688002, 12.92487091120017], [77.6189866073002, 12.92486512620029], [77.61897970180023, 12.92485927710025], [77.6189728529003, 12.9248533642002], [77.6189660612003, 12.92484738830007], [77.61895932730026, 12.92484134970005], [77.61895265170027, 12.92483524910022], [77.61894603520024, 12.92482908690023], [77.61893947830033, 12.92482286380015], [77.61893298150024, 12.92481658030023], [77.61892654540019, 12.92481023680007], [77.61892017070018, 12.92480383410022], [77.6189138579003, 12.92479737270024], [77.61890760750025, 12.92479085310026], [77.61890142010014, 12.92478427590016], [77.6188952963002, 12.92477764180029], [77.61888923660025, 12.92477095120022], [77.6188832415002, 12.92476420489998], [77.61887731160027, 12.92475740330017], [77.6188714474003, 12.92475054719997], [77.61886564940018, 12.92474363710027], [77.6188599182001, 12.9247366736001], [77.6188542542002, 12.9247296574002], [77.61884865800022, 12.92472258910009], [77.61884313000031, 12.92471546920006], [77.6188376708003, 12.92470829850015], [77.61883228080018, 12.92470107760015], [77.61882696050026, 12.92469380710027], [77.61882171040014, 12.92468648770022], [77.61881653100015, 12.92467912000017], [77.61881142260025, 12.92467170470012], [77.61880638590027, 12.92466424250022], [77.6188014212003, 12.92465673390008], [77.61879652890026, 12.92464917970017], [77.61879170950026, 12.92464158059994], [77.61878696350023, 12.92463393720027], [77.61878229120016, 12.92462625020023], [77.6187776931003, 12.92461852020011], [77.61877316950016, 12.92461074809999], [77.61876872100028, 12.9246029344003], [77.61876434780015, 12.92459507990013], [77.61876005040024, 12.92458718530032], [77.61875582910028, 12.92457925119998], [77.61875168430022, 12.92457127840016], [77.61874761640024, 12.92456326760014], [77.61874362580024, 12.92455521950019], [77.61873971280015, 12.92454713480016], [77.61873587780032, 12.92453901430029], [77.61873212100028, 12.92453085860017], [77.61872844290014, 12.92452266850022], [77.61872484380028, 12.92451444470025], [77.61872132390015, 12.92450618790025], [77.61871788360018, 12.9244978990002], [77.61871452330023, 12.92448957850011], [77.61871124310015, 12.92448122740007], [77.61870804340025, 12.92447284620017], [77.61870492460031, 12.92446443580011], [77.61870188670026, 12.92445599690005], [77.6186989302003, 12.92444753020019], [77.61869605530018, 12.92443903660025], [77.61869326220018, 12.92443051670027], [77.61869055130023, 12.92442197130016], [77.61868792260015, 12.92441340120029], [77.6186853766003, 12.92440480720014], [77.61868291330029, 12.92439619000022], [77.61868053300024, 12.92438755030019], [77.61867823600018, 12.92437888900027], [77.61867602240015, 12.92437020690027], [77.61867389250023, 12.92436150460019], [77.61867184630017, 12.92435278300023], [77.61866988420017, 12.92434404280023], [77.61866800630025, 12.92433528490022], [77.6186662127003, 12.92432651000029], [77.6186645035002, 12.92431771880016], [77.61866287910023, 12.92430891229992], [77.6186613395003, 12.92430009110019], [77.61865988470014, 12.92429125600021], [77.61865851510022, 12.9242824078002], [77.61865723070024, 12.92427354739995], [77.61865603150022, 12.92426467550029], [77.61865491780013, 12.9242557928], [77.61865388960024, 12.92424690030014], [77.61865294690028, 12.92423799860012], [77.6186520900003, 12.92422908860027], [77.61865131880027, 12.92422017109993], [77.6186506335003, 12.92421124680027], [77.61865003410033, 12.92420231660021], [77.61864952060016, 12.92419338120023], [77.61864909300017, 12.92418444150025], [77.61864875160018, 12.92417549820027], [77.61864849610019, 12.92416655210021], [77.61864832680027, 12.92415760410019], [77.61864824360013, 12.92414865490024], [77.61864824640021, 12.92413970540026], [77.61864833540027, 12.92413075620028], [77.61864851050024, 12.92412180830006], [77.61864877160018, 12.92411286240024], [77.61864911880029, 12.9241039193003], [77.61864955210028, 12.92409497990032], [77.61865007130025, 12.92408604480018], [77.61865067640026, 12.92407711490016], [77.61865136750019, 12.92406819110014], [77.61865214440019, 12.92405927400024], [77.61865300700033, 12.92405036460027], [77.6186539553002, 12.92404146350009], [77.61865498920014, 12.92403257160027], [77.61865610860015, 12.92402368960006], [77.61865731350012, 12.92401481840012], [77.61865860360031, 12.92400595880031], [77.61865997890015, 12.92399711150018], [77.61866143920015, 12.92398827730013], [77.61866298450019, 12.92397945700028], [77.61866461460018, 12.92397065149995], [77.6186663293002, 12.92396186140026], [77.6186681286003, 12.92395308760029], [77.61867001210022, 12.9239443308], [77.61867197980018, 12.92393559190024], [77.61867217682158, 12.92393475449438], [77.61867403150028, 12.9239268715002], [77.61867616710025, 12.92391817060032], [77.61867838620019, 12.92390948970024], [77.61868068880027, 12.92390082990004], [77.61868307450027, 12.92389219170021], [77.61868554330015, 12.92388357600025], [77.61868809490015, 12.92387498350018], [77.61869072900022, 12.92386641510019], [77.61869344540033, 12.92385787140001], [77.61869624390023, 12.92384935320018], [77.6186991243003, 12.92384086130024], [77.6187020862002, 12.9238323965003], [77.61870512940021, 12.92382395940024], [77.6187082537001, 12.92381555100002], [77.61871145870013, 12.92380717180009], [77.6187147442002, 12.92379882260004], [77.61871810990029, 12.92379050420023], [77.61872155540017, 12.92378221740018], [77.61872508060021, 12.9237739628001], [77.61872868500019, 12.92376574120022], [77.61873236830026, 12.92375755340026], [77.61873613020013, 12.92374939999995], [77.61873997050013, 12.92374128180019], [77.61874388860014, 12.9237331995002], [77.61874788440026, 12.9237251539001], [77.61875195730016, 12.92371714560027], [77.61875610720011, 12.92370917530029], [77.61876033350018, 12.92370124390028], [77.61876463600021, 12.9236933519001], [77.61876901420021, 12.92368550010017], [77.61877346770018, 12.92367768910021], [77.61877799620028, 12.92366991980016], [77.61878259930022, 12.92366219270032], [77.61878727640017, 12.92365450850013], [77.61879202740029, 12.92364686810021], [77.6188381603033, 12.9235726790878], [77.61908796877513, 12.9231709475112], [77.61909050740032, 12.92316686500015], [77.61910999190017, 12.92313352570019], [77.61919504560025, 12.92299748750024], [77.61937295740023, 12.92272764149994], [77.61946213210017, 12.92259039970013], [77.61952687200021, 12.92249262730019], [77.61956926630201, 12.92242916491976], [77.61959228370027, 12.92239470890025], [77.61963726200007, 12.92232335980026], [77.61969103950025, 12.92223844400019], [77.61973029040018, 12.92217646600021], [77.6197401697301, 12.92216086631407], [77.61979009980028, 12.92208202559999], [77.61982345420022, 12.9220284519002], [77.61986578760032, 12.92195994560016], [77.61990018000017, 12.92190299150029], [77.61994215220028, 12.92183176630015], [77.61997727890027, 12.92177237560015], [77.62001603930032, 12.92170652930018], [77.62005062355131, 12.92164863776913], [77.6200531697002, 12.92164437570023], [77.62008965190022, 12.92158330710026], [77.62012170560018, 12.9215296514003], [77.62021535090027, 12.92136736190026], [77.62021923970026, 12.92136113080018], [77.62022312790026, 12.92135489930018], [77.62022701550019, 12.92134866740027], [77.62023090250023, 12.92134243530023], [77.62023478890023, 12.92133620270024], [77.62023867470019, 12.92132996979996], [77.62024255990023, 12.9213237365002], [77.62024644440028, 12.92131750290025], [77.62025032840025, 12.92131126890029], [77.62025421180016, 12.9213050346001], [77.6202580947002, 12.92129879990022], [77.62026197690017, 12.92129256480018], [77.62026585850033, 12.92128632940022], [77.62026973950013, 12.92128009360027], [77.62027361990017, 12.92127385750031], [77.6202774997003, 12.92126762100024], [77.62028137890017, 12.9212613841002], [77.62028525750021, 12.92125514690008], [77.62028913550017, 12.92124890930013], [77.62029301290029, 12.92124267140021], [77.62029688980017, 12.92123643310013], [77.6203007660003, 12.9212301945003], [77.62030464160021, 12.92122395550022], [77.6203085166003, 12.92121771609994], [77.62031239100025, 12.92121147640019], [77.62031626490023, 12.92120523630019], [77.6203201381003, 12.92119899590015], [77.6203240107003, 12.92119275510028], [77.6203278828001, 12.92118651400016], [77.62033175420022, 12.92118027250008], [77.62033562500022, 12.92117403060029], [77.62033949520027, 12.92116778840029], [77.62034336490018, 12.92116154580025], [77.62034723390026, 12.92115530289998], [77.62035110230022, 12.9211490596003], [77.62035497020018, 12.92114281600014], [77.62035883740026, 12.92113657190015], [77.6203627040003, 12.92113032759995], [77.62036657010026, 12.92112408290023], [77.6203704355003, 12.92111783780019], [77.62037430040023, 12.92111159240024], [77.62037655092723, 12.9211079548188], [77.62037816460018, 12.92110534659992], [77.62038202820007, 12.92109910040028], [77.62038589130015, 12.92109285390005], [77.62038975370018, 12.92108660710021], [77.62039361560026, 12.92108035989993], [77.62039747680018, 12.92107411230017], [77.62040133740022, 12.92106786440018], [77.62040519750019, 12.92106161610018], [77.62040905690026, 12.9210553674003], [77.62041291580015, 12.92104911840022], [77.62041677400015, 12.92104286910011], [77.62042063170026, 12.92103661940019], [77.62042448870027, 12.92103036930019], [77.62042834510027, 12.92102411890015], [77.62043220100026, 12.92101786810031], [77.62043605620018, 12.9210116170002], [77.62043991090017, 12.92100536550028], [77.6204437649003, 12.92099911359992], [77.62044761840026, 12.92099286140028], [77.6204514712003, 12.92098660890025], [77.62045532350025, 12.92098035600021], [77.62045917510018, 12.92097410270025], [77.62046302610025, 12.92096784909993], [77.62046687660025, 12.92096159510013], [77.62047072640017, 12.92095534080018], [77.62047457570024, 12.92094908610026], [77.62047842430029, 12.92094283100022], [77.62048227240025, 12.92093657560026], [77.62048611980032, 12.92093031990015], [77.6204899666002, 12.92092406380015], [77.62049381290016, 12.92091780730027], [77.62049505253152, 12.92091579041745], [77.62049765850008, 12.92091155050023], [77.62050150360015, 12.92090529330011], [77.62050534800015, 12.92089903579999], [77.62050919190028, 12.92089277790024], [77.62051303510019, 12.9208865197002], [77.6205168777002, 12.9208802611002], [77.6205207198002, 12.92087400210028], [77.62052456120027, 12.92086774280016], [77.62052840200026, 12.92086148320005], [77.62053224230027, 12.92085522310025], [77.62053608190023, 12.92084896280021], [77.62053992100026, 12.92084270210017], [77.62054375940026, 12.92083644100029], [77.62054759720026, 12.92083017950017], [77.62055143450026, 12.92082391780017], [77.62055527110017, 12.92081765560022], [77.62055910710029, 12.92081139310018], [77.62056294250017, 12.9208051303001], [77.6205667774002, 12.92079886710018], [77.6205706116002, 12.92079260350022], [77.62057444520032, 12.9207863396003], [77.62057827830016, 12.92078007540026], [77.62058023784101, 12.92077687220256], [77.6205821107002, 12.92077381070023], [77.62058594250016, 12.92076754580019], [77.62058977370019, 12.92076128040003], [77.62059360430023, 12.92075501480007], [77.62059743440018, 12.92074874870023], [77.62060126380025, 12.92074248230023], [77.6206050926001, 12.92073621560003], [77.6206089208003, 12.92072994850031], [77.6206127484002, 12.9207236811002], [77.62061657540029, 12.92071741330023], [77.62062040180024, 12.92071114510004], [77.6206242277002, 12.9207048766002], [77.62062539076221, 12.92070297055544], [77.62062805290027, 12.92069860780016], [77.62063187750027, 12.9206923385002], [77.62063570150023, 12.92068606900028], [77.62063952490018, 12.92067979910028], [77.62064334770018, 12.92067352880024], [77.62064716990018, 12.92066725820024], [77.62065099150026, 12.92066098720016], [77.62065481250018, 12.92065471590024], [77.62065863290029, 12.92064844420024], [77.62066245270029, 12.92064217209992], [77.62066627190016, 12.92063589980028], [77.62067009040015, 12.92062962700021], [77.62067390840032, 12.92062335389993], [77.62067772580019, 12.92061708050021], [77.62068154260022, 12.92061080670005], [77.62068535880019, 12.92060453250025], [77.6206891744003, 12.92059825800021], [77.62069298930014, 12.92059198320017], [77.62069680370017, 12.92058570800005], [77.62069991632269, 12.92058058618664], [77.62070061750029, 12.92057943240025], [77.6207044306002, 12.92057315649993], [77.62070824320016, 12.92056688020029], [77.62071205520016, 12.92056060360005], [77.62071586650023, 12.92055432670021], [77.62071967730026, 12.92054804930025], [77.62072348750026, 12.92054177170029], [77.6207272970003, 12.92053549370029], [77.6207311060002, 12.92052921530029], [77.62073491430017, 12.92052293660021], [77.62073872210009, 12.92051665750017], [77.6207425292002, 12.92051037810025], [77.62074633570019, 12.92050409830005], [77.62075014170019, 12.92049781810021], [77.62075394700018, 12.92049153770021], [77.62075775180021, 12.92048525679997], [77.62076155590022, 12.92047897560025], [77.62076535940032, 12.92047269410029], [77.62076916230016, 12.92046641220013], [77.62077296470015, 12.92046013000017], [77.62077676640031, 12.92045384740025], [77.62078056750015, 12.92044756450021], [77.62078436800014, 12.92044128120029], [77.6207881679003, 12.92043499750029], [77.6207919672002, 12.92042871350013], [77.62079576590021, 12.92042242920013], [77.62079771498378, 12.92041920414507], [77.62079878403638, 12.92041743523493], [77.6207995641002, 12.92041614450029], [77.62080336160028, 12.92040985950017], [77.62080715840027, 12.92040357410025], [77.6208109547003, 12.92039728830033], [77.62081475040021, 12.92039100220029], [77.6208185455003, 12.92038471580009], [77.62082234000029, 12.92037842900021], [77.6208261339002, 12.92037214179993], [77.62082992720032, 12.9203658543002], [77.62083371980015, 12.92035956650024], [77.62083751190026, 12.9203532783], [77.62084130340021, 12.92034698980016], [77.6208450942002, 12.92034070090028], [77.6208488845002, 12.92033441160016], [77.62085267410016, 12.92032812200024], [77.6208564632002, 12.92032183210004], [77.62086025160015, 12.92031554180024], [77.6208640395003, 12.9203092511002], [77.62086782670018, 12.92030296010028], [77.62087161340021, 12.92029666880019], [77.62087539940016, 12.92029037710023], [77.62087918480027, 12.92028408510019], [77.6208829697003, 12.92027779270023], [77.62088675390027, 12.92027149990015], [77.62089053750022, 12.92026520680027], [77.62089432050028, 12.92025891340011], [77.62089810290024, 12.92025261960015], [77.62090188470019, 12.92024632550015], [77.62090258347723, 12.92024516225784], [77.62090566590022, 12.92024003100011], [77.62090596950026, 12.92023954830023], [77.62090627310023, 12.92023906560031], [77.62090657670022, 12.92023858300018], [77.62090688040017, 12.9202381004003], [77.62090718410019, 12.92023761780019], [77.62090748790025, 12.92023713520022], [77.62090779170025, 12.92023665270019], [77.62090809550023, 12.92023617020027], [77.62090839930022, 12.92023568770018], [77.62090870320024, 12.92023520520031], [77.62090900720027, 12.92023472270019], [77.62090931110009, 12.92023424030015], [77.62090961510012, 12.92023375790023], [77.62090991920017, 12.92023327550014], [77.6209102232002, 12.92023279310023], [77.62091052740027, 12.92023231080019], [77.6209108315003, 12.92023182840031], [77.62091113570015, 12.92023134610019], [77.62091143990018, 12.92023086389999], [77.62091174420021, 12.92023038160027], [77.62091204850032, 12.92022989940023], [77.62091235280018, 12.92022941720019], [77.62091265720021, 12.92022893500031], [77.62091296160007, 12.92022845280023], [77.62091326600017, 12.92022797060015], [77.62091357050024, 12.92022748850031], [77.62091387500014, 12.92022700640023], [77.62091417950018, 12.92022652429999], [77.62091448410031, 12.92022604230015], [77.62091478870018, 12.92022556020011], [77.62091509340024, 12.92022507820023], [77.6209153981002, 12.92022459620023], [77.6209157028003, 12.92022411430019], [77.62091600760016, 12.92022363230011], [77.62091631240027, 12.92022315040011], [77.62091661720018, 12.92022266850007], [77.62091692210016, 12.92022218660003], [77.62091722700022, 12.92022170469999], [77.6209175320002, 12.92022122290019], [77.62091783690028, 12.92022074110031], [77.62091814200022, 12.92022025930011], [77.62091844700016, 12.92021977750027], [77.62091875210031, 12.92021929580027], [77.62091905720025, 12.92021881400023], [77.62091936240016, 12.92021833230023], [77.6209196676001, 12.92021785060023], [77.62091997280025, 12.92021736900023], [77.62092027810024, 12.92021688730019], [77.62092058340018, 12.92021640570023], [77.62092088880017, 12.92021592410019], [77.62092119420015, 12.92021544260019], [77.6209214996003, 12.92021496099999], [77.62092180500024, 12.92021447950019], [77.62092211050027, 12.92021399799999], [77.62092241600021, 12.92021351650023], [77.6209227216002, 12.92021303500003], [77.62092302720022, 12.92021255360019], [77.6209233329002, 12.92021207220023], [77.62092363850019, 12.92021159080023], [77.62092394420019, 12.92021110940027], [77.6209242500002, 12.92021062800031], [77.62092455580019, 12.92021014670031], [77.62092486160022, 12.92020966540031], [77.62092516740024, 12.92020918409999], [77.62092547330026, 12.92020870290019], [77.62092577930025, 12.92020822160019], [77.62092608520028, 12.92020774040027], [77.62092639120026, 12.92020725920027], [77.62092669730016, 12.92020677800031], [77.62092700330015, 12.92020629690019], [77.62092730940022, 12.92020581580023], [77.62092761560024, 12.92020533460027], [77.62092792180027, 12.92020485360031], [77.62092822800014, 12.92020437250015], [77.62092853420025, 12.92020389150019], [77.62092884050027, 12.92020341040023], [77.62092914690017, 12.92020292940007], [77.62092945320019, 12.92020244850015], [77.62092975960026, 12.92020196750023], [77.62093006600033, 12.92020148660007], [77.6209303725002, 12.92020100570015], [77.62093067900025, 12.92020052480023], [77.62093098560017, 12.92020004390023], [77.62093129210022, 12.92019956310016], [77.62093159880017, 12.92019908230028], [77.62093190540024, 12.92019860150015], [77.62093221210019, 12.9201981207002], [77.62093251880025, 12.92019764000024], [77.62093282560015, 12.92019715920016], [77.62093313240022, 12.92019667850024], [77.62093343920013, 12.92019619780028], [77.62093374610028, 12.9201957172002], [77.62093405300021, 12.92019523649992], [77.62093435990012, 12.9201947559002], [77.62093466690027, 12.92019427530028], [77.62093497390022, 12.9201937947002], [77.62093528100031, 12.92019331420028], [77.62093558810022, 12.9201928337002], [77.6209358952002, 12.92019235319992], [77.62093620240016, 12.92019187270024], [77.62093650960026, 12.92019139220032], [77.62093681680021, 12.92019091180004], [77.6209371241002, 12.92019043140016], [77.62093743140014, 12.92018995100024], [77.62093773870016, 12.92018947060016], [77.62093804610026, 12.92018899020032], [77.62093835350025, 12.9201885099002], [77.6209386609002, 12.92018802959996], [77.62093896840018, 12.92018754930008], [77.62093927590017, 12.92018706910024], [77.62093958350016, 12.92018658880012], [77.62093989110014, 12.92018610860028], [77.62094019870017, 12.9201856284002], [77.62094050640032, 12.92018514819996], [77.62094081410014, 12.92018466810028], [77.62094112180016, 12.92018418800024], [77.6209414296002, 12.92018370780016], [77.62094173740017, 12.92018322780028], [77.6209420453002, 12.92018274770028], [77.62094235320018, 12.92018226770024], [77.62094266110024, 12.92018178759996], [77.62094296900024, 12.92018130770016], [77.62094327700026, 12.92018082770028], [77.62094358510029, 12.92018034770024], [77.62094389310015, 12.9201798678002], [77.62094420120017, 12.9201793879002], [77.6209445094002, 12.92017890800032], [77.62094481750023, 12.92017842820028], [77.62094512570029, 12.92017794830024], [77.6209454340002, 12.92017746850025], [77.62094574230018, 12.92017698870024], [77.62094605060025, 12.92017650890017], [77.62094635890031, 12.92017602920021], [77.62094666730019, 12.92017554950021], [77.62094697580028, 12.92017506980017], [77.62094728420016, 12.92017459010013], [77.62094759270026, 12.92017411040029], [77.62094790130017, 12.92017363080017], [77.62094820980019, 12.92017315120029], [77.62094851840025, 12.92017267160013], [77.62094882710016, 12.92017219200029], [77.6209491358003, 12.92017171250029], [77.62094944450017, 12.92017123300029], [77.62094975320024, 12.92017075350013], [77.62095006200018, 12.92017027400017], [77.62095037080029, 12.92016979450013], [77.62095067970023, 12.92016931510017], [77.62095098860014, 12.92016883570017], [77.62095129750024, 12.92016835630017], [77.62095160650018, 12.92016787690017], [77.62095191550014, 12.92016739760021], [77.62095222450024, 12.92016691820005], [77.62095253360019, 12.92016643890025], [77.62095284270033, 12.92016595970029], [77.62095315190028, 12.92016548040009], [77.62095346110023, 12.92016500120013], [77.62095377030018, 12.92016452200017], [77.62095407950028, 12.92016404280021], [77.62095438880026, 12.92016356360021], [77.62095469820025, 12.92016308450029], [77.62095500750019, 12.92016260540013], [77.62095531690018, 12.92016212630017], [77.62095562640012, 12.92016164720025], [77.62095593580027, 12.92016116810025], [77.6209562454003, 12.92016068910018], [77.62095655490027, 12.92016021010022], [77.62095686450027, 12.92015973110006], [77.6209571741003, 12.9201592521003], [77.62095748380028, 12.92015877320018], [77.62095779350027, 12.92015829430022], [77.6209581032003, 12.9201578154001], [77.62095841290028, 12.92015733649998], [77.62095872270027, 12.92015685770026], [77.62095903260028, 12.9201563788003], [77.62095934250027, 12.92015589999998], [77.6209596524003, 12.92015542120026], [77.62095996230016, 12.92015494250018], [77.62096027230018, 12.92015446370022], [77.62096058230021, 12.9201539850003], [77.6209608923002, 12.92015350630022], [77.62096178630016, 12.92015227520016], [77.62096268070023, 12.92015104440022], [77.62096357550018, 12.92014981380019], [77.62096447060021, 12.92014858340025], [77.62096536610021, 12.92014735340011], [77.62096626200032, 12.92014612360021], [77.62096715830023, 12.92014489410019], [77.62096805490019, 12.92014366480016], [77.62096895200018, 12.9201424358003], [77.62096984940018, 12.92014120710028], [77.62097074720026, 12.92013997860018], [77.62097164540018, 12.9201387504002], [77.62097254390028, 12.92013752249994], [77.62097344280023, 12.92013629490027], [77.62097434220027, 12.92013506750021], [77.62097524190011, 12.92013384040019], [77.62097614190019, 12.92013261350017], [77.62097704240017, 12.92013138690023], [77.62097794320029, 12.92013016060025], [77.62097884440008, 12.92012893460015], [77.62097974600016, 12.92012770880024], [77.62098064800024, 12.92012648330018], [77.62098155030031, 12.92012525800016], [77.62098245310027, 12.9201240331003], [77.6209833562001, 12.92012280840016], [77.62098425970014, 12.92012158390022], [77.62098516350021, 12.92012035980024], [77.62098606780029, 12.92011913590017], [77.62098697240027, 12.92011791220027], [77.62098787740024, 12.92011668890025], [77.62098878280027, 12.92011546580023], [77.62098968860015, 12.92011424300021], [77.62099059470022, 12.92011302040003], [77.62099150120021, 12.92011179820033], [77.62099240810016, 12.92011057610019], [77.62099331540013, 12.92010935440029], [77.6209942230002, 12.92010813290022], [77.62099513110032, 12.9201069117002], [77.62099603950018, 12.92010569080018], [77.62099694820019, 12.9201044702002], [77.62099785740018, 12.92010324980026], [77.62099876690026, 12.92010202970016], [77.6209996769003, 12.92010080980022], [77.62100058720024, 12.92009959020016], [77.62100149780021, 12.92009837090029], [77.62100240890015, 12.92009715190027], [77.62100332030019, 12.92009593310029], [77.62100423210023, 12.92009471470015], [77.62100514430018, 12.92009349640021], [77.6210060568003, 12.92009227850031], [77.62100696980025, 12.92009106080025], [77.62100788310029, 12.92008984340015], [77.62100879680013, 12.92008862630013], [77.62100971080024, 12.92008740940015], [77.6210106253002, 12.92008619280017], [77.62101154010016, 12.92008497650023], [77.62101245530015, 12.92008376050028], [77.62101337090019, 12.92008254470023], [77.62101428680022, 12.92008132920016], [77.62101520310017, 12.92008011400014], [77.62101611980029, 12.92007889910032], [77.62101703690028, 12.92007768440014], [77.62101795430016, 12.9200764700002], [77.62101887220024, 12.92007525580026], [77.62101979040011, 12.9200740420002], [77.62102070890023, 12.9200728284003], [77.62102162790023, 12.92007161510024], [77.62102254720027, 12.92007040210022], [77.6210234669003, 12.92006918930024], [77.62102438700022, 12.9200679768003], [77.62102530750013, 12.92006676460016], [77.6210262283003, 12.92006555260026], [77.62102714950016, 12.92006434100016], [77.62102807110016, 12.9200631296003], [77.62102899300028, 12.92006191850028], [77.62102991530016, 12.92006070760026], [77.62103083800031, 12.92005949710012], [77.62103176110014, 12.92005828679997], [77.62103268460014, 12.92005707670024], [77.62103360840023, 12.92005586700014], [77.62103453260009, 12.92005465750007], [77.62103545720025, 12.92005344830029], [77.62103638210021, 12.92005223940027], [77.62103730740024, 12.9200510308001], [77.62103823310012, 12.92004982239995], [77.62103915920024, 12.92004861430025], [77.62104008560016, 12.92004740650015], [77.62104101250016, 12.92004619900005], [77.6210419397003, 12.92004499170019], [77.62104286720019, 12.92004378470022], [77.62104379520026, 12.92004257800023], [77.62104472350018, 12.92004137160029], [77.62104565210029, 12.92004016540016], [77.62104658120029, 12.92003895950021], [77.62104751060014, 12.92003775390016], [77.62104844040022, 12.9200365486003], [77.62104937060029, 12.92003534350012], [77.62105030120024, 12.9200341388003], [77.62105123210024, 12.92003293430016], [77.62105216340024, 12.92003173000022], [77.62105309510031, 12.92003052609992], [77.62105402710019, 12.92002932240026], [77.62105495950011, 12.9200281191002], [77.62105589230026, 12.92002691590018], [77.62105682540026, 12.9200257131002], [77.6210577590001, 12.92002451060022], [77.62105869290018, 12.92002330830024], [77.62105936408828, 12.92002244470768], [77.6210596271003, 12.92002210630018], [77.62106056180029, 12.92002090460028], [77.62106149680021, 12.92001970310018], [77.62106243220029, 12.92001850200016], [77.62106336800032, 12.92001730110018], [77.62106430410024, 12.9200161005002], [77.62106524060016, 12.92001490010022], [77.62106617750015, 12.92001370010012], [77.62106711470015, 12.92001250030006], [77.62106805230019, 12.92001130080017], [77.62106899030027, 12.92001010160014], [77.62106992870027, 12.92000890269997], [77.62107086740019, 12.92000770400019], [77.62107180650018, 12.92000650570025], [77.62107274600022, 12.92000530760015], [77.6210736858003, 12.92000410980025], [77.62107462600022, 12.92000291220019], [77.62107556660014, 12.92000171500029], [77.62107650760014, 12.92000051800011], [77.62107744890017, 12.91999932130009], [77.6210783906002, 12.91999812490019], [77.62107933270029, 12.91999692880005], [77.62108027510021, 12.91999573290012], [77.6210812179002, 12.9199945373003], [77.6210821611002, 12.91999334200024], [77.62108310460025, 12.91999214700026], [77.62108404850012, 12.91999095230004], [77.62108499280028, 12.9199897579003], [77.6210859375002, 12.91998856370016], [77.6210868825002, 12.91998736980026], [77.62108782790023, 12.9199861762002], [77.62108877360026, 12.91998498290015], [77.62108971980018, 12.91998378980013], [77.6210906663003, 12.91998259710015], [77.6210916131003, 12.91998140460021], [77.6210925604003, 12.91998021240027], [77.62109350800019, 12.91997902050013], [77.62109445600026, 12.91997782890031], [77.62109540430014, 12.91997663750005], [77.62109635300014, 12.91997544650023], [77.6210973021003, 12.91997425570026], [77.62109825150033, 12.91997306520028], [77.62109920140021, 12.9199718749001], [77.62110015150029, 12.91997068500024], [77.62110110210028, 12.91996949540014], [77.62110205300024, 12.91996830599992], [77.62110300430025, 12.91996711690031], [77.62110395600028, 12.91996592810029], [77.62110490800025, 12.91996473960011], [77.62110586040016, 12.91996355130021], [77.62110681320029, 12.91996236339991], [77.62110776630009, 12.91996117570021], [77.62110871980012, 12.9199599883], [77.62110967360024, 12.91995880120014], [77.62111062790012, 12.91995761440016], [77.62111158250032, 12.91995642790022], [77.62111253740028, 12.91995524160024], [77.62111349280032, 12.91995405570015], [77.6211144485002, 12.91995287000025], [77.62111540450023, 12.91995168460023], [77.62111636100019, 12.91995049950021], [77.62111731780016, 12.91994931470019], [77.62111827490031, 12.91994813010025], [77.62111923250019, 12.91994694590012], [77.6211201904003, 12.91994576190002], [77.6211211486002, 12.91994457820012], [77.62112210730015, 12.91994339480026], [77.62112306630031, 12.91994221170024], [77.62112402560018, 12.91994102890026], [77.62112498540023, 12.91993984630029], [77.62112594540015, 12.91993866410019], [77.62112690590027, 12.91993748210025], [77.62112786670026, 12.9199363004002], [77.62122135431092, 12.9198237597137], [77.62122767376876, 12.91981615232998], [77.62123419607785, 12.91980830075339], [77.62135378782256, 12.91966433582609], [77.62144486893129, 12.91955469209448], [77.6216067951285, 12.91935976481732], [77.62161417043579, 12.91935088639884], [77.62161579570015, 12.9193489299002], [77.62176667489784, 12.91916107982338], [77.62180196200016, 12.91911714610024], [77.62180522250031, 12.91911279020024], [77.62187913782198, 12.91903128839174], [77.62201498956871, 12.91888149315525], [77.6220152285003, 12.91888122970023], [77.62201539410025, 12.91888104710013], [77.62201555990025, 12.91888086470028], [77.62201572570022, 12.91888068230002], [77.62201589160024, 12.91888050000017], [77.62201605770025, 12.91888031780011], [77.6220162238003, 12.9188801357003], [77.62201639010016, 12.91887995370028], [77.62201655640017, 12.91887977180027], [77.62201672280027, 12.91887959000029], [77.62201688940029, 12.91887940820028], [77.62201705600017, 12.91887922650026], [77.62201722280027, 12.91887904500017], [77.62201738960016, 12.91887886350019], [77.6220175565003, 12.91887868210022], [77.6220177236002, 12.91887850080024], [77.62201789070032, 12.91887831950015], [77.62201805800026, 12.91887813840021], [77.62201822530024, 12.91887795740024], [77.62201839280021, 12.91887777640018], [77.6220185603003, 12.91887759560005], [77.62201872790031, 12.91887741480019], [77.62201889570012, 12.9188772341001], [77.6220190635003, 12.9188770535], [77.62201923150032, 12.91887687300015], [77.62201939950018, 12.91887669260029], [77.62201956760022, 12.91887651220004], [77.6220197359002, 12.91887633200018], [77.62201990420026, 12.91887615179997], [77.62202007270031, 12.91887597180015], [77.62202024120025, 12.9188757918003], [77.62202040980026, 12.91887561190008], [77.62202057860019, 12.91887543210011], [77.62202074740024, 12.91887525240013], [77.62202091630017, 12.91887507280016], [77.6220210854001, 12.91887489330018], [77.62202125450024, 12.91887471380021], [77.62202142370018, 12.91887453450027], [77.62202159310016, 12.9188743552001], [77.62202176250025, 12.9188741761002], [77.62202193200022, 12.91887399700027], [77.62202210160024, 12.91887381800017], [77.62202227140021, 12.91887363910024], [77.62202244120022, 12.91887346030018], [77.62202261110019, 12.91887328160029], [77.62202278110021, 12.91887310300019], [77.62202295130027, 12.9188729244001], [77.62202312150008, 12.91887274600025], [77.62202329180013, 12.91887256760019], [77.62202346220023, 12.91887238940017], [77.62202363270028, 12.91887221120016], [77.62202380330018, 12.91887203310027], [77.62202397400023, 12.91887185510029], [77.62202414480016, 12.91887167720028], [77.62202431570022, 12.91887149940026], [77.6220244867002, 12.91887132170029], [77.62202465780028, 12.91887114399991], [77.62202482900022, 12.91887096650014], [77.62202500030016, 12.91887078899996], [77.62202517170009, 12.91887061170023], [77.62202534320026, 12.91887043440029], [77.62202551480027, 12.91887025719996], [77.62202568650025, 12.91887008020023], [77.62202585830022, 12.91886990320029], [77.62202603020025, 12.91886972630024], [77.62202620220022, 12.9188695495003], [77.6220263742003, 12.91886937270021], [77.62202654640016, 12.91886919610015], [77.62202671870017, 12.91886901960026], [77.62202689110023, 12.9188688431002], [77.62202706350024, 12.91886866680015], [77.62202723610018, 12.91886849050029], [77.62202740880024, 12.91886831430024], [77.62202758150009, 12.91886813830022], [77.62202775440022, 12.91886796230021], [77.62202792730015, 12.9188677864002], [77.62202810040026, 12.91886761060022], [77.62202827350019, 12.91886743490005], [77.62202844680031, 12.91886725920023], [77.62202862010025, 12.9188670837001], [77.62202879350026, 12.91886690830012], [77.6220289671002, 12.91886673290019], [77.62202914070018, 12.91886655770025], [77.62202931440015, 12.91886638250032], [77.6220294883002, 12.91886620740018], [77.62202966220018, 12.91886603250025], [77.62202983620024, 12.91886585760015], [77.62203001030025, 12.9188656828003], [77.62203018450026, 12.91886550810001], [77.62203035880016, 12.91886533350011], [77.62203053320017, 12.91886515900022], [77.62203070770023, 12.9188649846002], [77.62203088230028, 12.91886481020015], [77.62203105700017, 12.91886463600029], [77.6220312318003, 12.91886446190028], [77.6220314067002, 12.91886428780026], [77.6220315817003, 12.91886411390005], [77.62203175680027, 12.91886394000024], [77.62203193190017, 12.91886376620022], [77.62203210720014, 12.91886359250025], [77.62203228260027, 12.91886341900027], [77.6220324580002, 12.9188632455003], [77.62203263360023, 12.91886307210016], [77.62203280920016, 12.91886289880023], [77.62203298500022, 12.9188627255003], [77.62203316080019, 12.91886255239996], [77.62203333670017, 12.91886237940019], [77.62203351280021, 12.91886220650029], [77.62203368890023, 12.91886203360004], [77.62203386510025, 12.9188618609001], [77.6220340414003, 12.91886168820025], [77.6220342179002, 12.9188615157002], [77.62203439440026, 12.9188613432001], [77.62203457100014, 12.91886117080025], [77.6220347477002, 12.91886099860023], [77.62203492450026, 12.91886082640018], [77.62203510140023, 12.91886065430016], [77.62203527830029, 12.91886048230015], [77.62203545540022, 12.91886031040029], [77.62203563260016, 12.91886013860016], [77.6220358099003, 12.91885996690015], [77.62203598720026, 12.91885979530021], [77.62203616470028, 12.9188596237002], [77.62203634220022, 12.91885945230023], [77.62203651990019, 12.91885928100009], [77.62203669760021, 12.9188591097002], [77.62204370260014, 12.91885250540033], [77.62204388410028, 12.91885233790016], [77.62204406570025, 12.91885217060018], [77.62204424730027, 12.91885200340029], [77.62204442910024, 12.91885183620031], [77.62204461090022, 12.91885166920018], [77.62204479290027, 12.91885150220025], [77.62204497490029, 12.91885133539999], [77.6220451570003, 12.9188511686001], [77.62204533920016, 12.9188510020002], [77.62204552150017, 12.91885083540019], [77.62204570390027, 12.9188506689003], [77.62204588640016, 12.9188505026002], [77.62204606900018, 12.91885033630019], [77.62204625170027, 12.91885017009998], [77.62204643440013, 12.91885000400016], [77.62204661730027, 12.91884983810031], [77.62226744974627, 12.91864949570715], [77.62227509773396, 12.91864255734167], [77.62251924054213, 12.91842106745036], [77.62256041300013, 12.91838371520019], [77.62268903342073, 12.91826000006553], [77.62269571340585, 12.91825357483986], [77.62273328660017, 12.91821743460026], [77.6227336565002, 12.91821706880023], [77.62273402650023, 12.91821670300004], [77.62273439660025, 12.91821633740021], [77.62273476680029, 12.91821597180022], [77.62273513700016, 12.91821560640027], [77.62273550740026, 12.91821524100008], [77.6227358779003, 12.91821487570013], [77.62273624840022, 12.91821451050022], [77.62273661910028, 12.91821414540003], [77.62273698990028, 12.91821378050032], [77.62273736070019, 12.91821341550021], [77.6227377316003, 12.91821305070026], [77.62273810270024, 12.91821268600019], [77.62273847380015, 12.91821232140024], [77.62273884510019, 12.91821195690001], [77.62273921640029, 12.9182115924001], [77.62273958780025, 12.91821122810023], [77.62273995930023, 12.9182108638002], [77.62274033090023, 12.91821049970033], [77.62274070260025, 12.91821013560026], [77.62274107440025, 12.91820977160023], [77.62274144630028, 12.91820940780024], [77.62274181830031, 12.91820904400021], [77.62274219040019, 12.91820868030022], [77.62274256260025, 12.91820831670003], [77.62274293490009, 12.91820795320024], [77.62274330720015, 12.91820758980025], [77.62274367970026, 12.9182072265001], [77.62274405230018, 12.91820686330015], [77.62274442490025, 12.9182065001002], [77.62274479770012, 12.91820613710025], [77.62274517050027, 12.91820577420014], [77.62274554350022, 12.91820541130022], [77.62274591650014, 12.91820504859992], [77.62274628960029, 12.91820468590021], [77.62274666290023, 12.91820432340014], [77.62274703620022, 12.91820396090026], [77.62274740960021, 12.91820359850016], [77.62274778310017, 12.91820323620009], [77.6227481567002, 12.91820287400025], [77.62274853040019, 12.91820251190019], [77.62274890420018, 12.9182021499002], [77.62274927810024, 12.91820178800016], [77.62274965210024, 12.91820142620013], [77.62275002620026, 12.91820106450011], [77.62275040030018, 12.91820070290015], [77.6227507746002, 12.91820034140017], [77.62275114900028, 12.91819997990018], [77.62275152340015, 12.91819961860023], [77.62275189800023, 12.91819925730004], [77.62275227260018, 12.91819889620029], [77.62275264740025, 12.91819853510014], [77.6227530222002, 12.91819817420019], [77.62275339710027, 12.91819781330032], [77.62275377220023, 12.91819745250017], [77.62275414730021, 12.91819709180026], [77.62275452250033, 12.91819673130023], [77.62275489780028, 12.91819637080012], [77.62275527320027, 12.91819601040025], [77.62275564870026, 12.91819565010018], [77.62275602430024, 12.91819528990015], [77.62275640000024, 12.91819492970028], [77.62275677570027, 12.91819456970025], [77.6227571516003, 12.91819420980022], [77.6227575276003, 12.91819385000019], [77.6227579036002, 12.91819349020016], [77.62275827980024, 12.91819313060017], [77.6227586561003, 12.91819277110022], [77.62275903240014, 12.91819241160023], [77.6227594088002, 12.91819205230008], [77.62275978540032, 12.91819169299993], [77.62276016200019, 12.91819133380018], [77.6227605387001, 12.91819097480023], [77.62276091550025, 12.91819061580008], [77.6227612924002, 12.91819025690017], [77.62276166940028, 12.91818989810026], [77.62276204650023, 12.91818953940015], [77.62276242370018, 12.91818918080024], [77.6227628010002, 12.91818882230017], [77.62276317840032, 12.9181884639001], [77.6227635558003, 12.91818810560023], [77.62276393340026, 12.91818774740016], [77.62276431100014, 12.91818738930017], [77.62276468880016, 12.9181870312001], [77.62276506660015, 12.91818667330027], [77.62276544460019, 12.91818631550024], [77.62276582260021, 12.91818595770025], [77.62276620070026, 12.91818560010022], [77.62276657890028, 12.91818524250028], [77.6227669573002, 12.91818488510028], [77.62276733570026, 12.9181845277003], [77.62276771420018, 12.91818417040015], [77.62276809280024, 12.91818381330016], [77.62276847140016, 12.91818345620029], [77.62276885020027, 12.91818309920014], [77.62276922910019, 12.91818274230019], [77.62276960810026, 12.91818238550032], [77.62276998710024, 12.91818202880017], [77.6227703663002, 12.9181816722001], [77.62277074550015, 12.91818131570023], [77.6227711248003, 12.91818095930012], [77.62277150430009, 12.91818060300029], [77.62277188380028, 12.91818024680022], [77.62277226340031, 12.91817989070019], [77.6227726431003, 12.91817953460012], [77.62277302290029, 12.91817917870033], [77.62277340280029, 12.9181788229003], [77.62277378280015, 12.91817846710027], [77.62277416290023, 12.91817811150024], [77.62277454310026, 12.91817775600009], [77.62277492330013, 12.91817740050015], [77.62277530370021, 12.91817704510016], [77.62277568420028, 12.91817668990001], [77.62277606470019, 12.91817633470026], [77.6227764454003, 12.91817597960027], [77.62277682610016, 12.91817562470016], [77.62277720690008, 12.91817526980025], [77.62277758780023, 12.91817491500014], [77.62277796880015, 12.91817456030027], [77.62277834990026, 12.91817420570016], [77.62277873110025, 12.91817385120025], [77.62277911240024, 12.91817349680018], [77.6227794938002, 12.91817314250011], [77.62277987530018, 12.91817278830024], [77.62278025690017, 12.91817243420025], [77.62278063850016, 12.91817208020003], [77.6227810203002, 12.9181717263], [77.62278140210019, 12.91817137250017], [77.62278178410025, 12.91817101870014], [77.62278216610025, 12.91817066510015], [77.62278254820029, 12.9181703116002], [77.62278293040019, 12.91816995810017], [77.62278331270022, 12.91816960480018], [77.6227836951003, 12.91816925160027], [77.62278407760022, 12.91816889840016], [77.62278446020032, 12.91816854540017], [77.62278484290023, 12.91816819240006], [77.62278522570027, 12.91816783950031], [77.62278560850022, 12.9181674868002], [77.62278599150017, 12.91816713410014], [77.62278637450008, 12.91816678150027], [77.62278675770027, 12.91816642910016], [77.62278714090023, 12.91816607670029], [77.62278752420018, 12.91816572440026], [77.62278790760017, 12.91816537220019], [77.62278829110016, 12.91816502010016], [77.62278867470032, 12.91816466810029], [77.6227890584003, 12.91816431620026], [77.62278944220013, 12.91816396440027], [77.6227898261002, 12.91816361270024], [77.62279021000023, 12.91816326110022], [77.62279059410027, 12.91816290960007], [77.6227909783003, 12.91816255820008], [77.62279136250014, 12.91816220690017], [77.62279174680025, 12.91816185570018], [77.62279213130027, 12.91816150460023], [77.62279251580019, 12.91816115350032], [77.62279290040026, 12.91816080260021], [77.62279328510022, 12.91816045180006], [77.62279366990032, 12.91816010100019], [77.62279405480024, 12.91815975040024], [77.62279443980019, 12.91815939990018], [77.6227948248001, 12.91815904940031], [77.62279521000029, 12.91815869910004], [77.6227955952002, 12.91815834880021], [77.6227959806002, 12.91815799870018], [77.62279636600023, 12.91815764860031], [77.62279675150018, 12.91815729860024], [77.62279713720017, 12.91815694880021], [77.6227975229002, 12.91815659900002], [77.62279790870019, 12.91815624930024], [77.62279829460023, 12.91815589980025], [77.62279868050022, 12.91815555030006], [77.6227990666003, 12.91815520090027], [77.62279945280017, 12.91815485160016], [77.6227998390002, 12.91815450250021], [77.62280022540027, 12.91815415340006], [77.62280061180019, 12.91815380439995], [77.62280099840025, 12.9181534555002], [77.62280138500016, 12.9181531067003], [77.62280401260018, 12.9181507948003], [77.62280664510024, 12.91814848820019], [77.62280928250021, 12.91814618690004], [77.62281192470027, 12.91814389110029], [77.62281457180022, 12.91814160060022], [77.62281722370028, 12.91813931550023], [77.62281988040026, 12.91813703580028], [77.62282254190023, 12.91813476150026], [77.6228252083003, 12.91813249259995], [77.62282787940023, 12.9181302291002], [77.62283055530014, 12.91812797110021], [77.6228332359002, 12.91812571850011], [77.62283592130018, 12.91812347140016], [77.62283861150024, 12.91812122970022], [77.62284130640023, 12.91811899350019], [77.62284400600021, 12.91811676280032], [77.62284671030028, 12.91811453750018], [77.62284941930027, 12.9181123178002], [77.62285213290029, 12.91811010360017], [77.62285485130019, 12.91810789490027], [77.62285757430014, 12.91810569170021], [77.62286030200016, 12.91810349410019], [77.62286303430022, 12.9181013020002], [77.62286577120018, 12.91809911550014], [77.62286851270017, 12.91809693460004], [77.62287085220919, 12.91809508129269], [77.62287125880023, 12.9180947592003], [77.62287400960018, 12.91809258940016], [77.62287676490017, 12.9180904252001], [77.6228795247002, 12.91808826660025], [77.6228822891003, 12.91808611360011], [77.6228850581003, 12.91808396630017], [77.62288783160028, 12.91808182460023], [77.62289060960028, 12.91807968850001], [77.62289339210027, 12.9180775581002], [77.62289617910021, 12.9180754333001], [77.6228989706002, 12.91807331420017], [77.62290176660024, 12.91807120080023], [77.62290323323042, 12.91807009695186], [77.62290456700015, 12.9180690930999], [77.6229073718003, 12.91806699100028], [77.6229101811003, 12.91806489470027], [77.62291299490016, 12.91806280410022], [77.6229158130002, 12.91806071920028], [77.62291863550031, 12.91805864000019], [77.62292146240027, 12.9180565666003], [77.62292429370031, 12.91805449900009], [77.6229271294003, 12.91805243709996], [77.62292996940018, 12.91805038090011], [77.62293281370029, 12.9180483305003], [77.62293566240021, 12.91804628600029], [77.62293851530016, 12.9180442472002], [77.62294137260015, 12.91804221420027], [77.62294423420019, 12.91804018700018], [77.62294710000019, 12.91803816570026], [77.62294997010015, 12.91803615019997], [77.62295284450022, 12.9180341405002], [77.6229557230003, 12.91803213670024], [77.62295860590031, 12.91803013870003], [77.62296149290022, 12.91802814660027], [77.62296438410026, 12.91802616030018], [77.62296727950026, 12.91802418000022], [77.62297017910026, 12.91802220550018], [77.62297308290015, 12.91802023690029], [77.62297599080023, 12.91801827420029], [77.6229789029003, 12.91801631750021], [77.62298181910019, 12.91801436660016], [77.62298473930026, 12.91801242170028], [77.62298766370019, 12.9180104828], [77.62299059220027, 12.91800854980012], [77.62299352480024, 12.9180066227002], [77.62299646140019, 12.91800470160013], [77.62299940210028, 12.91800278650029], [77.62300234680025, 12.91800087740017], [77.62300529560021, 12.91799897420025], [77.62300824830014, 12.91799707710021], [77.6230112051003, 12.9179951859003], [77.62301416580027, 12.91799330080022], [77.62301713060019, 12.91799142170015], [77.62302009920019, 12.91798954860023], [77.62302307190028, 12.91798768150016], [77.6230260484002, 12.91798582050028], [77.62302902890013, 12.91798396560025], [77.6230320134003, 12.91798211670018], [77.62303500170019, 12.9179802739003], [77.62303799390024, 12.91797843720023], [77.62304098990016, 12.9179766065002], [77.62304398990021, 12.91797478200021], [77.62304699360027, 12.91797296350018], [77.62305000120016, 12.91797115119999], [77.62305301270015, 12.9179693449002], [77.6230560279002, 12.91796754480021], [77.62305904700014, 12.91796575090022], [77.62306206980016, 12.91796396300007], [77.62306509640024, 12.9179621814002], [77.62306812670018, 12.91796040580006], [77.62307116080022, 12.91795863650015], [77.62307419860015, 12.91795687330024], [77.6230772402002, 12.91795511630022], [77.62308028540018, 12.91795336540016], [77.62308333430015, 12.91795162080029], [77.62308638700028, 12.91794988230011], [77.62308944320021, 12.91794815010028], [77.62309250320027, 12.91794642410018], [77.62309556670016, 12.91794470430024], [77.62309863390014, 12.9179429908001], [77.62310112439292, 12.9179416060577], [77.62310170470028, 12.91794128340023], [77.6231047792002, 12.91793958240013], [77.62310758585504, 12.91793803686595], [77.62310785710014, 12.91793788749991], [77.62311093870015, 12.91793619900029], [77.62311402380017, 12.91793451670031], [77.62311711250015, 12.91793284070017], [77.62312020470024, 12.91793117090004], [77.6231233005001, 12.91792950750018], [77.62312639970031, 12.91792785030024], [77.62312950240029, 12.91792619940018], [77.62313260860019, 12.91792455490021], [77.6231357183002, 12.91792291670019], [77.62313883150023, 12.9179212848003], [77.62314194800017, 12.9179196592002], [77.62314506800027, 12.91791804000031], [77.62314819140028, 12.91791642710026], [77.6231513183003, 12.91791482050024], [77.6231544485002, 12.91791322040031], [77.62315758200026, 12.91791162650014], [77.62316071900024, 12.91791003910025], [77.6231638592003, 12.91790845800024], [77.62316700290025, 12.91790688340022], [77.62317014980022, 12.91790531510026], [77.62317330000032, 12.91790375320029], [77.62317645360014, 12.9179021977], [77.62317961040033, 12.91790064860015], [77.62318277040022, 12.91789910600018], [77.62318593380024, 12.91789756980018], [77.6231891003002, 12.91789604000025], [77.62319227010029, 12.9178945166002], [77.62319544310027, 12.91789299970016], [77.62319861930018, 12.91789148930019], [77.62320179870024, 12.91788998530023], [77.62320498120015, 12.91788848780014], [77.62320816700024, 12.9178869967003], [77.6232113558002, 12.9178855122001], [77.62321454780017, 12.91788403410017], [77.62321774290028, 12.91788256250025], [77.62322094110027, 12.91788109740021], [77.62322414240025, 12.91787963880025], [77.62322734670023, 12.91787818670025], [77.62323055410026, 12.91787674110021], [77.62323376460017, 12.91787530209997], [77.62323697810024, 12.91787386950017], [77.62324019460021, 12.91787244350017], [77.6232434141002, 12.91787102410014], [77.6232466366002, 12.9178696112001], [77.62324986210022, 12.91786820480014], [77.6232530906002, 12.91786680510023], [77.62325632200027, 12.91786541180015], [77.62325955630018, 12.91786402520016], [77.62326279360018, 12.91786264510024], [77.62326603380028, 12.91786127160021], [77.62326927680014, 12.91785990469998], [77.62327252280022, 12.91785854440002], [77.6232757716002, 12.91785719070015], [77.62327902320027, 12.91785584360008], [77.62328227770023, 12.91785450310009], [77.62328553510025, 12.91785316920022], [77.62328879520021, 12.91785184200019], [77.62329205810016, 12.9178505213002], [77.62329532390027, 12.91784920740025], [77.62329859230022, 12.91784790000018], [77.62330186360025, 12.91784659930015], [77.62330513760031, 12.91784530530025], [77.62330841430031, 12.91784401790022], [77.62331169370015, 12.91784273710023], [77.62331497580026, 12.91784146310029], [77.62331826060029, 12.91784019570026], [77.62332154810012, 12.91783893500024], [77.62332483820023, 12.91783768100013], [77.62332813100022, 12.91783643360027], [77.6233314264003, 12.91783519299993], [77.62333472440021, 12.91783395900019], [77.62333802500017, 12.91783273180016], [77.6233413282002, 12.91783151129998], [77.62334308860018, 12.91783091350013], [77.62334485060016, 12.91783032010017], [77.62334661420027, 12.9178297312], [77.62334837940018, 12.91782914679995], [77.62335014600016, 12.91782856690026], [77.62335191420016, 12.91782799150009], [77.62335368390029, 12.91782742050017], [77.62335545510017, 12.9178268541002], [77.62335722780023, 12.91782629210019], [77.62335900200021, 12.91782573470014], [77.62336077760013, 12.91782518180026], [77.6233625547002, 12.9178246333003], [77.62336433330022, 12.91782408940033], [77.62336611320016, 12.91782355010032], [77.62336789460028, 12.91782301520016], [77.62336967740015, 12.91782248480032], [77.62337146160029, 12.91782195900027], [77.62337324710023, 12.91782143770031], [77.62337503400026, 12.91782092100015], [77.62337682230026, 12.9178204088003], [77.62337861200024, 12.91781990110026], [77.62338040290031, 12.9178193980001], [77.62338219520029, 12.91781889950022], [77.62338398880017, 12.91781840540018], [77.62338578370027, 12.91781791600018], [77.62338757990022, 12.91781743110022], [77.62338937740022, 12.91781695079998], [77.6233911761002, 12.91781647500018], [77.62339297600015, 12.91781600379998], [77.62339477720026, 12.9178155372003], [77.62339657970028, 12.91781507510022], [77.6233983833002, 12.91781461760023], [77.62340018820026, 12.91781416470031], [77.62340199420022, 12.91781371640023], [77.62340380140029, 12.91781327270023], [77.62340560980016, 12.91781283360024], [77.62340741930022, 12.91781239910016], [77.62340923000026, 12.91781196910017], [77.62341104180025, 12.91781154379997], [77.62341285470028, 12.91781112300026], [77.62341466870026, 12.91781070690002], [77.62341648380014, 12.91781029540023], [77.62341830000032, 12.91780988850031], [77.6234201173002, 12.9178094862002], [77.62342193560023, 12.91780908850025], [77.62342375490014, 12.91780869540025], [77.62342557530029, 12.91780830700018], [77.62342739670028, 12.91780792320019], [77.62342921910027, 12.91780754400004], [77.62343104250014, 12.91780716940029], [77.62343286690022, 12.9178067995003], [77.6234346923003, 12.91780643420015], [77.62343651860027, 12.91780607350024], [77.62343834590018, 12.91780571750017], [77.62344017410014, 12.91780536610018], [77.62344200320025, 12.91780501940031], [77.6234438332002, 12.91780467730028], [77.62344566410032, 12.91780433980029], [77.62344749600027, 12.91780400710019], [77.62344932860026, 12.91780367890016], [77.62345116220017, 12.91780335540017], [77.62345299660024, 12.91780303660027], [77.62345483180032, 12.9178027224002], [77.62345666780027, 12.91780241290025], [77.62345850470014, 12.91780210810015], [77.62346034240029, 12.91780180790028], [77.62346218080029, 12.91780151240026], [77.6234640200002, 12.91780122150016], [77.62346586000018, 12.91780093540013], [77.62346770070017, 12.91780065390015], [77.62346954220017, 12.91780037710025], [77.62347138440016, 12.91780010490022], [77.62347322730015, 12.91779983740024], [77.62347507090027, 12.91779957470014], [77.6234769151003, 12.91779931660012], [77.62347876010017, 12.91779906310014], [77.62348060570032, 12.9177988144002], [77.62348245200032, 12.91779857040026], [77.62348429890015, 12.91779833100024], [77.62348614650027, 12.91779809630014], [77.6234879946003, 12.9177978664002], [77.62348984340014, 12.91779764110022], [77.62349169270021, 12.91779742050012], [77.6234935426002, 12.91779720459994], [77.6234953931002, 12.91779699340021], [77.6234972441003, 12.91779678690027], [77.62349909570018, 12.91779658519993], [77.62350094780021, 12.9177963881002], [77.6235028004002, 12.9177961957003], [77.62350465350012, 12.91779600800016], [77.62350650710027, 12.91779582510027], [77.62350836120022, 12.91779564680017], [77.62351021570026, 12.9177954732002], [77.62351207070033, 12.91779530440011], [77.62351392610024, 12.91779514029993], [77.6235157820002, 12.91779498080012], [77.6235176383002, 12.91779482610027], [77.62351949490022, 12.91779467610025], [77.6235213520003, 12.91779453090008], [77.62352320940022, 12.91779439030023], [77.6235250673002, 12.91779425450022], [77.6235269254002, 12.91779412330009], [77.6235287839002, 12.91779399690024], [77.62353064270023, 12.91779387520023], [77.62353250190019, 12.91779375829998], [77.62353436130026, 12.91779364600013], [77.62353622110021, 12.91779353850016], [77.62353808110021, 12.91779343570027], [77.62353994130017, 12.91779333760026], [77.62354180190023, 12.9177932443003], [77.62354366260023, 12.91779315570005], [77.62354552360019, 12.91779307180024], [77.62354738480026, 12.91779299260032], [77.62354924630017, 12.91779291810023], [77.62355110790024, 12.91779284840026], [77.6235529696002, 12.91779278340018], [77.62355483160019, 12.91779272320013], [77.62355669370022, 12.91779266760017], [77.62355855590015, 12.91779261680028], [77.62356041830022, 12.91779257070028], [77.6235615423408, 12.91779254577518], [77.62356228080021, 12.91779252940016], [77.62356414340024, 12.91779249280027], [77.62356600600027, 12.91779246090011], [77.62356786880031, 12.91779243370019], [77.62356973160018, 12.91779241129995], [77.62357159450026, 12.91779239360018], [77.62357345740014, 12.91779238060026], [77.62357532030018, 12.91779237240022], [77.62357718330024, 12.91779236890026], [77.62357904630016, 12.91779237010018], [77.6235809092002, 12.91779237600018], [77.62358277210024, 12.9177923867003], [77.62358463500014, 12.91779240210019], [77.62358649790018, 12.91779242230023], [77.62358836070025, 12.91779244720015], [77.62359022340029, 12.91779247680027], [77.62359208600031, 12.91779251109995], [77.62359394860016, 12.91779255020028], [77.62359581100014, 12.9177925940002], [77.62359767330018, 12.91779264250028], [77.62359953550033, 12.91779269580017], [77.6236013975003, 12.91779275370022], [77.62360325930028, 12.91779281640026], [77.62360512100024, 12.91779288390023], [77.62360698250019, 12.91779295600027], [77.62360884390027, 12.91779303290012], [77.6236107050003, 12.91779311460017], [77.62361256580022, 12.91779320090017], [77.62361442650025, 12.9177932920003], [77.62361628690024, 12.91779338780027], [77.62361814700024, 12.91779348830016], [77.6236200069002, 12.91779359350028], [77.62362186650019, 12.91779370350009], [77.62362372580026, 12.91779381820014], [77.62362558470029, 12.91779393760011], [77.62362744340017, 12.91779406170032], [77.62362930170012, 12.91779419060021], [77.62363115970015, 12.91779432410022], [77.62363301730026, 12.91779446240024], [77.62363487460014, 12.91779460540017], [77.62363673140021, 12.91779475310018], [77.62363858790025, 12.91779490560019], [77.6236404440002, 12.91779506270013], [77.62364229960012, 12.91779522460014], [77.62364415480023, 12.91779539110019], [77.62364600960031, 12.91779556240017], [77.6236478639003, 12.91779573840018], [77.62364971770025, 12.91779591910024], [77.62365157100017, 12.91779610450021], [77.62365342390024, 12.91779629460023], [77.62365527620022, 12.91779648940028], [77.62365712810022, 12.9177966889003], [77.62365897940026, 12.91779689310016], [77.62366083010018, 12.91779710210021], [77.62366268030028, 12.91779731570023], [77.62366452990024, 12.91779753400029], [77.62366637890011, 12.91779775700003], [77.62366822740019, 12.91779798470021], [77.62367007520025, 12.91779821710027], [77.6236719224002, 12.91779845420017], [77.62390402266043, 12.91783801962686], [77.62390663971688, 12.9178384657484], [77.62392678960519, 12.91784190063877], [77.62392702709901, 12.91784194112375], [77.62393180560014, 12.91784275569988], [77.6240585859659, 12.91748053492334], [77.62398137804655, 12.91743768441636], [77.62390740980135, 12.91738945654578], [77.62383705510716, 12.9173360950821], [77.62377066957545, 12.9172778697441], [77.623708588756, 12.91721507483491], [77.6236511264393, 12.9171480277547], [77.62359857307216, 12.91707706739675], [77.62355119428842, 12.91700255243419], [77.62351609465806, 12.91693851489872], [77.62348481922741, 12.91687252522188], [77.62345373321689, 12.91679455734424], [77.62342798430005, 12.91671466790002], [77.62344113952008, 12.91668304017234], [77.62347413888101, 12.9166037032382], [77.62348999599739, 12.91656557962126], [77.62351993477648, 12.91649360092574], [77.62352050400023, 12.91649223239996], [77.62352052690015, 12.91649217660016], [77.62352054980023, 12.91649212080015], [77.62352057290032, 12.91649206500019], [77.62352059600028, 12.91649200919998], [77.62352061920016, 12.91649195350022], [77.62352064240012, 12.91649189780026], [77.62352066580024, 12.91649184210025], [77.62352068920016, 12.91649178650029], [77.62352071260013, 12.91649173090032], [77.62352073620029, 12.91649167530016], [77.62352075980026, 12.91649161970019], [77.62352078350021, 12.91649156420023], [77.62352080720018, 12.9164915087003], [77.62352083110018, 12.9164914532003], [77.62352085500022, 12.91649139780021], [77.62352087890018, 12.91649134240025], [77.62352090300023, 12.91649128700008], [77.62352092710019, 12.91649123169996], [77.62352095130024, 12.91649117630019], [77.62352097560023, 12.91649112100027], [77.62352099990028, 12.91649106580019], [77.62352102430016, 12.91649101060022], [77.62352104880016, 12.9164909554001], [77.62352107330024, 12.91649090020017], [77.62352109800013, 12.91649084510029], [77.62352112260017, 12.91649079000016], [77.62352114740024, 12.9164907349002], [77.62352117220028, 12.91649067980011], [77.6235211971002, 12.91649062480019], [77.6235212221003, 12.9164905699003], [77.62352124720026, 12.91649051490022], [77.62352127230014, 12.91649046000014], [77.62352129750026, 12.91649040510005], [77.62352132270019, 12.91649035030013], [77.62352134810014, 12.91649029540024], [77.62352137350031, 12.9164902406002], [77.62352139900027, 12.91649018590027], [77.62352142450023, 12.91649013110019], [77.62352145010016, 12.91649007650019], [77.62352147580015, 12.91649002180026], [77.62352150160028, 12.91648996720022], [77.62352152740027, 12.91648991260013], [77.62352155330028, 12.91648985800025], [77.62352157930025, 12.9164898035002], [77.62352160530024, 12.91648974890016], [77.62352163140008, 12.91648969450027], [77.62352165760029, 12.91648964000023], [77.62352168390017, 12.91648958560018], [77.62352171020017, 12.91648953130014], [77.62352173660021, 12.91648947690014], [77.62352176300026, 12.91648942260025], [77.62352178960013, 12.91648936830025], [77.62352181620018, 12.91648931410004], [77.62352184290022, 12.91648925990016], [77.62352186960014, 12.91648920570019], [77.62352189640023, 12.91648915160015], [77.6235219233003, 12.91648909750018], [77.62352195030019, 12.9164890434003], [77.62352495810028, 12.91648387060019], [77.62352499180024, 12.91648382030015], [77.6235250256002, 12.9164837701003], [77.62352505950021, 12.91648371990026], [77.62352509340018, 12.91648366970025], [77.62352512740021, 12.91648361960021], [77.62352516140022, 12.9164835695002], [77.62352519550022, 12.9164835195002], [77.62352522970026, 12.91648346950024], [77.6235252640003, 12.91648341950003], [77.62352529830031, 12.91648336960003], [77.62352533260015, 12.91648331980026], [77.62352536710023, 12.91648326990026], [77.62352540160028, 12.91648322020022], [77.62352543610028, 12.91648317040029], [77.6235254708002, 12.91648312080029], [77.62352550550024, 12.91648307110016], [77.62352554020033, 12.9164830215002], [77.62352557510025, 12.91648297190024], [77.6235256100003, 12.91648292240007], [77.62352564490021, 12.91648287300031], [77.6235256799003, 12.91648282350018], [77.62352571500027, 12.91648277410018], [77.62352575569707, 12.91648271841888], [77.62352577434655, 12.91648269622367], [77.62352579504783, 12.9164826715632], [77.62352581929883, 12.91648264245317], [77.62352584561039, 12.9164826105839], [77.62352586593944, 12.91648258573853], [77.6235258847617, 12.91648256255424], [77.62352590288033, 12.91648254007798], [77.623525926605, 12.91648251037146], [77.62352595653398, 12.91648247254484], [77.62352597736192, 12.91648244601158], [77.6235259973191, 12.91648242029735], [77.62352602238917, 12.91648238773], [77.62352604285086, 12.9164823609077], [77.62352606133582, 12.91648233648], [77.6235260844096, 12.91648230574918], [77.62352610847428, 12.91648227337756], [77.62352612460825, 12.9164822515005], [77.6235261404736, 12.91648222981736], [77.62352632300008, 12.91648198070019], [77.62352649750017, 12.91648174290021], [77.62352667220023, 12.9164815052002], [77.62352684710015, 12.91648126760002], [77.62352702210025, 12.91648103010028], [77.62352719730019, 12.91648079270026], [77.62352737260017, 12.91648055550012], [77.6235275481003, 12.91648031830022], [77.6235277237003, 12.91648008130028], [77.62352789950029, 12.91647984439998], [77.6235280755003, 12.91647960760024], [77.62352825160032, 12.91647937089998], [77.62352842790017, 12.91647913430028], [77.62352860430026, 12.91647889780022], [77.62352878090032, 12.91647866150016], [77.62352895760017, 12.9164784252003], [77.6235291345003, 12.91647818910032], [77.62352931160024, 12.91647795310006], [77.62352948880017, 12.91647771720024], [77.62352966620027, 12.91647748140026], [77.62352984380028, 12.91647724570028], [77.62353002140026, 12.91647701020026], [77.62353019930028, 12.91647677470028], [77.62353037730009, 12.91647653939998], [77.62353055550018, 12.9164763042002], [77.6235307338002, 12.91647606910026], [77.62353091230021, 12.9164758341002], [77.62353109090014, 12.91647559920023], [77.62353126970021, 12.91647536450017], [77.6235314487003, 12.91647512980031], [77.62353162780028, 12.91647489530021], [77.62353180700016, 12.91647466090011], [77.62353198650014, 12.91647442660029], [77.62353216600032, 12.91647419240023], [77.6235323458003, 12.91647395840021], [77.62353252570018, 12.91647372440019], [77.62353270570016, 12.91647349060021], [77.62353288590022, 12.91647325690003], [77.62353306630023, 12.91647302330021], [77.62353324680016, 12.91647278980023], [77.62353342740022, 12.91647255640009], [77.62353360830032, 12.91647232319995], [77.62353378930021, 12.91647209000018], [77.62353397040015, 12.91647185700008], [77.62353415170024, 12.91647162410014], [77.62353433310022, 12.91647139130028], [77.62353451470022, 12.91647115870002], [77.6235346965002, 12.91647092610016], [77.62353487840022, 12.91647069370026], [77.62353506050027, 12.9164704614002], [77.62353524270026, 12.91647022920018], [77.62353542510014, 12.91646999710032], [77.6235356076002, 12.9164697651001], [77.6235357903003, 12.91646953320024], [77.62353597320019, 12.9164693015003], [77.62353615620013, 12.91646906990028], [77.62353633930026, 12.91646883839995], [77.6235365226002, 12.91646860700017], [77.62353670610021, 12.91646837580027], [77.62353688970019, 12.91646814460029], [77.62353707350029, 12.91646791360019], [77.62353725740014, 12.91646768270029], [77.62353744150016, 12.91646745190019], [77.62353762570025, 12.91646722120025], [77.6235378101003, 12.91646699070019], [77.62353799470016, 12.91646676020029], [77.62353817940021, 12.91646652990027], [77.62353836420016, 12.91646629970021], [77.62353854920025, 12.91646606970024], [77.62353873440019, 12.91646583970022], [77.62353891970015, 12.91646560990016], [77.6235391052003, 12.91646538010018], [77.62353929080031, 12.9164651505002], [77.62353947650024, 12.91646492110026], [77.62353966250026, 12.91646469170028], [77.62353984860027, 12.91646446250014], [77.62354003480017, 12.9164642333], [77.62354022120019, 12.91646400430027], [77.62354040770028, 12.91646377540021], [77.62354059440014, 12.91646354670031], [77.62354078120023, 12.91646331800017], [77.6235409682002, 12.91646308950015], [77.6235411554003, 12.91646286110021], [77.62354134270028, 12.91646263280023], [77.62354153010021, 12.91646240470017], [77.6235417178002, 12.91646217659995], [77.6235419055002, 12.91646194870014], [77.62354209340022, 12.91646172090016], [77.62354228150024, 12.91646149319998], [77.6235424697003, 12.91646126570016], [77.6235426581003, 12.91646103820022], [77.62354284660016, 12.9164608109002], [77.62354303530026, 12.91646058370014], [77.62354322410016, 12.9164603567002], [77.62354341310025, 12.91646012970027], [77.62354360220023, 12.91645990290016], [77.6235437915002, 12.91645967620007], [77.62354398090014, 12.91645944960021], [77.62354417050027, 12.91645922310011], [77.62354436020028, 12.91645899680025], [77.6235445501003, 12.91645877060023], [77.62354474010012, 12.91645854450017], [77.62354493030017, 12.91645831850019], [77.62354512060023, 12.91645809260018], [77.62354531110024, 12.9164578669002], [77.62354550180014, 12.91645764130022], [77.6235456925002, 12.9164574158002], [77.62354588350017, 12.91645719040026], [77.62354607460027, 12.91645696520016], [77.6235462658002, 12.91645674010022], [77.62354645720018, 12.91645651510025], [77.62354664870016, 12.91645629020019], [77.62354684040014, 12.91645606550025], [77.62354703230015, 12.91645584080015], [77.62354722430017, 12.91645561630033], [77.62354741640019, 12.91645539190023], [77.62354760870024, 12.91645516770017], [77.62354780110029, 12.91645494360015], [77.62354799370019, 12.91645471950018], [77.62354818650029, 12.91645449570012], [77.62354837940018, 12.91645427190014], [77.62354857240028, 12.9164540483002], [77.62354876560022, 12.91645382480022], [77.62354895890019, 12.91645360140024], [77.6235491524002, 12.91645337810023], [77.6235493460001, 12.91645315500017], [77.62354953980032, 12.91645293190023], [77.62354973380013, 12.91645270910009], [77.62354992780018, 12.91645248630023], [77.6235501221002, 12.91645226370029], [77.62355031640026, 12.91645204110008], [77.62355051100032, 12.91645181870018], [77.62355070570021, 12.91645159650016], [77.62355090050015, 12.9164513743001], [77.62355109550025, 12.91645115230028], [77.62355129060018, 12.9164509304003], [77.62355148580032, 12.91645070870029], [77.6235516813003, 12.91645048700031], [77.62355187680026, 12.91645026550013], [77.6235520725002, 12.91645004410015], [77.62355226840026, 12.91644982290025], [77.62355246440023, 12.91644960170027], [77.6235526606003, 12.91644938070018], [77.62355285690019, 12.91644915980028], [77.62355305330021, 12.91644893910018], [77.62355324990027, 12.91644871850024], [77.6235534467002, 12.91644849800002], [77.6235536436003, 12.91644827760016], [77.6235538406002, 12.91644805730011], [77.62355403780013, 12.91644783720029], [77.6235542351003, 12.91644761720023], [77.62355443260024, 12.91644739730025], [77.62355463020026, 12.91644717760023], [77.62355482800024, 12.91644695800029], [77.62355502590025, 12.91644673850012], [77.62355522400027, 12.91644651910014], [77.62355542220028, 12.9164462999002], [77.62355562060021, 12.91644608080026], [77.62355581910028, 12.91644586180012], [77.6235560178003, 12.91644564290003], [77.62355621660019, 12.91644542420017], [77.62355641550016, 12.91644520560027], [77.62355661460026, 12.91644498720017], [77.62355681380023, 12.91644476880015], [77.62355701320017, 12.91644455060009], [77.62355721280015, 12.91644433250008], [77.62355741240033, 12.91644411460026], [77.62355761220014, 12.91644389670004], [77.62355781220032, 12.91644367900026], [77.62355801230018, 12.91644346150033], [77.62355821260023, 12.91644324400011], [77.6235584130003, 12.91644302670017], [77.62355861350015, 12.91644280950003], [77.62355881420024, 12.91644259250029], [77.62355901510018, 12.91644237550019], [77.62355921610028, 12.9164421587003], [77.62355941720017, 12.91644194210024], [77.62355961850015, 12.9164417255003], [77.62355981990025, 12.91644150910024], [77.62356002140022, 12.91644129290022], [77.62356893480684, 12.91643173493976], [77.62362364720781, 12.91637306612663], [77.62362607402564, 12.91637046381862], [77.62369930098617, 12.91629194160549], [77.62374925600017, 12.91623837420026], [77.62374979190018, 12.91623779850021], [77.62375032690018, 12.91623722180013], [77.62375086090019, 12.91623664430028], [77.6237513938003, 12.91623606590003], [77.62375192580019, 12.91623548660022], [77.62375245670027, 12.91623490640017], [77.6237529867002, 12.91623432530021], [77.62375351560028, 12.91623374340016], [77.62375404350017, 12.91623316050023], [77.6237545704003, 12.91623257680014], [77.6237550962003, 12.91623199220025], [77.62375562110026, 12.9162314066002], [77.62375614490027, 12.91623082030016], [77.62375666770019, 12.91623023300019], [77.62375718950022, 12.9162296449001], [77.62375771020015, 12.91622905589997], [77.62375823000019, 12.91622846600028], [77.62375874870015, 12.91622787520019], [77.62375926630028, 12.91622728360018], [77.62375978300025, 12.91622669110005], [77.62376029860025, 12.91622609780029], [77.62376081320014, 12.91622550360016], [77.62376132670018, 12.91622490850023], [77.62376183920026, 12.91622431249998], [77.62376235070026, 12.91622371570025], [77.62376286110015, 12.91622311810024], [77.6237633704003, 12.91622251960031], [77.62376387880022, 12.91622192020014], [77.62376438610015, 12.91622132000025], [77.62376489230023, 12.91622071900032], [77.62376539750024, 12.91622011700027], [77.62376590160028, 12.9162195143001], [77.62376640470023, 12.91621891070029], [77.62376690680027, 12.91621830620016], [77.62376740780024, 12.91621770100023], [77.62376790770024, 12.9162170948001], [77.62376840660023, 12.91621648790021], [77.62376890440021, 12.91621588009996], [77.62376940110016, 12.91621527150023], [77.6237698968002, 12.91621466200026], [77.62377039150029, 12.91621405170013], [77.62377088500028, 12.9162134406002], [77.6237713775002, 12.91621282870011], [77.62377186900017, 12.91621221590022], [77.62377235930025, 12.91621160230017], [77.62377284860021, 12.91621098790027], [77.62377333690029, 12.9162103726003], [77.62377382400025, 12.91620975660005], [77.62377431010009, 12.91620913970028], [77.62377479510025, 12.91620852200027], [77.62377527900026, 12.91620790350014], [77.6237757619002, 12.91620728420013], [77.62377624370025, 12.91620666410028], [77.62377672430017, 12.91620604319995], [77.6237772040002, 12.91620542150029], [77.62377768250025, 12.9162047990002], [77.62377815990021, 12.91620417560023], [77.62377863630029, 12.91620355149998], [77.62377911150024, 12.91620292660021], [77.62377958570016, 12.9162023009002], [77.62378005880008, 12.91620167430006], [77.62378053080016, 12.91620104700025], [77.62378100170024, 12.9162004189002], [77.62378147150032, 12.91619979010023], [77.6237819402002, 12.91619916040021], [77.6237824078002, 12.91619852990008], [77.62378287430012, 12.91619789870015], [77.62378333970031, 12.9161972667003], [77.6237838040002, 12.91619663390012], [77.62378426720015, 12.91619600030015], [77.62378472930023, 12.91619536590018], [77.62378519030015, 12.91619473080029], [77.62378565020015, 12.91619409490023], [77.62378610900026, 12.91619345820026], [77.6237865666003, 12.91619282080029], [77.62378702320018, 12.9161921826002], [77.62378747860022, 12.91619154360022], [77.62378793300026, 12.91619090390021], [77.62378838620022, 12.91619026340008], [77.62378883830026, 12.91618962210011], [77.6237892893002, 12.91618898010021], [77.62378973910025, 12.91618833740012], [77.62379018790017, 12.91618769389995], [77.62379063550016, 12.91618704960025], [77.62379108200024, 12.91618640460024], [77.62379152730023, 12.91618575880022], [77.62379197160027, 12.91618511230029], [77.62379241470023, 12.91618446500032], [77.62379285670026, 12.91618381710026], [77.62379329760022, 12.91618316830009], [77.62379373730022, 12.91618251880012], [77.62379417590013, 12.91618186860022], [77.62379461330029, 12.91618121770029], [77.6237950497002, 12.91618056600027], [77.62379548490033, 12.91617991360014], [77.6237959189002, 12.91617926050021], [77.62379635180031, 12.91617860660011], [77.62379678360031, 12.91617795200022], [77.62379721420022, 12.91617729670005], [77.62379764370026, 12.91617664069999], [77.6237980721001, 12.91617598390017], [77.62379849930029, 12.9161753264002], [77.62379892540032, 12.91617466830015], [77.62379935030025, 12.91617400940021], [77.62379977400023, 12.91617334979996], [77.62380019660016, 12.91617268940022], [77.62380061810019, 12.91617202840029], [77.62380103840026, 12.91617136670027], [77.62380145760018, 12.91617070430014], [77.62380187560025, 12.9161700411002], [77.62380229240017, 12.91616937730015], [77.62380270810011, 12.91616871270001], [77.62380312260024, 12.9161680475002], [77.6238035360002, 12.91616738160018], [77.62380394820026, 12.91616671500025], [77.62380435930022, 12.91616604770007], [77.62380476910022, 12.91616537970022], [77.62380517790017, 12.91616471100008], [77.62380558540032, 12.91616404160027], [77.62380599180023, 12.91616337160001], [77.62380639700018, 12.91616270090028], [77.62380680110022, 12.91616202950026], [77.62380720400017, 12.9161613574002], [77.62380760570016, 12.91616068460023], [77.62380800620024, 12.91616001120025], [77.62380840560023, 12.9161593371], [77.62380880380026, 12.91615866230022], [77.62380920080022, 12.91615798690025], [77.62380959660021, 12.91615731080015], [77.62380999130016, 12.91615663400021], [77.62381038470012, 12.91615595660024], [77.62381077700019, 12.91615527850014], [77.6238111681003, 12.9161545998002], [77.62381155810017, 12.91615392040023], [77.62381194680029, 12.91615324040013], [77.62381233440027, 12.9161525597002], [77.62381272070031, 12.91615187830018], [77.6238131059003, 12.91615119630016], [77.62381348990017, 12.91615051370023], [77.62381387270024, 12.91614983040021], [77.62381425440027, 12.91614914650019], [77.62381463480011, 12.91614846190026], [77.6238150140003, 12.91614777670024], [77.62381539200017, 12.91614709090022], [77.6238157689002, 12.91614640440033], [77.6238161445002, 12.91614571740011], [77.6238165190003, 12.91614502960009], [77.6238168922003, 12.9161443413002], [77.62381726430017, 12.91614365230026], [77.62381763510024, 12.91614296270024], [77.62381800480023, 12.91614227250018], [77.62381837320014, 12.91614158170001], [77.62381874040028, 12.91614089020015], [77.62381910650016, 12.91614019809993], [77.62381947130022, 12.91613950550015], [77.62381983490026, 12.91613881220018], [77.62382019730029, 12.91613811830012], [77.62382055850024, 12.91613742380002], [77.62382091850027, 12.91613672870021], [77.62382127730018, 12.91613603290019], [77.62382163490021, 12.91613533660029], [77.62382199120027, 12.91613463970015], [77.62382234640023, 12.91613394220029], [77.62382270030025, 12.91613324410024], [77.62382305300032, 12.9161325454001], [77.62382336592106, 12.91613192285297], [77.62382340450027, 12.91613184610032], [77.62382375480018, 12.91613114630026], [77.62382410380029, 12.91613044579996], [77.62382445160029, 12.91612974480019], [77.62382479820019, 12.91612904310017], [77.62382514360017, 12.91612834090027], [77.6238254878002, 12.91612763820013], [77.6238258307002, 12.91612693480015], [77.62382617240019, 12.91612623090026], [77.62382651290021, 12.9161255264], [77.6238268522002, 12.91612482130002], [77.62382719020023, 12.91612411560016], [77.62382752700017, 12.91612340940026], [77.62382786250016, 12.91612270270032], [77.62382819690019, 12.91612199530014], [77.62383080910668, 12.91611645635608], [77.62385942447308, 12.91605578010058], [77.62391665520563, 12.91593442758942], [77.62405133819624, 12.91564884467942], [77.62416387284163, 12.91541022530144], [77.62422162960029, 12.91528775740023], [77.6243936569003, 12.91495415060008], [77.62446449740249, 12.9148172230577], [77.62462553959766, 12.91450594474541], [77.62462631648326, 12.91450444310432], [77.62473594086147, 12.91429255024338], [77.62477287096681, 12.91422116807616], [77.62479971250023, 12.91416928610029], [77.62480023850033, 12.91416826970016], [77.62480076470017, 12.91416725340024], [77.62480129130029, 12.91416623730015], [77.62480181800021, 12.91416522130019], [77.62480234510018, 12.91416420550019], [77.62480287240014, 12.91416318970026], [77.62480339990014, 12.91416217410022], [77.62480392780019, 12.91416115870021], [77.62480445590023, 12.91416014330021], [77.62480498420031, 12.91415912810017], [77.6248055128002, 12.91415811300016], [77.6248060417002, 12.9141570981002], [77.62480657080016, 12.9141560833002], [77.62480710020013, 12.91415506860023], [77.62480762990033, 12.91415405410027], [77.62480815980018, 12.9141530396003], [77.62480868990026, 12.91415202530022], [77.62480922040015, 12.91415101120009], [77.62480975110027, 12.91414999720017], [77.62481028200024, 12.91414898330017], [77.62481081320016, 12.9141479695002], [77.62481134470016, 12.9141469559002], [77.6248118765002, 12.91414594240019], [77.62481240850025, 12.91414492900015], [77.6248129407003, 12.91414391580031], [77.62481347320022, 12.9141429027003], [77.62481400600018, 12.9141418897001], [77.62481453910027, 12.91414087690013], [77.62481507240027, 12.91413986410013], [77.62481560590028, 12.91413885160025], [77.62481613980032, 12.91413783910024], [77.62481667380017, 12.91413682679996], [77.62481720820028, 12.91413581460024], [77.62481774280018, 12.91413480260011], [77.6248182777003, 12.91413379070023], [77.62481881280026, 12.91413277890019], [77.62481934820026, 12.91413176719994], [77.62481988380027, 12.9141307557003], [77.62482041970016, 12.91412974430021], [77.62482095590019, 12.91412873310001], [77.62482149230028, 12.91412772200021], [77.6248220290002, 12.9141267110002], [77.62482256590017, 12.91412570010004], [77.6248231032003, 12.91412468940024], [77.62482364060014, 12.91412367880031], [77.6248241783003, 12.91412266830019], [77.62482471630015, 12.91412165800006], [77.62482525460024, 12.91412064780014], [77.62482579310016, 12.91411963780026], [77.62482633190028, 12.91411862790017], [77.62482687090021, 12.91411761810025], [77.62482741020021, 12.91411660840021], [77.62482794970022, 12.9141155989002], [77.62482848950026, 12.91411458950016], [77.62482902960026, 12.91411358020031], [77.62482956990023, 12.91411257110031], [77.62483011050027, 12.91411156210011], [77.6248306513002, 12.91411055329995], [77.62483119240017, 12.91410954460018], [77.6248317338002, 12.91410853600026], [77.62483227540018, 12.91410752750029], [77.62483281730022, 12.91410651920017], [77.62483335940027, 12.91410551100025], [77.62483390180019, 12.91410450300016], [77.62483444450028, 12.91410349510028], [77.62483498740023, 12.91410248730016], [77.62483553060021, 12.91410147960015], [77.62483607400021, 12.91410047210031], [77.62483661770021, 12.91409946470027], [77.62483716170026, 12.91409845750026], [77.62483770590019, 12.91409745040022], [77.62483825040023, 12.91409644340026], [77.62483879510016, 12.91409543660025], [77.62483934010017, 12.91409442990009], [77.62483988530029, 12.91409342330013], [77.62484043090029, 12.9140924169002], [77.6248409766003, 12.91409141060028], [77.62484152270018, 12.91409040440016], [77.62484206890026, 12.91408939840027], [77.62484261550016, 12.91408839250023], [77.62484316230028, 12.91408738670015], [77.62484370940024, 12.91408638110026], [77.62484425670021, 12.91408537560022], [77.62484480430025, 12.91408437030022], [77.6248453521003, 12.91408336510017], [77.62484590020019, 12.91408236000017], [77.6248464485002, 12.91408135500001], [77.62484699720015, 12.9140803502002], [77.62484754600024, 12.91407934560028], [77.62484809520025, 12.91407834099992], [77.62485084470023, 12.91407332040018], [77.6248513954002, 12.9140723167003], [77.62485194630028, 12.91407131310025], [77.62485249750029, 12.91407030960021], [77.62485304900025, 12.91406930630017], [77.6248536007003, 12.91406830320021], [77.62485415260015, 12.9140673001002], [77.62485470490019, 12.91406629720024], [77.62485525740016, 12.91406529450024], [77.62485581010024, 12.91406429180027], [77.6248563631002, 12.91406328930015], [77.62485691640018, 12.91406228700019], [77.62485746990018, 12.9140612848003], [77.62485802370018, 12.91406028270018], [77.62485857770024, 12.91405928070014], [77.62485913200015, 12.91405827890026], [77.62485968650024, 12.91405727730017], [77.62486024140021, 12.91405627570013], [77.62486079640014, 12.91405527440033], [77.6248613517003, 12.91405427310024], [77.62486190730014, 12.91405327200028], [77.6248624632002, 12.91405227100028], [77.62486301930024, 12.91405127019992], [77.62486357560017, 12.91405026940015], [77.62486413220022, 12.91404926890023], [77.62486468910022, 12.91404826850027], [77.62486524620014, 12.91404726820014], [77.62486580360031, 12.91404626800022], [77.62486636120032, 12.91404526800018], [77.6248669191002, 12.91404426810026], [77.62486747730026, 12.91404326840017], [77.62486803570017, 12.91404226880013], [77.62486859440027, 12.91404126930029], [77.62486915330022, 12.91404027000029], [77.6248697125002, 12.91403927080004], [77.6248702719002, 12.91403827180028], [77.6248708316002, 12.91403727280028], [77.62487139160025, 12.91403627410027], [77.6248719518003, 12.91403527540011], [77.62487251220023, 12.91403427690023], [77.62487307300019, 12.91403327860023], [77.62487363390028, 12.91403228040018], [77.62487419520029, 12.91403128230026], [77.62487475670025, 12.91403028440014], [77.6248753184001, 12.91402928660029], [77.62487588040018, 12.91402828890021], [77.62487644270023, 12.91402729140021], [77.62487700520012, 12.91402629400017], [77.62487756800029, 12.91402529680017], [77.62487813100022, 12.91402429970016], [77.62487869430022, 12.91402330270016], [77.62487925790019, 12.91402230590016], [77.62487982170023, 12.91402130920023], [77.62488038570028, 12.91402031260027], [77.6248809500002, 12.91401931620015], [77.62488151460029, 12.91401832000019], [77.62488207940022, 12.91401732380031], [77.62488264450019, 12.91401632790026], [77.62488320990019, 12.91401533199998], [77.62488377550024, 12.9140143363003], [77.62488434130024, 12.91401334070025], [77.62488490740026, 12.91401234530021], [77.62488547380018, 12.91401135000017], [77.62488604040027, 12.91401035490021], [77.62488660730027, 12.91400935990021], [77.6248871744002, 12.9140083650002], [77.62488774180021, 12.91400737030024], [77.62488830950018, 12.91400637570028], [77.62488887740027, 12.91400538130016], [77.62488944550027, 12.91400438700003], [77.6248900139002, 12.91400339280011], [77.62489058260029, 12.91400239880023], [77.62489115150025, 12.91400140490015], [77.62489172070026, 12.91400041120026], [77.62489229010026, 12.91399941760022], [77.62489285980023, 12.91399842410014], [77.62489342980028, 12.91399743080018], [77.62489400000021, 12.91399643759997], [77.62489457040026, 12.91399544460017], [77.62489514120023, 12.91399445170013], [77.62489571210018, 12.91399345890021], [77.62489628330032, 12.91399246630021], [77.62489685480017, 12.91399147390028], [77.62489742660017, 12.9139904815002], [77.62489799860022, 12.91398948930028], [77.62489831966587, 12.91398893268189], [77.62489857080027, 12.9139884973002], [77.62497962649434, 12.91384802004437], [77.62517819633403, 12.91350387955582], [77.62534663250021, 12.91321196360025], [77.62544740931327, 12.9130495357831], [77.62569096990023, 12.91265697509994], [77.62579233186653, 12.91251164431629], [77.6259380404003, 12.91230273030004], [77.62606312220014, 12.91213640030031], [77.62606515980026, 12.91213358480032], [77.6260671949002, 12.91213076760016], [77.62606922750024, 12.91212794860017], [77.62607125760024, 12.91212512790026], [77.62607328510018, 12.91212230540014], [77.62607531010026, 12.91211948120023], [77.62607733260027, 12.9121166552002], [77.62607935250024, 12.91211382750016], [77.6260813699002, 12.91211099800017], [77.62608338480025, 12.91210816680017], [77.62608539710027, 12.91210533390022], [77.62608740690023, 12.91210249920026], [77.62608941410019, 12.91209966280019], [77.62609141880024, 12.91209682470027], [77.62609342100025, 12.91209398490024], [77.62609542060017, 12.91209114330024], [77.6260974177003, 12.91208830000021], [77.6260994123001, 12.91208545500005], [77.62610140420007, 12.9120826082003], [77.62610339370023, 12.91207975980022], [77.62610538060028, 12.91207690960015], [77.62610736490028, 12.91207405780027], [77.62610934670029, 12.91207120420007], [77.62611132590017, 12.91206834890028], [77.62611330250026, 12.91206549190032], [77.62611527660022, 12.91206263320016], [77.62611724820017, 12.91205977280025], [77.62611921710027, 12.91205691070017], [77.6261211835003, 12.91205404690017], [77.62612314740022, 12.91205118139994], [77.62612510870015, 12.9120483143003], [77.62612706740019, 12.91204544540018], [77.6261290235002, 12.91204257480022], [77.62613097710016, 12.91203970260018], [77.62613292810023, 12.91203682870031], [77.62613487650027, 12.91203395310027], [77.62613682230024, 12.91203107580027], [77.62613876560012, 12.91202819689995], [77.6261407063002, 12.91202531620019], [77.62614264440032, 12.91202243390027], [77.62614457990024, 12.9120195500002], [77.62614651290016, 12.9120166643002], [77.62614844320017, 12.9120137770002], [77.62615037100016, 12.9120108881002], [77.62615229620025, 12.91200799740028], [77.62615421870028, 12.9120051052002], [77.62615613870024, 12.91200221120016], [77.62615805620015, 12.91199931560008], [77.62615997100023, 12.91199641840028], [77.6261618832002, 12.91199351950012], [77.6261637928002, 12.91199061900024], [77.62616569980027, 12.91198771679996], [77.62616760420023, 12.91198481300028], [77.62616950610023, 12.91198190750028], [77.6261714053001, 12.91197900040028], [77.62617330190018, 12.91197609170012], [77.6261751959003, 12.91197318130024], [77.62617708730029, 12.91197026930019], [77.62617897610029, 12.91196735560015], [77.62618086230013, 12.91196444040031], [77.62618274580024, 12.91196152350015], [77.62618462680028, 12.91195860500007], [77.62618650510028, 12.91195568490019], [77.62618838080027, 12.91195276310015], [77.62619025390019, 12.9119498398003], [77.62619212440018, 12.91194691479994], [77.62619399230017, 12.91194398820022], [77.62619585750025, 12.9119410600003], [77.62619772020024, 12.91193813020025], [77.62619958020024, 12.91193519880005], [77.62620143750011, 12.91193226580025], [77.62620329230019, 12.91192933120016], [77.62620514440017, 12.91192639500024], [77.62620699390025, 12.9119234572002], [77.62620884070016, 12.91192051780019], [77.62621068490016, 12.91191757690023], [77.62621252650031, 12.91191463430027], [77.62621436550018, 12.91191169009998], [77.62621620180018, 12.91190874440014], [77.62621803550029, 12.91190579710014], [77.62621986650015, 12.91190284819997], [77.62622169490015, 12.91189989770025], [77.62622352060013, 12.91189694570016], [77.62622534370017, 12.91189399210016], [77.6262271642002, 12.91189103690015], [77.62622898200016, 12.91188808010019], [77.62623079710022, 12.91188512180006], [77.62623260970025, 12.91188216190022], [77.62623441950024, 12.91187920040017], [77.62623622670031, 12.91187623740025], [77.62623803130015, 12.91187327290028], [77.62623983320024, 12.9118703068002], [77.6262416324002, 12.91186733910019], [77.62624342900023, 12.91186436990019], [77.62624522290018, 12.91186139910018], [77.62624701410029, 12.91185842680029], [77.62624880270027, 12.91185545290021], [77.62625058870026, 12.9118524775], [77.62625237190029, 12.91184950060023], [77.62625415250015, 12.91184652210031], [77.6262559305003, 12.91184354210026], [77.62625770570021, 12.91184056060017], [77.62625947830024, 12.91183757750021], [77.62626124820018, 12.91183459300008], [77.62626301550029, 12.91183160680019], [77.62626478000027, 12.91182861920015], [77.62626654190022, 12.91182563010018], [77.62626830110032, 12.91182263940021], [77.62627005770015, 12.91181964720012], [77.6262718115003, 12.91181665350024], [77.6262735627002, 12.91181365830027], [77.62627531120019, 12.91181066160014], [77.62627705700014, 12.91180766340021], [77.62627880010024, 12.91180466359996], [77.62628054050022, 12.91180166240019], [77.62628227830017, 12.91179865970003], [77.62628401330022, 12.9117956555001], [77.62628574570022, 12.91179264970025], [77.62628747530016, 12.91178964250024], [77.62628920230021, 12.91178663380011], [77.62629092660016, 12.91178362370022], [77.62629264820015, 12.91178061200013], [77.62629436700017, 12.91177759880016], [77.6262960832003, 12.91177458420003], [77.62629779670021, 12.91177156810018], [77.62629950750028, 12.91176855050025], [77.62630121560021, 12.91176553140032], [77.62630292090016, 12.91176251090019], [77.62630462360018, 12.9117594889001], [77.62630632360032, 12.91175646540005], [77.62630802080018, 12.91175344050028], [77.62630971540024, 12.91175041410015], [77.62631140720013, 12.9117473863003], [77.62631309630024, 12.91174435700009], [77.62631478270022, 12.91174132619996], [77.62631646640016, 12.91173829400003], [77.62631814740017, 12.91173526030017], [77.62631982560019, 12.91173222520016], [77.62632150120025, 12.91172918870023], [77.62632317400015, 12.91172615070018], [77.6263248441003, 12.91172311120017], [77.6263265114002, 12.9117200704002], [77.62632817610024, 12.91171702800023], [77.62632983800019, 12.91171398430021], [77.62633149720024, 12.9117109391002], [77.62633315370022, 12.91170789250027], [77.62633480740016, 12.91170484450014], [77.62633645840022, 12.91170179499992], [77.62633810670019, 12.91169874409995], [77.62633975220028, 12.91169569180022], [77.62634139500018, 12.91169263810021], [77.62634303510028, 12.91168958299999], [77.62634467240021, 12.91168652650026], [77.62634630700019, 12.91168346850013], [77.62634793890017, 12.91168040910015], [77.62634956800018, 12.91167734840018], [77.62635119440019, 12.91167428620009], [77.62635281800029, 12.91167122260019], [77.62635443890014, 12.91166815770026], [77.62635605710028, 12.91166509130016], [77.6263576725002, 12.91166202360027], [77.62635928510018, 12.91165895440026], [77.62636089500019, 12.91165588390016], [77.6263625021002, 12.91165281200023], [77.62636410650022, 12.91164973860021], [77.62636570820031, 12.91164666400028], [77.62636730710017, 12.91164358790018], [77.6263689032001, 12.91164051049997], [77.62637049660019, 12.91163743160019], [77.6263720872002, 12.91163435140026], [77.62637367500014, 12.91163126990024], [77.62637526010019, 12.91162818700023], [77.62637684250019, 12.91162510270017], [77.62637842200029, 12.91162201700032], [77.62637999890029, 12.9116189300001], [77.62638157290023, 12.91161584160017], [77.62638314420032, 12.91161275190031], [77.62638471270013, 12.91160966080029], [77.62638627840026, 12.9116065684002], [77.6263878414003, 12.91160347460014], [77.62639080486178, 12.91159793128997], [77.6266208191002, 12.91116767760025], [77.62662173310024, 12.91116596880015], [77.62662264780023, 12.91116426040021], [77.62662356330027, 12.91116255240023], [77.62662447950014, 12.91116084480029], [77.62662539650017, 12.91115913760023], [77.62662631420021, 12.91115743070021], [77.62662723260028, 12.91115572430014], [77.62662815180016, 12.9111540182], [77.62662907170024, 12.9111523125003], [77.6266299924002, 12.91115060720016], [77.62663091380016, 12.91114890230018], [77.62663183600027, 12.91114719770032], [77.62663275890027, 12.91114549359998], [77.6266336825003, 12.91114378980024], [77.62663460690023, 12.91114208650013], [77.62663553200025, 12.91114038350024], [77.62663645790029, 12.91113868090025], [77.62663738450028, 12.91113697870027], [77.62663831190025, 12.91113527680009], [77.62663923990016, 12.91113357540023], [77.62664016880017, 12.91113187439997], [77.6266410983002, 12.91113017370015], [77.62664202870032, 12.91112847350017], [77.62664295970028, 12.91112677360019], [77.6266438915002, 12.91112507410033], [77.62664482400027, 12.91112337500003], [77.62664575730031, 12.91112167630017], [77.62664669130022, 12.91111997800023], [77.62664762610018, 12.91111828010024], [77.62664856160022, 12.91111658249998], [77.62664949780033, 12.91111488540024], [77.6266504348003, 12.91111318870026], [77.6266513725002, 12.91111149230028], [77.62665231090028, 12.9111097964003], [77.62665325010029, 12.9111081008002], [77.62665419000017, 12.91110640560014], [77.62665513070016, 12.91110471090032], [77.62665607210016, 12.9111030165003], [77.62665701430024, 12.91110132250016], [77.62665795710024, 12.91109962890022], [77.62665890070024, 12.91109793569996], [77.62665984510024, 12.9110962429001], [77.62666079020023, 12.91109455050032], [77.62666173600023, 12.91109285850014], [77.62666268260023, 12.91109116690024], [77.62666362990022, 12.91108947570018], [77.62666457790014, 12.91108778480008], [77.62666552670026, 12.9110860944001], [77.62666647620019, 12.91108440440012], [77.62666742640022, 12.91108271480022], [77.62666837740022, 12.91108102559996], [77.6266693291001, 12.9110793367003], [77.62667028160025, 12.91107764830032], [77.62667123480026, 12.91107596029998], [77.6266721887003, 12.9110742726002], [77.62667314330025, 12.91107258540018], [77.62667409870029, 12.91107089860016], [77.6266750549002, 12.9110692122003], [77.62667601170017, 12.91106752610016], [77.6266769693002, 12.91106584050022], [77.62667792760017, 12.91106415530016], [77.62667888670016, 12.9110624705001], [77.62667984650021, 12.91106078600028], [77.62668080700017, 12.91105910199999], [77.62668176830016, 12.9110574184002], [77.62668273030029, 12.91105573520015], [77.62668369300025, 12.91105405240013], [77.62668465650025, 12.91105237000011], [77.6266856207002, 12.91105068800017], [77.62668658560017, 12.91104900640023], [77.62668755120016, 12.91104732520017], [77.62668851760013, 12.91104564440015], [77.62668948480012, 12.91104396400017], [77.6266904526002, 12.91104228400019], [77.62669142120016, 12.91104060450025], [77.62669239050017, 12.91103892530019], [77.62669336060024, 12.91103724650013], [77.62669433130024, 12.91103556820019], [77.62669530280029, 12.91103389020002], [77.6266962751002, 12.91103221270016], [77.62669724810017, 12.91103053560022], [77.62669822180028, 12.91102885880004], [77.6266991962002, 12.91102718250022], [77.62670017140022, 12.91102550660008], [77.62670114720025, 12.91102383110018], [77.62670212390022, 12.91102215600029], [77.62670310120025, 12.91102048140027], [77.62670407930017, 12.91101880710009], [77.6267050581003, 12.91101713320019], [77.62670603760017, 12.91101545980005], [77.6267070179003, 12.91101378670019], [77.62670799890026, 12.91101211410017], [77.6267089806003, 12.9110104419002], [77.62670996310025, 12.91100877010026], [77.6267109463003, 12.91100709870016], [77.62671193020019, 12.9110054277001], [77.62671291480031, 12.91100375720016], [77.62671390020019, 12.91100208700014], [77.62671488620026, 12.9110004173002], [77.62671587310022, 12.91099874790031], [77.62671686060027, 12.91099707900025], [77.62671784890016, 12.91099541050027], [77.62671883790016, 12.91099374240029], [77.62671982760024, 12.91099207480015], [77.6267208180002, 12.91099040749994], [77.6267218092002, 12.91098874070024], [77.62672280110024, 12.91098707420026], [77.62672379370025, 12.91098540820032], [77.62672478710029, 12.91098374260018], [77.62672578120016, 12.91098207740017], [77.62672677600017, 12.91098041270027], [77.62672777150017, 12.91097874830029], [77.62672876780026, 12.91097708440015], [77.62672976470026, 12.91097542090021], [77.6267307624003, 12.9109737578002], [77.62673176090027, 12.91097209510014], [77.62673276000027, 12.91097043290016], [77.62673375990015, 12.91096877110022], [77.62673476050016, 12.91096710960017], [77.62673576180016, 12.91096544860027], [77.62673676380024, 12.91096378810029], [77.62673776660024, 12.91096212790027], [77.62673877010025, 12.91096046820018], [77.62673977430016, 12.91095880889992], [77.62674077920018, 12.91095715000006], [77.62674178490022, 12.91095549150024], [77.62674279130017, 12.91095383340031], [77.62674379840018, 12.91095217580017], [77.62674480620022, 12.91095051859991], [77.62674581480019, 12.91094886180026], [77.6267468240002, 12.91094720550028], [77.62674783400031, 12.9109455495003], [77.62674884470027, 12.91094389400024], [77.62674985610029, 12.91094223890015], [77.62675086830025, 12.91094058420013], [77.6267518812002, 12.91093893000015], [77.62675289480022, 12.91093727620022], [77.62675390910017, 12.91093562280032], [77.62675492410018, 12.9109339698003], [77.62675593990026, 12.91093231730025], [77.6267569563002, 12.91093066520027], [77.62675797350023, 12.91092901350021], [77.62675899140028, 12.91092736220032], [77.6267600101002, 12.91092571140006], [77.62676102940024, 12.91092406100028], [77.62676204950021, 12.9109224110001], [77.62676307030017, 12.91092076140017], [77.62676409180018, 12.91091911230011], [77.6267651140003, 12.9109174636003], [77.62676613690032, 12.91091581530016], [77.62676716060015, 12.91091416750022], [77.62676818490029, 12.91091252010029], [77.62676921000029, 12.91091087310023], [77.62677023580017, 12.91090922650021], [77.62677126240014, 12.91090758040008], [77.6267722896003, 12.91090593470018], [77.62677331760023, 12.91090428940024], [77.6267743462002, 12.91090264460023], [77.62677537560023, 12.91090100020021], [77.62677640570028, 12.91089935620028], [77.62677743660016, 12.91089771270022], [77.62677846810017, 12.91089606960012], [77.6267795004003, 12.91089442690007], [77.6267805333003, 12.91089278470029], [77.62678156700015, 12.9108911429002], [77.62678260140028, 12.91088950149994], [77.62678363650024, 12.91088786060028], [77.62678467240016, 12.91088622010023], [77.62678570890029, 12.91088458000029], [77.62678674620014, 12.9108829403], [77.62678778410019, 12.9108813011003], [77.62678882280024, 12.91087966240008], [77.6267898622002, 12.91087802400027], [77.62679090230016, 12.91087638620013], [77.62679194320033, 12.91087474870004], [77.62679298470017, 12.91087311170018], [77.6267940270003, 12.91087147510017], [77.62679506990027, 12.91086983890023], [77.62679611360015, 12.91086820320026], [77.62679715800029, 12.9108665679002], [77.62684616760554, 12.91078986633242], [77.62694332064939, 12.91063781877408], [77.62699115118092, 12.91056296249359], [77.6270438185557, 12.91048053640136], [77.6270961108002, 12.91039869740018], [77.62712987368748, 12.91034477337513], [77.62719004420029, 12.91024867270012], [77.62722960819026, 12.91018548323689], [77.62729772214153, 12.91007669532094], [77.62740481110643, 12.90990565862273], [77.62747896104166, 12.90978723035942], [77.62748049399859, 12.90978478200346], [77.62759789187093, 12.90959728047623], [77.6276979326928, 12.90943750069055], [77.62776892328895, 12.90932411835275], [77.62779532210025, 12.90928195560014], [77.62786831061312, 12.90916553498424], [77.62795327200945, 12.9090300169725], [77.62802767326669, 12.90891134295293], [77.6280905152742, 12.90881110655987], [77.62811876050024, 12.9087660539003], [77.62812022440016, 12.90876371740007], [77.62812168680016, 12.90876138000012], [77.6281231477002, 12.90875904180009], [77.62812460720028, 12.90875670260017], [77.62812606530021, 12.9087543626003], [77.62812752190024, 12.90875202170018], [77.62812897710029, 12.90874968000019], [77.62813043080017, 12.90874733740015], [77.62813188310012, 12.90874499390016], [77.62813333390017, 12.90874264960029], [77.62813478330024, 12.90874030440017], [77.6281362312002, 12.90873795830014], [77.62813767760012, 12.90873561140022], [77.62813912260016, 12.90873326360027], [77.62814056620029, 12.908730915], [77.6281420083002, 12.9087285655002], [77.6281434490002, 12.90872621510017], [77.62814488810024, 12.90872386390021], [77.62814632590016, 12.90872151180018], [77.62814776220011, 12.90871915890022], [77.62814919700016, 12.90871680510027], [77.62815063040024, 12.90871445050015], [77.62815206230016, 12.90871209500024], [77.62815349270028, 12.90870973860016], [77.62815492170019, 12.90870738140025], [77.62815634920027, 12.90870502340021], [77.62815777530015, 12.9087026645001], [77.62815919990015, 12.9087003047003], [77.62816062310019, 12.90869794410018], [77.62816204480015, 12.90869558270027], [77.6281634650003, 12.90869322040019], [77.62816488380025, 12.90869085730024], [77.62816630110018, 12.90868849330024], [77.62816771690025, 12.90868612850017], [77.62816913130025, 12.90868376279997], [77.62817054420024, 12.90868139630025], [77.62817195560028, 12.90867902889994], [77.62817336560028, 12.90867666070026], [77.62817477410023, 12.90867429170015], [77.62817618120027, 12.90867192190019], [77.62817758670019, 12.90866955110027], [77.62817899090011, 12.90866717960028], [77.6281803935001, 12.90866480720024], [77.6281817947003, 12.90866243400028], [77.62818319440025, 12.90866006000029], [77.62818459260016, 12.90865768509997], [77.62818598940021, 12.90865530940017], [77.62818738470024, 12.9086529328003], [77.6281887785002, 12.90865055549994], [77.62819017090015, 12.9086481772003], [77.62819156170019, 12.90864579820015], [77.62819295110022, 12.90864341840019], [77.62819433910018, 12.90864103770023], [77.62819572550029, 12.90863865610028], [77.62819711050012, 12.9086362738002], [77.62819849400024, 12.90863389060028], [77.62819987610015, 12.90863150670024], [77.62820125660015, 12.90862912180017], [77.62820263570018, 12.90862673620017], [77.62820401330026, 12.90862434979993], [77.62820538950025, 12.90862196249997], [77.62820676410024, 12.90861957439994], [77.62820813730023, 12.90861718550018], [77.62820950900016, 12.90861479570022], [77.62821087920014, 12.90861240519994], [77.6282122479003, 12.90861001380018], [77.62821361520021, 12.90860762170015], [77.62821498100028, 12.90860522870019], [77.6282163452002, 12.90860283490019], [77.62821770810024, 12.90860044030011], [77.6282190694003, 12.90859804480015], [77.62822042920021, 12.90859564859995], [77.62822178760017, 12.9085932515002], [77.62822314450017, 12.90859085370016], [77.62822449990023, 12.90858845499992], [77.62822585380019, 12.90858605560016], [77.6282299066002, 12.90857885230032], [77.62823125450011, 12.9085764496002], [77.62823260100015, 12.90857404610025], [77.6282339460003, 12.90857164180021], [77.62823528950021, 12.90856923670025], [77.62823663150016, 12.90856683090029], [77.62823797200015, 12.90856442420017], [77.62823931110017, 12.90856201670021], [77.62824064860025, 12.90855960840013], [77.62824198470013, 12.90855719930021], [77.62824331920031, 12.90855478940017], [77.62824465230018, 12.90855237870029], [77.62824598390021, 12.90854996730013], [77.6282473139002, 12.90854755500025], [77.6282486425002, 12.90854514200013], [77.62824996960018, 12.90854272810013], [77.62825129520026, 12.90854031350021], [77.6282526193002, 12.90853789810029], [77.6282539419002, 12.90853548190021], [77.62825526310026, 12.90853306490017], [77.62825658270033, 12.90853064710029], [77.62825790080024, 12.90852822850025], [77.62825921740023, 12.90852580920029], [77.62826053250022, 12.90852338900005], [77.6282618462002, 12.90852096809993], [77.62826315830027, 12.90851854640009], [77.6282644689003, 12.90851612390025], [77.62826577810029, 12.90851370070009], [77.6282670857002, 12.90851127660029], [77.6282683918003, 12.90850885180017], [77.6282696964003, 12.90850642620017], [77.62827099960016, 12.90850399980028], [77.62827230120023, 12.90850157270016], [77.62827360130018, 12.90849914470016], [77.62827422967182, 12.90849796949139], [77.62827489990029, 12.90849671600024], [77.62827619710019, 12.90849428660028], [77.62827749270026, 12.90849185630004], [77.62827778511007, 12.90849130700075], [77.62827878680021, 12.90848942530028], [77.62828007940016, 12.90848699350028], [77.62828137050019, 12.90848456100004], [77.6282826601003, 12.90848212770027], [77.62828394820019, 12.90847969360023], [77.62828523470019, 12.90847725870007], [77.62828651980021, 12.90847482309995], [77.62828780340027, 12.90847238670007], [77.62828908540023, 12.90846994950011], [77.62829036600021, 12.9084675116003], [77.62829164500023, 12.90846507290018], [77.6282929225003, 12.90846263350022], [77.6282941985002, 12.90846019330018], [77.62829547300015, 12.90845775230025], [77.62829674600022, 12.90845531060021], [77.62829801750024, 12.90845286810021], [77.62829928750018, 12.90845042490021], [77.62830055600017, 12.90844798090001], [77.62830182290016, 12.90844553620032], [77.62830308830019, 12.90844309070032], [77.62830435220029, 12.90844064440024], [77.62830561470027, 12.90843819740012], [77.6283068755003, 12.90843574970011], [77.62830813490012, 12.90843330120027], [77.62830939280026, 12.90843085190027], [77.62831064910017, 12.90842840190026], [77.62831190390015, 12.90842595110018], [77.62831315720025, 12.90842349960018], [77.62831440900015, 12.90842104740018], [77.62831565930026, 12.90841859440001], [77.62831690810025, 12.90841614070017], [77.6283181553003, 12.90841368620017], [77.62831940100021, 12.90841123100016], [77.62832064520012, 12.90840877500016], [77.6283218879003, 12.90840631830024], [77.62832312900032, 12.90840386090023], [77.62832436870026, 12.90840140270023], [77.62832560680016, 12.90839894380031], [77.6283268434003, 12.9083964841003], [77.62832807840017, 12.90839402370006], [77.62832931200023, 12.90839156260029], [77.62833054400018, 12.90838910070029], [77.62833177450028, 12.90838663810001], [77.6283330035003, 12.90838417480024], [77.62833423090017, 12.9083817107002], [77.62833545680026, 12.90837924590027], [77.62833668120021, 12.90837678040015], [77.62833790410026, 12.90837431420027], [77.62833912540025, 12.90837184720014], [77.62834034530015, 12.90836937950014], [77.62834156350009, 12.90836691110025], [77.62834278030027, 12.90836444190029], [77.62834399550029, 12.90836197200032], [77.62834520920023, 12.9083595014], [77.62834642140017, 12.90835703010027], [77.62834759337609, 12.90835463696938], [77.62834763200016, 12.90835455810019], [77.62834884120021, 12.9083520853003], [77.62835004870023, 12.9083496118003], [77.62835125480017, 12.90834713760029], [77.62835245930027, 12.90834466270013], [77.62835366230028, 12.90834218700013], [77.62835486370015, 12.90833971070008], [77.62835606370025, 12.90833723360016], [77.62835726200022, 12.90833475579995], [77.62835845890021, 12.90833227730026], [77.62836209347677, 12.9083247447303], [77.62843878823895, 12.90816579673509], [77.62846374932974, 12.90811406549268], [77.62848498350024, 12.90807005819995], [77.62854041704388, 12.90793927204736], [77.62854360382731, 12.90793175336645], [77.62864005995648, 12.90770418129993], [77.62865905200458, 12.90765937274647], [77.62866163156997, 12.90765328669432], [77.628699627372, 12.90756364196904], [77.62870513978548, 12.90755063635398], [77.62877048931851, 12.90739645508658], [77.62877412390027, 12.90738787990018], [77.62864811480023, 12.9073139761003], [77.6285684318422, 12.90741570952607], [77.62849386538943, 12.90751091056899], [77.62842959570374, 12.90759296544589], [77.6283607958719, 12.90768080408481], [77.62826738692009, 12.90780006186498], [77.62824226336046, 12.90783213780473], [77.62822838642018, 12.90784985487682], [77.62822344286174, 12.90785616645364], [77.6282015658003, 12.90788409750031], [77.62820148880017, 12.90788419590016], [77.62820141180028, 12.90788429430025], [77.6282013349002, 12.90788439280026], [77.6282012581003, 12.90788449130014], [77.62820118130018, 12.90788458990023], [77.62820110450029, 12.90788468850024], [77.62820102780024, 12.90788478710017], [77.6282009512002, 12.90788488580022], [77.62820087460028, 12.90788498450031], [77.62820079810024, 12.9078850832002], [77.62820072170022, 12.90788518200024], [77.62820064520014, 12.90788528090017], [77.6282005689003, 12.9078853798003], [77.62820049260029, 12.90788547870015], [77.6282004163002, 12.90788557760028], [77.62820034020024, 12.9078856767], [77.62820026400023, 12.90788577569993], [77.62820018800022, 12.90788587480022], [77.62820011190017, 12.90788597390015], [77.62820003600017, 12.90788607310028], [77.62819996010016, 12.90788617230021], [77.62819988420016, 12.90788627150017], [77.62819980840023, 12.90788637080026], [77.62819973270022, 12.90788647020003], [77.62819965700025, 12.90788656950012], [77.62819958130025, 12.90788666890029], [77.62819950580028, 12.90788676840025], [77.62819943020016, 12.90788686790022], [77.62819935480019, 12.90788696740019], [77.62819927940022, 12.90788706700016], [77.6281992040003, 12.90788716660013], [77.62819912870013, 12.9078872663003], [77.62819905350021, 12.9078873660003], [77.62819897830032, 12.90788746570023], [77.6281989032002, 12.90788756550024], [77.62819882810027, 12.90788766530021], [77.62819875310014, 12.90788776520026], [77.62819867810026, 12.90788786510022], [77.6281986032002, 12.90788796500003], [77.62819852830029, 12.90788806500024], [77.62819845360019, 12.90788816500025], [77.62819837880028, 12.90788826510026], [77.62819830410022, 12.90788836520027], [77.62819822950019, 12.90788846530027], [77.62819815490029, 12.90788856550016], [77.62819808040024, 12.90788866570017], [77.6281980060002, 12.90788876600022], [77.62819793160016, 12.90788886630027], [77.6281978572003, 12.90788896660032], [77.62819778290026, 12.90788906700016], [77.6281944984003, 12.90789362510018], [77.6281944267003, 12.90789372730019], [77.62819435510018, 12.90789382960024], [77.6281942835002, 12.90789393180029], [77.62819421200021, 12.90789403410029], [77.62819414060029, 12.90789413649998], [77.62819406920015, 12.90789423890019], [77.62819399790023, 12.90789434130028], [77.62819392660026, 12.90789444380009], [77.62819385530014, 12.90789454630014], [77.6281937842002, 12.90789464880023], [77.62819371310029, 12.90789475140032], [77.6281936420002, 12.90789485400016], [77.62819357100027, 12.90789495660021], [77.62819350010018, 12.9078950593003], [77.62819342920027, 12.90789516210019], [77.62819335840021, 12.90789526480028], [77.62819328760013, 12.90789536760021], [77.62819321690024, 12.90789547050025], [77.62819314630019, 12.90789557340018], [77.62819307570027, 12.90789567630007], [77.62819300520023, 12.9078957792002], [77.62819293470018, 12.90789588220029], [77.62819286430017, 12.90789598530022], [77.62819279390028, 12.90789608830011], [77.62819272360024, 12.90789619140027], [77.62819265340023, 12.90789629460016], [77.62819258320019, 12.90789639780029], [77.62819251310019, 12.90789650100002], [77.62819244300017, 12.90789660430015], [77.62819237300018, 12.90789670760028], [77.62819230300016, 12.90789681090025], [77.62819223310017, 12.90789691430001], [77.6281921633002, 12.90789701770018], [77.62819209350023, 12.90789712110027], [77.62819202380022, 12.90789722460028], [77.62819195410026, 12.90789732810021], [77.62819188450025, 12.90789743170018], [77.62819181500016, 12.90789753530015], [77.62819174550016, 12.90789763890011], [77.6281916760002, 12.90789774260012], [77.62819160670027, 12.90789784630029], [77.62819153730014, 12.90789795010026], [77.62819146810018, 12.90789805390027], [77.62819139890026, 12.90789815770008], [77.62819132970033, 12.90789826150025], [77.62819126070025, 12.90789836540021], [77.62819119160015, 12.90789846940026], [77.62819112270023, 12.90789857330027], [77.62819105380015, 12.90789867730008], [77.62819098490026, 12.90789878140025], [77.62819091610014, 12.9078988855003], [77.62819084740029, 12.90789898960015], [77.62819077870016, 12.90789909380015], [77.62819071010027, 12.907899198], [77.62819064150023, 12.90789930220025], [77.62819057300023, 12.90789940650022], [77.62819050460018, 12.90789951080031], [77.62819043620026, 12.90789961509996], [77.62819036790029, 12.90789971950001], [77.62819029960025, 12.90789982390006], [77.6281902314002, 12.90789992830006], [77.62819016320019, 12.90790003280015], [77.62819009510018, 12.9079001374], [77.62819002710017, 12.90790024190029], [77.62818995910017, 12.90790034649994], [77.62818989120017, 12.90790045120019], [77.6281898234002, 12.90790055580027], [77.6281897556002, 12.90790066050016], [77.62818968780023, 12.90790076530025], [77.62818962010023, 12.90790087010014], [77.62818955250026, 12.90790097490027], [77.62818948490029, 12.90790107970032], [77.62818941740016, 12.90790118460025], [77.6281893500002, 12.90790128960014], [77.62818928260027, 12.90790139450023], [77.62818921530027, 12.90790149950015], [77.62818914800015, 12.90790160460028], [77.62818908080023, 12.90790170960021], [77.62818901360014, 12.9079018147001], [77.62818894650017, 12.90790191990023], [77.62818887950029, 12.90790202510016], [77.6281888125002, 12.90790213030029], [77.62818874560027, 12.90790223550021], [77.62818867880019, 12.90790234080014], [77.6281886120003, 12.90790244620031], [77.62807843614074, 12.90807627050406], [77.6279630141003, 12.90825837170019], [77.6279421485405, 12.90829128836834], [77.62771592219212, 12.90864817395682], [77.62770334297642, 12.90866801842189], [77.6276924383003, 12.90868522120029], [77.62757938993339, 12.90887377497624], [77.62756238330029, 12.90890214040025], [77.62749251711797, 12.90902224505587], [77.62739067290026, 12.90919732209994], [77.62724046188492, 12.90946542063851], [77.62723013035178, 12.90948386049103], [77.62719507905854, 12.90954642048662], [77.62719104860025, 12.90955361409992], [77.62717462389666, 12.90958285332396], [77.62715083600808, 12.90962520047479], [77.6270993840784, 12.90971679509488], [77.62706235128769, 12.90978272079338], [77.62702624609629, 12.90984699518135], [77.6270016684128, 12.90989074832306], [77.62699471795128, 12.90990312152029], [77.62696952252861, 12.90994797436029], [77.62695439345818, 12.90997490710076], [77.62694936193418, 12.90998386420962], [77.62692750950087, 12.91002276586648], [77.62690469610953, 12.91006337821904], [77.62686072410018, 12.91014165710021], [77.62686029890027, 12.9101424106002], [77.62686027050023, 12.91014246080004], [77.62686024200019, 12.91014251100025], [77.62686021350014, 12.91014256120029], [77.6268601850003, 12.91014261130009], [77.62686015650017, 12.91014266149994], [77.62686012800013, 12.91014271160014], [77.62686009950029, 12.91014276180015], [77.62686007090025, 12.91014281190019], [77.62686004240021, 12.91014286200023], [77.62686001380028, 12.9101429121002], [77.62685998520028, 12.9101429622002], [77.6268599566002, 12.91014301230025], [77.62685992800016, 12.91014306240025], [77.62685989940023, 12.91014311250025], [77.62685987080023, 12.91014316260026], [77.62685984210015, 12.9101432127003], [77.6268598135003, 12.91014326270011], [77.62685978480023, 12.91014331280031], [77.62685975610015, 12.91014336279996], [77.62685972740026, 12.91014341290032], [77.62685969870017, 12.91014346290012], [77.6268596700001, 12.91014351300017], [77.62685964120021, 12.91014356300017], [77.62685961250013, 12.91014361300018], [77.62685958370025, 12.91014366299998], [77.62685955500017, 12.91014371300018], [77.62685952620029, 12.91014376300019], [77.62685949740025, 12.91014381300015], [77.62685946860016, 12.9101438630002], [77.62685943970024, 12.9101439129002], [77.6268594109002, 12.91014396290016], [77.62685938200032, 12.91014401290021], [77.62685935320019, 12.91014406280021], [77.62685932430014, 12.91014411280018], [77.62685929540022, 12.91014416270018], [77.62685926650015, 12.91014421260019], [77.62685923760021, 12.91014426250019], [77.62685920860014, 12.91014431249999], [77.62685917970026, 12.9101443624], [77.62685915070017, 12.9101444123], [77.62685912180025, 12.91014446219997], [77.62685909280033, 12.91014451200017], [77.62685906380021, 12.91014456190013], [77.62685903480032, 12.91014461180014], [77.6268590058002, 12.91014466170014], [77.62685897670032, 12.91014471150015], [77.6268589477002, 12.91014476140015], [77.62685891860032, 12.91014481120012], [77.62685888950016, 12.91014486100028], [77.62685886050006, 12.91014491090028], [77.62685883140018, 12.91014496070029], [77.62685880220026, 12.91014501050021], [77.62685877310031, 12.91014506030026], [77.62685874400022, 12.91014511010018], [77.62685871480029, 12.91014515990018], [77.62685868570021, 12.91014520970019], [77.62685865650025, 12.91014525949999], [77.62685862730017, 12.91014530920016], [77.62685859810021, 12.91014535900012], [77.62685856890029, 12.91014540880028], [77.62685853970021, 12.91014545850025], [77.62685851040028, 12.91014550830029], [77.62685848120016, 12.91014555800026], [77.62685845190019, 12.91014560770002], [77.62685842260028, 12.91014565740022], [77.62685839330015, 12.91014570710019], [77.62685836400023, 12.91014575680015], [77.62685833470027, 12.91014580649996], [77.62685830540015, 12.91014585620032], [77.62685827600018, 12.91014590590025], [77.62685824670022, 12.91014595560021], [77.62685821730014, 12.91014600530017], [77.62685818790017, 12.91014605489998], [77.62685815850021, 12.91014610460018], [77.62685812910028, 12.91014615420011], [77.62685809970033, 12.91014620390031], [77.6268580703002, 12.91014625350027], [77.62685804080024, 12.91014630310024], [77.62685801130029, 12.91014635270016], [77.62685798190016, 12.91014640229997], [77.6268579524002, 12.91014645190013], [77.62685792290023, 12.91014650150025], [77.62685789340027, 12.91014655110026], [77.62685786390018, 12.91014660070022], [77.62685783430014, 12.91014665030019], [77.62685780480022, 12.91014669979995], [77.62685777520026, 12.91014674940012], [77.62685774560026, 12.91014679890024], [77.6268577160003, 12.91014684850024], [77.62685768640017, 12.91014689800017], [77.62685765680021, 12.91014694760029], [77.62685762720025, 12.91014699710029], [77.62685759760029, 12.91014704660022], [77.62685756790029, 12.91014709610022], [77.62685753820016, 12.91014714560015], [77.62685750860015, 12.91014719510031], [77.62685747890019, 12.91014724460008], [77.62685744920019, 12.9101472940002], [77.62685741940027, 12.91014734350016], [77.62685738970026, 12.91014739300009], [77.6268573600003, 12.91014744240029], [77.62685733020014, 12.91014749190022], [77.62685730050013, 12.91014754129998], [77.62685727070014, 12.91014759070011], [77.62685724090018, 12.91014764020027], [77.62685721110017, 12.91014768960019], [77.62685718130025, 12.91014773899996], [77.6268571514002, 12.91014778840032], [77.62685712160021, 12.91014783780025], [77.62685709170024, 12.91014788720021], [77.62685706180024, 12.91014793660029], [77.62685703200027, 12.91014798590026], [77.62685700210028, 12.91014803530022], [77.62685697220031, 12.91014808470015], [77.62685694220028, 12.91014813400027], [77.62685691230031, 12.91014818330023], [77.62685688240026, 12.9101482327002], [77.62685685240031, 12.91014828200032], [77.62685682240026, 12.91014833130021], [77.6268567924003, 12.91014838060017], [77.6268567624003, 12.91014842990029], [77.62685673240026, 12.91014847920026], [77.62685670240029, 12.91014852850018], [77.62685667240025, 12.91014857779995], [77.62685664230024, 12.91014862710023], [77.62685661230024, 12.91014867640019], [77.6268565822002, 12.91014872559992], [77.6268565521002, 12.9101487749002], [77.6268565220002, 12.91014882410021], [77.6268564919002, 12.91014887339993], [77.62685646180019, 12.91014892260021], [77.62685643160019, 12.91014897180014], [77.62685640150015, 12.91014902100026], [77.62685637130018, 12.91014907020019], [77.62685634110026, 12.91014911940011], [77.6268563109003, 12.91014916860023], [77.6268562807003, 12.9101492178], [77.62685625050021, 12.91014926700028], [77.62685622030021, 12.91014931620021], [77.62685619000017, 12.91014936530013], [77.62685615980017, 12.91014941450026], [77.62685612950013, 12.91014946360018], [77.62685609920028, 12.91014951280026], [77.62685606900028, 12.91014956190019], [77.62685603860024, 12.91014961100011], [77.6268560083002, 12.91014966010004], [77.62685597800015, 12.91014970919996], [77.62685594770015, 12.91014975830024], [77.6268559173003, 12.91014980740017], [77.62685588690026, 12.91014985650029], [77.62685585660022, 12.91014990560022], [77.62685582620021, 12.91014995470014], [77.62685579580018, 12.91015000370002], [77.62685576530025, 12.91015005279995], [77.62685573490025, 12.91015010180023], [77.6268557045002, 12.91015015090016], [77.62685567400013, 12.91015019990028], [77.62685564350028, 12.91015024890017], [77.62685561300025, 12.91015029800029], [77.62685558260016, 12.91015034700017], [77.62685555200015, 12.9101503960003], [77.62685552150027, 12.91015044500022], [77.62685549100023, 12.91015049400011], [77.6268554604002, 12.91015054290023], [77.62685542990026, 12.91015059190011], [77.62680998677176, 12.9102233969718], [77.62680768037349, 12.91022709208478], [77.62680553116928, 12.91023053535461], [77.62669151754461, 12.91041319817676], [77.626668150093, 12.91045063549772], [77.62662590783619, 12.91051831240788], [77.62662039881235, 12.9105271384919], [77.62660610976441, 12.91055003117553], [77.62653689725845, 12.91066091749877], [77.62650130559423, 12.91071793940169], [77.62648838484604, 12.91073863991308], [77.62641399687612, 12.91085781791958], [77.6264026704453, 12.9108759641527], [77.62639172764183, 12.91089349577117], [77.62638745419927, 12.91090034231299], [77.62635273049533, 12.91095597364489], [77.62634658665048, 12.91096581678471], [77.62631269860856, 12.91102010929028], [77.62630812390454, 12.91102743848745], [77.62628899295208, 12.91105808845374], [77.62596507971277, 12.91154582901775], [77.62588439476797, 12.91166323708147], [77.62587721088691, 12.91167369065], [77.62585404584495, 12.91170739907876], [77.62565821250024, 12.91199211260016], [77.62565752740028, 12.91199312120029], [77.62565684290017, 12.91199413000025], [77.62565615870028, 12.91199513910025], [77.62565547510026, 12.9119961485003], [77.62565479190029, 12.91199715829998], [77.62565410930019, 12.91199816840026], [77.62565342710025, 12.91199917880023], [77.6256527453002, 12.91200018939999], [77.62565206410022, 12.91200120039996], [77.62565138330028, 12.91200221170016], [77.62565070300019, 12.91200322340024], [77.6256500232003, 12.91200423529993], [77.62564934390015, 12.91200524750025], [77.62564866510017, 12.91200626010022], [77.62564798670029, 12.91200727289998], [77.62564730880023, 12.91200828610014], [77.62564663140024, 12.91200929960023], [77.62564595450027, 12.91201031340027], [77.62564527800022, 12.9120113275002], [77.62564460200012, 12.91201234190016], [77.6256439266001, 12.91201335660032], [77.62564325150016, 12.91201437159993], [77.62564257700024, 12.91201538690013], [77.62564190300021, 12.91201640250017], [77.62564122940016, 12.9120174185003], [77.62564055630018, 12.91201843470018], [77.62563988370029, 12.91201945130011], [77.62563921160016, 12.91202046810031], [77.62563854000018, 12.91202148530015], [77.6256378688002, 12.9120225028002], [77.62563719810026, 12.9120235205002], [77.62563652790017, 12.91202453860017], [77.62563585820016, 12.91202555700029], [77.62563518900014, 12.91202657570006], [77.62563452020021, 12.91202759470026], [77.6256338520003, 12.91202861400023], [77.6256331842003, 12.91202963360031], [77.62563251690028, 12.9120306535002], [77.6256318501003, 12.91203167370016], [77.62563118370025, 12.91203269420024], [77.62563051790023, 12.91203371510021], [77.62562985250018, 12.91203473620025], [77.62562918760024, 12.9120357576003], [77.6256285232003, 12.91203677930014], [77.62562785930025, 12.91203780140023], [77.62562719590028, 12.91203882370019], [77.6256265329003, 12.91203984640016], [77.62562587050024, 12.91204086930016], [77.6256252085002, 12.91204189250017], [77.6256245470003, 12.91204291610025], [77.6256238860002, 12.9120439399003], [77.62562322550023, 12.91204496410018], [77.62562256540018, 12.91204598850014], [77.62562190590016, 12.91204701330031], [77.62562124680022, 12.91204803829991], [77.62562058820009, 12.91204906360032], [77.62561993010024, 12.9120500893], [77.62561927250022, 12.91205111520009], [77.62561861540024, 12.91205214150022], [77.62561795870027, 12.91205316800018], [77.62561730260022, 12.9120541949001], [77.62561664690021, 12.91205522200015], [77.62561599170023, 12.91205624950019], [77.6256153370003, 12.91205727720008], [77.62561468280025, 12.91205830520017], [77.62561402910019, 12.91205933360025], [77.62561337590022, 12.91206036220025], [77.62561272310025, 12.91206139110022], [77.62561207090015, 12.91206242040026], [77.62561141910014, 12.91206344990031], [77.62561076780032, 12.9120644797002], [77.62561011700022, 12.91206550980028], [77.62560946670017, 12.91206654030021], [77.62560881690028, 12.91206757100021], [77.62560816750026, 12.91206860200022], [77.62560751870014, 12.91206963330022], [77.62560687030027, 12.91207066490027], [77.62560622250022, 12.91207169680019], [77.62560557510021, 12.91207272900028], [77.62560492820023, 12.9120737615002], [77.62560428180018, 12.91207479420017], [77.62560363590029, 12.91207582730022], [77.62560299050027, 12.91207686070002], [77.62560234550018, 12.91207789430031], [77.62560170110021, 12.91207892830015], [77.6256010571002, 12.91207996250028], [77.62560041370018, 12.91208099710024], [77.6255997707002, 12.91208203190025], [77.62559912820028, 12.91208306700026], [77.62559848620026, 12.91208410250026], [77.62559784470021, 12.91208513820015], [77.62559720370028, 12.91208617420007], [77.62559656320019, 12.9120872105002], [77.62559592310025, 12.91208824710012], [77.62559528360028, 12.91208928400009], [77.62559464450014, 12.91209032110014], [77.62559400600021, 12.91209135860014], [77.62559336790032, 12.91209239640007], [77.62559273030031, 12.91209343440015], [77.62559209330017, 12.91209447270028], [77.62559145670023, 12.91209551140025], [77.62559082060015, 12.91209655030025], [77.62559018500014, 12.91209758950026], [77.62558954980017, 12.9120986290003], [77.62558891520023, 12.91209966880019], [77.62558828110018, 12.91210070880028], [77.62558764740017, 12.9121017492002], [77.6255870143002, 12.91210278979997], [77.62558638160026, 12.91210383080017], [77.6255857495002, 12.91210487199998], [77.62558511780016, 12.91210591350023], [77.62558448660019, 12.91210695529991], [77.62558385600029, 12.9121079974002], [77.6255832258002, 12.91210903980017], [77.62558259610019, 12.91211008250029], [77.62558196690021, 12.9121111253999], [77.6255813382002, 12.91211216860031], [77.62558070990019, 12.91211321219999], [77.6255800822003, 12.91211425600004], [77.62557945500016, 12.91211530009996], [77.62557882830019, 12.91211634450029], [77.62557820200014, 12.91211738910022], [77.62557757630013, 12.91211843410026], [77.62557695110031, 12.91211947930027], [77.62557632630019, 12.91212052480028], [77.62557570200029, 12.91212157060016], [77.62557507830024, 12.91212261670029], [77.62557445500028, 12.91212366310022], [77.62557383230018, 12.91212470980018], [77.62557321000025, 12.91212575670015], [77.6255725882002, 12.9121268039002], [77.62557196690022, 12.91212785150024], [77.6255713461003, 12.91212889920013], [77.62557072580024, 12.91212994730022], [77.62557010610023, 12.91213099570018], [77.62556948680022, 12.91213204430015], [77.62556886800024, 12.91213309319996], [77.62556824970017, 12.91213414240012], [77.62556763180015, 12.91213519190017], [77.62556701450018, 12.91213624170006], [77.62556639770021, 12.91213729170014], [77.62556578140016, 12.91213834209991], [77.62556516560026, 12.91213939270024], [77.6255645503003, 12.91214044360025], [77.62547478110018, 12.91228971690025], [77.62536569366102, 12.91246142281573], [77.62522773890021, 12.91267856650025], [77.62505851200031, 12.91295755830019], [77.62492769289952, 12.91318285323989], [77.62489369486313, 12.91324140421216], [77.62488791518452, 12.91325135789912], [77.62487645400016, 12.91327109620023], [77.6247657661129, 12.91345758416594], [77.62469685900017, 12.91357367950013], [77.62456430490015, 12.91378366280028], [77.62448418446989, 12.91392308239934], [77.62447410913249, 12.91394061475019], [77.6244385854003, 12.91400243050019], [77.6243312079002, 12.91419587420017], [77.62427874597591, 12.91429753390111], [77.62412199170024, 12.91460128930026], [77.6241213635002, 12.91460238700011], [77.62412073170033, 12.9146034827002], [77.62412009630016, 12.91460457640029], [77.62411945750019, 12.91460566820018], [77.6241188151003, 12.91460675800003], [77.62411816930025, 12.91460784580012], [77.62411752000027, 12.91460893160001], [77.6241168671001, 12.9146100154003], [77.6241162108002, 12.91461109720019], [77.62411555100014, 12.9146121769002], [77.6241148878002, 12.91461325460029], [77.62411422110027, 12.91461433019998], [77.62411355090018, 12.91461540370023], [77.62411287730032, 12.91461647520028], [77.62411220020023, 12.91461754460009], [77.6241115198003, 12.91461861190013], [77.6241108358002, 12.91461967699994], [77.62411014850022, 12.91462074010015], [77.62410945770029, 12.91462180100012], [77.62410876360019, 12.91462285980017], [77.6241080660002, 12.91462391640025], [77.62410736510019, 12.91462497090002], [77.62410666070029, 12.91462602320019], [77.62410595300027, 12.91462707330028], [77.6241052419003, 12.91462812120016], [77.62410452740023, 12.91462916690021], [77.62410380960017, 12.9146302104003], [77.62410308840032, 12.91463125160026], [77.62410236390025, 12.91463229070031], [77.62410163610019, 12.91463332740023], [77.62410090490022, 12.9146343620002], [77.62410017040027, 12.91463539420016], [77.62409943260025, 12.91463642420025], [77.62409869140026, 12.9146374519001], [77.62409794700017, 12.91463847729994], [77.62409719930015, 12.91463950040015], [77.62409644830028, 12.91464052110031], [77.62409569400022, 12.91464153960019], [77.6240949364002, 12.91464255570016], [77.62409417560025, 12.9146435694002], [77.62409341150016, 12.91464458080025], [77.62409264420018, 12.91464558980005], [77.62409187370027, 12.91464659650017], [77.62409109990016, 12.91464760069994], [77.62409032280021, 12.91464860260022], [77.62408954260032, 12.91464960200022], [77.62408875920029, 12.91465059910022], [77.62408797250015, 12.91465159369999], [77.62408718270028, 12.91465258580031], [77.6240863896001, 12.91465357550015], [77.62408559340027, 12.91465456280019], [77.6240847941002, 12.91465554760015], [77.6240839915003, 12.91465652990007], [77.62408318580026, 12.91465750970012], [77.62408237700028, 12.91465848700016], [77.62408156500021, 12.91465946180012], [77.62408074990019, 12.91466043410024], [77.62407993170028, 12.91466140390032], [77.62407911030009, 12.91466237109996], [77.62407828590023, 12.91466333580032], [77.62407745830019, 12.91466429800024], [77.6240766277002, 12.91466525750024], [77.62407579400018, 12.91466621450024], [77.62407495720022, 12.91466716890016], [77.62407411730015, 12.91466812080023], [77.6240732744002, 12.91466907000023], [77.62407242850014, 12.91467001660023], [77.62407157950014, 12.91467096060031], [77.62407072750024, 12.91467190190031], [77.62406987240024, 12.91467284060026], [77.62406901430018, 12.91467377670018], [77.62406815330019, 12.91467471010022], [77.62406728920031, 12.91467564080018], [77.62406642220031, 12.91467656890021], [77.6240655521002, 12.91467749420025], [77.62406467910021, 12.91467841690001], [77.62406380320014, 12.91467933690028], [77.62406292420019, 12.91468025410028], [77.62406204240015, 12.91468116860024], [77.62406115760017, 12.91468208040011], [77.62406026990017, 12.91468298950031], [77.62405937920018, 12.91468389580018], [77.6240584857001, 12.91468479930021], [77.62405758920022, 12.91468570010021], [77.62405668990023, 12.91468659810029], [77.62405578760024, 12.91468749330028], [77.62405488250027, 12.91468838570023], [77.6240539746002, 12.91468927530027], [77.62405306370022, 12.91469016210022], [77.62405215010017, 12.91469104610029], [77.62405123360026, 12.91469192720029], [77.62405031420026, 12.9146928055002], [77.6240493921003, 12.91469368100023], [77.62404846710011, 12.91469455360014], [77.62404753930024, 12.91469542330022], [77.62404660880016, 12.91469629010021], [77.62404567540028, 12.91469715410028], [77.6240447393002, 12.91469801520027], [77.62404380050025, 12.91469887340014], [77.62404285880017, 12.91469972860017], [77.62404191440025, 12.91470058100024], [77.62404096730025, 12.91470143040011], [77.6240400175002, 12.91470227690026], [77.62403906490022, 12.91470312050025], [77.62403810970021, 12.9147039611002], [77.62403715170018, 12.91470479870027], [77.62403619110017, 12.91470563340022], [77.62403522770018, 12.91470646510021], [77.62403426180026, 12.91470729380016], [77.6240332931003, 12.91470811950023], [77.62403232180013, 12.91470894220021], [77.62403134780021, 12.9147097619002], [77.62403037130025, 12.91471057860019], [77.6240293921003, 12.91471139230022], [77.62402841030017, 12.91471220290017], [77.62402742590025, 12.91471301050019], [77.62402643890029, 12.9147138150003], [77.62402544930025, 12.91471461650012], [77.62402445710028, 12.91471541490007], [77.62402346240032, 12.91471621030006], [77.62402246510015, 12.91471700250012], [77.62402146530023, 12.91471779170019], [77.62402046300015, 12.91471857780005], [77.62401945810011, 12.91471936080024], [77.6240184507003, 12.91472014060026], [77.62401744080022, 12.91472091740021], [77.6240164285003, 12.91472169100023], [77.62401541360013, 12.91472246140017], [77.62401439630025, 12.9147232288002], [77.6240133765002, 12.91472399300026], [77.62401235430032, 12.91472475400024], [77.62401132960015, 12.91472551180027], [77.62401030250015, 12.91472626650021], [77.62400927290027, 12.91472701800023], [77.62400824100018, 12.91472776629997], [77.62400720660025, 12.91472851140016], [77.62400616990028, 12.91472925330022], [77.62400513080024, 12.91472999200012], [77.62400408930023, 12.91473072750018], [77.62400304540019, 12.91473145980024], [77.62400199930022, 12.91473218880022], [77.62400095070029, 12.91473291460024], [77.62399989990028, 12.91473363710018], [77.62399884670025, 12.91473435640016], [77.62399779120024, 12.91473507240022], [77.62399673340015, 12.9147357852002], [77.62399567330021, 12.91473649460018], [77.62399461100028, 12.91473720080027], [77.6239935464002, 12.91473790370021], [77.62399247950016, 12.91473860330023], [77.62399141040015, 12.91473929960017], [77.6239903390001, 12.91473999260031], [77.62398926550024, 12.91474068229996], [77.6239881897002, 12.91474136860022], [77.62398711170027, 12.9147420517002], [77.62398603150018, 12.91474273130025], [77.62398494920025, 12.91474340770015], [77.62398386470028, 12.91474408059992], [77.62398277800031, 12.91474475030014], [77.62398168920014, 12.9147454165002], [77.62398059820013, 12.91474607940017], [77.62397950510028, 12.91474673890018], [77.6239784099003, 12.91474739500024], [77.62397731260022, 12.91474804780017], [77.62397621320021, 12.91474869710015], [77.62397511170019, 12.9147493430002], [77.62397400820015, 12.91474998549993], [77.62397290260026, 12.91475062460031], [77.62397179490016, 12.91475126030032], [77.62397068520028, 12.91475189250001], [77.62396957350022, 12.91475252130014], [77.62396845970017, 12.91475314670016], [77.62396734400028, 12.91475376860001], [77.62396622620018, 12.9147543871003], [77.6239651065003, 12.91475500210027], [77.62396398480024, 12.91475561360028], [77.62396286120018, 12.91475622170013], [77.62396173550029, 12.91475682630022], [77.62396060800023, 12.91475742740023], [77.62395947850018, 12.91475802500024], [77.62389068423818, 12.91479008232927], [77.62380411820028, 12.91483042110019], [77.62380285870022, 12.91483101130008], [77.62380160190018, 12.91483160690029], [77.62380034760025, 12.91483220770022], [77.62379909600018, 12.91483281390007], [77.6237978472002, 12.91483342540028], [77.62379660100025, 12.91483404220025], [77.62379535750023, 12.91483466430011], [77.62379411690021, 12.91483529170028], [77.6237928790003, 12.91483592430025], [77.62379164390029, 12.91483656220026], [77.62379041160018, 12.91483720530004], [77.62378918220008, 12.91483785370013], [77.6237879556001, 12.91483850729998], [77.62378673200028, 12.91483916600008], [77.62378551130026, 12.91483983000017], [77.6237842935002, 12.91484049919995], [77.62378307870017, 12.91484117350024], [77.62378186680023, 12.91484185290022], [77.62378065800026, 12.9148425376002], [77.6237794522002, 12.91484322730021], [77.62377824950022, 12.91484392210015], [77.62377704980015, 12.91484462210001], [77.62377585330017, 12.91484532710019], [77.62377465990028, 12.91484603730025], [77.62377346960018, 12.91484675250023], [77.62377228250016, 12.91484747270017], [77.62377109850023, 12.91484819800015], [77.62376991780025, 12.91484892830021], [77.62376874040022, 12.91484966360027], [77.62376756610026, 12.91485040389993], [77.62376639520028, 12.91485114910011], [77.62376522760017, 12.91485189940021], [77.62376406330024, 12.91485265460024], [77.62376290230026, 12.9148534147003], [77.62376174470018, 12.91485417980028], [77.62376059050024, 12.91485494970015], [77.6237594397003, 12.91485572460029], [77.62375829230024, 12.91485650440019], [77.62375714840014, 12.9148572890003], [77.62375600790017, 12.91485807840028], [77.6237548710002, 12.91485887280019], [77.62375373760018, 12.91485967190022], [77.62375260770021, 12.91486047580024], [77.62375148130032, 12.91486128450019], [77.62375035860015, 12.91486209800026], [77.6237492394003, 12.91486291630033], [77.6237481239002, 12.91486373930031], [77.62374701200015, 12.91486456709998], [77.62374590380021, 12.91486539950029], [77.62374479930024, 12.91486623670028], [77.62374369840028, 12.91486707850015], [77.62374260130026, 12.91486792500022], [77.62374150800025, 12.91486877620025], [77.6237404184002, 12.91486963200016], [77.62373933260027, 12.91487049240027], [77.62373825060018, 12.91487135750026], [77.6237371725003, 12.91487222710026], [77.62373609810017, 12.91487310130021], [77.62373502770019, 12.91487398000016], [77.62373396120023, 12.91487486330015], [77.6237328985003, 12.91487575110023], [77.62373183980033, 12.9148766434003], [77.62373078500032, 12.9148775402003], [77.62372973420015, 12.91487844149993], [77.62372868740015, 12.91487934720017], [77.62372764460018, 12.91488025730024], [77.62372660590022, 12.91488117190024], [77.62372557110025, 12.91488209089999], [77.62372454050029, 12.91488301430003], [77.62372351390012, 12.91488394200023], [77.6237224914002, 12.91488487410014], [77.62372147310028, 12.9148858106003], [77.62372045890015, 12.91488675130006], [77.6237195089271, 12.91488764023059], [77.62371944890026, 12.91488769640006], [77.62371844300019, 12.91488864570026], [77.6237174414001, 12.9148895993003], [77.62371644390026, 12.91489055710017], [77.62371545070026, 12.91489151920029], [77.62371446180025, 12.91489248550021], [77.6237134771003, 12.91489345590029], [77.62371249680025, 12.91489443060009], [77.62371152070028, 12.91489540940029], [77.62371054900025, 12.91489639230026], [77.62370958160021, 12.91489737940026], [77.62370861860025, 12.91489837050022], [77.62370766000025, 12.9148993658003], [77.62370670570017, 12.91490036509991], [77.62370575590029, 12.91490136840031], [77.62370481060026, 12.91490237580019], [77.62370386960026, 12.9149033872002], [77.62370293320014, 12.9149044025002], [77.62370200130026, 12.91490542190024], [77.62370107380026, 12.91490644510025], [77.62370015090026, 12.91490747240026], [77.62369923250031, 12.9149085035001], [77.62369831870028, 12.91490953850031], [77.62369740950028, 12.91491057740031], [77.62369650490028, 12.91491162010028], [77.62369560480022, 12.9149126667002], [77.62369470940025, 12.91491371710013], [77.62369381870026, 12.91491477130022], [77.62369293260019, 12.91491582919999], [77.6236920512002, 12.91491689090003], [77.62369117450021, 12.91491795640008], [77.6236903025003, 12.91491902550029], [77.62368943520026, 12.91492009840026], [77.62368857270019, 12.91492117490003], [77.62368771490031, 12.91492225510012], [77.62368686190028, 12.91492333890021], [77.62368601370025, 12.91492442630026], [77.62368517030023, 12.91492551730027], [77.62368433180028, 12.91492661190024], [77.6236834980002, 12.91492771000033], [77.62368266920026, 12.91492881170022], [77.62368184520024, 12.91492991690023], [77.6236810261002, 12.9149310256002], [77.6236802119003, 12.9149321377003], [77.62367940260032, 12.91493325330019], [77.62367859820016, 12.9149343723002], [77.62367779880022, 12.91493549480013], [77.62367700430023, 12.91493662060019], [77.62367621490024, 12.91493774980004], [77.6236754304003, 12.91493888230002], [77.62367465090027, 12.91494001810031], [77.62367387650018, 12.91494115730012], [77.62367310700019, 12.91494229970026], [77.62367234270029, 12.91494344530031], [77.62367158340027, 12.91494459430017], [77.6236708292002, 12.91494574640006], [77.62367008000018, 12.91494690169992], [77.62366933600032, 12.91494806020006], [77.62366859710018, 12.91494922190015], [77.62366786330027, 12.91495038660033], [77.62366713470017, 12.91495155450002], [77.62366641130019, 12.91495272550004], [77.62366569300025, 12.91495389949994], [77.62366497990031, 12.91495507650012], [77.62366427200021, 12.91495625660025], [77.62366356940016, 12.91495743970027], [77.62366287190031, 12.91495862580001], [77.6236621797002, 12.91495981480023], [77.62366149280022, 12.91496100670033], [77.62366081110025, 12.91496220150011], [77.62366013470027, 12.91496339930001], [77.62365946360018, 12.91496459980014], [77.62365879780016, 12.91496580330021], [77.62365813740018, 12.91496700950018], [77.62365748220022, 12.91496821860017], [77.62365683240016, 12.91496943040027], [77.62365618800027, 12.9149706449002], [77.62365554890009, 12.91497186220027], [77.62365491520028, 12.91497308220017], [77.62365428690019, 12.91497430490019], [77.62365366400026, 12.91497553020001], [77.62365304650025, 12.91497675810031], [77.62365243450016, 12.91497798870029], [77.6236518279003, 12.91497922190011], [77.6236512267003, 12.91498045760022], [77.62365063100025, 12.91498169590016], [77.6236500408002, 12.91498293669998], [77.62364945600024, 12.91498417990021], [77.6236488768003, 12.91498542570027], [77.62364830300025, 12.91498667390021], [77.62364773480017, 12.91498792450024], [77.62364717210028, 12.91498917760002], [77.62364661490028, 12.91499043300028], [77.62364606330027, 12.91499169070015], [77.62364551720019, 12.91499295080029], [77.6236449767003, 12.91499421320028], [77.62364444180021, 12.91499547790006], [77.62364391240021, 12.91499674490005], [77.62364338870013, 12.91499801409991], [77.62364287060028, 12.91499928550018], [77.6236423581002, 12.91500055900024], [77.62364185120028, 12.91500183480031], [77.62364134990032, 12.91500311270021], [77.62364085430028, 12.91500439270016], [77.62364036440027, 12.91500567480027], [77.6236398801002, 12.91500695900021], [77.62363940150027, 12.91500824520016], [77.62358371933612, 12.91515889878541], [77.62356345794304, 12.91521371798239], [77.62351977738702, 12.91533190003345], [77.62350894390015, 12.91536121110023], [77.62350780780027, 12.91536408920031], [77.62350666980012, 12.9153669665003], [77.62350553000027, 12.91536984310022], [77.62350438840018, 12.9153727191001], [77.62350324500017, 12.9153755942999], [77.6235020997001, 12.91537846880022], [77.62350095250025, 12.91538134270006], [77.62349980350024, 12.91538421580025], [77.62349865270026, 12.91538708820013], [77.62349750000028, 12.91538995990021], [77.62349634550031, 12.91539283089996], [77.62349518920017, 12.91539570110024], [77.62349403100028, 12.91539857070028], [77.62349287100018, 12.9154014396002], [77.62349170920025, 12.91540430769992], [77.62349054550019, 12.91540717510015], [77.6234893800003, 12.91541004180027], [77.62348821260032, 12.91541290780015], [77.62348816468625, 12.91541302522086], [77.62348704340026, 12.91541577309994], [77.62348587240024, 12.91541863760022], [77.62348469960027, 12.91542150140026], [77.6234835249003, 12.91542436450026], [77.62348234840016, 12.91542722690017], [77.62348117000018, 12.91543008850021], [77.62347998980027, 12.91543294940017], [77.62347880780014, 12.91543580960024], [77.62347762400024, 12.91543866910024], [77.62347643830019, 12.9154415278], [77.62347525080013, 12.91544438580024], [77.62347406140026, 12.91544724310023], [77.62347287030025, 12.91545009970019], [77.62347167730023, 12.91545295550002], [77.62347048250025, 12.91545581050018], [77.62346928580023, 12.9154586648999], [77.6234680873003, 12.91546151850029], [77.62346688700019, 12.91546437130025], [77.62346568490021, 12.91546722339996], [77.62345964690023, 12.91548147290023], [77.62345843380025, 12.91548432050022], [77.62345721890023, 12.91548716740022], [77.62345600220029, 12.91549001360029], [77.62345478370031, 12.91549285900025], [77.62345356330029, 12.9154957036002], [77.62345234110023, 12.91549854750024], [77.62345111710029, 12.91550139070008], [77.62344989130018, 12.91550423310015], [77.62344866370029, 12.91550707470019], [77.62344743420026, 12.91550991559994], [77.6234462029002, 12.91551275570022], [77.62344496980018, 12.91551559510021], [77.62344373490019, 12.91551843369997], [77.62344249820018, 12.9155212715002], [77.62344125960023, 12.91552410860016], [77.62344001930029, 12.91552694490023], [77.62343877710015, 12.91552978050026], [77.62343753310024, 12.91553261530022], [77.6234362873003, 12.91553544930025], [77.62343503970027, 12.91553828260025], [77.62343379020017, 12.915541115], [77.62343253900015, 12.9155439468002], [77.62343128590017, 12.91554677770015], [77.62343003110014, 12.91554960790023], [77.62342877440015, 12.91555243730026], [77.62342751590018, 12.91555526590018], [77.62342625560022, 12.91555809370005], [77.62342499350028, 12.9155609208002], [77.62342372950017, 12.91556374710028], [77.62342246380031, 12.91556657260031], [77.62342119620025, 12.91556939730027], [77.62341992690018, 12.9155722213003], [77.62341865570016, 12.91557504449993], [77.62341738280013, 12.91557786680017], [77.62341610800031, 12.9155806884002], [77.62341483140017, 12.91558350930019], [77.62341355300022, 12.91558632930019], [77.62341227290023, 12.91558914850022], [77.62341099090013, 12.9155919670003], [77.62340970710022, 12.91559478460017], [77.62340842150019, 12.91559760150028], [77.62340713410025, 12.91560041760015], [77.62340584490026, 12.91560323290015], [77.62340455390023, 12.91560604730022], [77.62340326100025, 12.91560886100029], [77.62340196640025, 12.91561167390025], [77.62340067000027, 12.91561448600016], [77.62339937180032, 12.91561729730027], [77.62339807180025, 12.91562010780023], [77.62339677000027, 12.91562291750006], [77.6233954664002, 12.91562572640021], [77.6233941610002, 12.91562853450028], [77.62339285380018, 12.91563134180024], [77.62339154480031, 12.91563414830019], [77.62339023400028, 12.91563695390022], [77.62338892140014, 12.91563975880017], [77.62338760700015, 12.91564256290025], [77.62338629080024, 12.9156453661002], [77.62338497290028, 12.91564816850031], [77.62338365310022, 12.91565097020014], [77.62338233150031, 12.91565377100029], [77.62338100820028, 12.91565657100016], [77.62337968300021, 12.91565937020012], [77.62337960372638, 12.91565953738111], [77.62337835610022, 12.91566216850019], [77.62337702740024, 12.91566496610022], [77.62337569680024, 12.91566776280017], [77.62337436450025, 12.9156705587002], [77.62337303040015, 12.91567335380016], [77.62337169450024, 12.91567614800027], [77.6233703569002, 12.9156789415003], [77.62336901740025, 12.91568173410021], [77.62336767610022, 12.91568452590024], [77.62336633310018, 12.91568731680019], [77.6233649883002, 12.91569010700026], [77.62336364170024, 12.91569289630025], [77.62336229330025, 12.91569568470016], [77.6233609431003, 12.91569847240019], [77.62335959110015, 12.91570125920014], [77.62335823740028, 12.91570404520018], [77.6233568818002, 12.91570683030017], [77.62335552450013, 12.91570961460024], [77.62335416540026, 12.91571239810027], [77.62335280450027, 12.91571518070014], [77.62335144190031, 12.91571796250021], [77.62335007740027, 12.91572074350016], [77.62334871120017, 12.91572352360019], [77.62334734320025, 12.91572630290022], [77.62334597340013, 12.91572908130029], [77.62334460190027, 12.91573185889996], [77.62334322860023, 12.91573463560007], [77.62334185340016, 12.9157374115001], [77.62334047660016, 12.91574018660009], [77.62333909790017, 12.9157429607002], [77.62333771740013, 12.91574573409999], [77.62333633520022, 12.91574850660026], [77.62333495120026, 12.91575127820029], [77.62333356550015, 12.9157540490002], [77.62333217790028, 12.91575681900007], [77.62333078860024, 12.91575958800026], [77.62332939750017, 12.91576235630016], [77.62332800470017, 12.91576512360031], [77.62332661010022, 12.91576789010002], [77.62332521370026, 12.91577065580025], [77.62332381550027, 12.9157734206002], [77.62332241560019, 12.91577618450019], [77.62332101390024, 12.91577894760018], [77.6233196104002, 12.91578170980029], [77.62331820510032, 12.91578447110028], [77.62331679810029, 12.91578723160018], [77.62331538940025, 12.91578999120021], [77.6233139788003, 12.91579274989992], [77.62331256650013, 12.91579550780015], [77.62331115240018, 12.9157982648001], [77.62330973660026, 12.91580102090017], [77.62330831900015, 12.91580377610019], [77.62330689960011, 12.91580653050026], [77.62330547850023, 12.91580928400025], [77.62330405560023, 12.9158120366002], [77.62330263090023, 12.91581478840023], [77.62330120450024, 12.91581753920013], [77.62329977640032, 12.9158202892002], [77.62329834640019, 12.91582303830019], [77.62329691470028, 12.91582578660006], [77.6232954813002, 12.91582853390024], [77.62329404610016, 12.91583128039995], [77.62329260910032, 12.91583402600018], [77.62329117040012, 12.91583677070033], [77.62328972990012, 12.91583951450031], [77.6232882876002, 12.91584225740026], [77.62328684360024, 12.91584499939997], [77.62328539790032, 12.91584774050028], [77.62328395040028, 12.91585048080022], [77.62328250110016, 12.91585322010021], [77.62328105010016, 12.91585595860028], [77.62327959740033, 12.9158586962003], [77.62327814280012, 12.91586143280021], [77.6232766866002, 12.91586416860024], [77.62327522860028, 12.91586690350014], [77.62318191500019, 12.91603037790024], [77.62315461570013, 12.91608202370027], [77.62315063320028, 12.91608948470025], [77.62314659000019, 12.91609691420031], [77.62314248640025, 12.91610431169992], [77.62313832250027, 12.91611167669993], [77.62313409860032, 12.91611900890018], [77.6231298151002, 12.91612630760018], [77.62312547220029, 12.91613357250014], [77.62312107010024, 12.91614080310006], [77.62311660920018, 12.9161479988003], [77.62311208980022, 12.91615515940005], [77.62311024252637, 12.91615803446184], [77.62310751200016, 12.9161622842002], [77.62310287630017, 12.91616937280027], [77.62309818290022, 12.91617642490017], [77.62309343220026, 12.91618343990031], [77.62308862440022, 12.91619041730029], [77.62308375970015, 12.91619735680031], [77.62307883870018, 12.91620425790024], [77.6230738615002, 12.91621112010029], [77.6230688285002, 12.91621794310025], [77.62306374000029, 12.91622472630017], [77.62305859630027, 12.91623146940013], [77.62305339770028, 12.91623817180021], [77.62304814470012, 12.9162448333002], [77.62304283750028, 12.91625145330014], [77.62303747640027, 12.91625803140021], [77.6230320619001, 12.91626456720019], [77.62302659420025, 12.91627106040009], [77.62302107370027, 12.9162775104001], [77.62301550080025, 12.91628391680019], [77.62300987580026, 12.9162902793002], [77.62300419900028, 12.9162965975002], [77.62299847100029, 12.91630287080012], [77.62299269190025, 12.91630909910016], [77.62298686220016, 12.91631528170019], [77.62298098220019, 12.91632141840022], [77.62297505240026, 12.9163275087], [77.6229690730002, 12.91633355230014], [77.62296304460016, 12.91633954880012], [77.62295696750029, 12.91634549780021], [77.62295084200018, 12.91635139880026], [77.62294466850022, 12.91635725160031], [77.62293844750019, 12.91636305580023], [77.6229321794002, 12.91636881090026], [77.62292586450032, 12.91637451660018], [77.62291950330018, 12.91638017259992], [77.62291309610025, 12.91638577850023], [77.6229066434002, 12.91639133390025], [77.62290014560023, 12.91639683840026], [77.6228936031002, 12.91640229180032], [77.62288701630025, 12.9164076937002], [77.62288038570019, 12.91641304360009], [77.62287371160015, 12.91641834140016], [77.6228669945002, 12.91642358660016], [77.6228602349002, 12.91642877890007], [77.62285343310019, 12.91643391800021], [77.62284658960023, 12.91643900350028], [77.6228397048003, 12.91644403510013], [77.62283277920028, 12.9164490125001], [77.62282581330027, 12.91645393540023], [77.62281880740021, 12.91645880350011], [77.62281176200018, 12.91646361640027], [77.62280467750016, 12.91646837390027], [77.62279755450017, 12.91647307560026], [77.62279039340018, 12.91647772120024], [77.62278319460022, 12.91648231050022], [77.6227759585003, 12.91648684310032], [77.62276868580018, 12.91649131880029], [77.62276137670021, 12.91649573720029], [77.62275403190024, 12.91650009810025], [77.62274665170031, 12.91650440120013], [77.6227392366003, 12.91650864630024], [77.62273178710028, 12.91651283300031], [77.62272430380023, 12.91651696110029], [77.62271678700029, 12.91652103030019], [77.62270923720017, 12.9165250404002], [77.62270165500023, 12.91652899110021], [77.62269404070031, 12.91653288220029], [77.62268639500024, 12.91653671340017], [77.62267871830029, 12.91654048440024], [77.62267101100021, 12.91654419500018], [77.62266327380017, 12.91654784510017], [77.62265550700016, 12.91655143420023], [77.62264771110024, 12.91655496230016], [77.62263988680031, 12.91655842910016], [77.6226320344003, 12.91656183430001], [77.62262415440017, 12.91656517780008], [77.62261624750015, 12.91656845940031], [77.62260831400026, 12.91657167879998], [77.6226003546002, 12.9165748358002], [77.62259236960017, 12.91657793020026], [77.6225843596002, 12.91658096180015], [77.62257632520021, 12.91658393040024], [77.62256826680022, 12.91658683590008], [77.62256018490031, 12.91658967810019], [77.62255208020024, 12.9165924567003], [77.62254395300016, 12.91659517160025], [77.62253580390029, 12.91659782260019], [77.6225276335003, 12.91660040960012], [77.62251944220021, 12.91660293240021], [77.6225112307003, 12.91660539070029], [77.62250299930018, 12.91660778459993], [77.62249474860018, 12.91661011370024], [77.6224864793002, 12.91661237800007], [77.62247819170028, 12.91661457730021], [77.6224698864002, 12.91661671150023], [77.62246156400022, 12.91661878040016], [77.6224532250003, 12.91662078400025], [77.6224448699002, 12.91662272200021], [77.62243649920019, 12.91662459440028], [77.62242811360022, 12.91662640100007], [77.62241971350024, 12.9166281417003], [77.62241129940026, 12.91662981639996], [77.62240287200028, 12.91663142500017], [77.6223944317003, 12.91663296740014], [77.62238597910029, 12.9166344435003], [77.62237751470026, 12.91663585330017], [77.62236903910032, 12.91663719650025], [77.62236055280026, 12.91663847310019], [77.62235205640023, 12.91663968310013], [77.62234355030022, 12.91664082640019], [77.62233503520015, 12.91664190290016], [77.6223265116002, 12.91664291240016], [77.62231798010022, 12.91664385510012], [77.62230944110031, 12.91664473070015], [77.62230089520015, 12.9166455393003], [77.62229234310013, 12.91664628080032], [77.62228378510014, 12.91664695510002], [77.62227522190024, 12.91664756220019], [77.62226665410024, 12.91664810210023], [77.62225808210026, 12.91664857470011], [77.62224950660027, 12.91664898000026], [77.62224092800024, 12.91664931799993], [77.62223234690016, 12.91664958860019], [77.62222376390025, 12.91664979190017], [77.62221517950019, 12.91664992780018], [77.62220659420024, 12.91664999620019], [77.62219800870032, 12.91664999730011], [77.62218942350017, 12.91664993100026], [77.62218083910018, 12.91664979740029], [77.62217225600023, 12.91664959630019], [77.62216367480016, 12.91664932790029], [77.62215509620029, 12.9166489921003], [77.6221465205003, 12.91664858890015], [77.62213794840027, 12.91664811850007], [77.62212938040028, 12.91664758080027], [77.62212081700017, 12.9166469759003], [77.62211225890015, 12.91664630380024], [77.62210370660027, 12.91664556450026], [77.62209516050028, 12.91664475810027], [77.62208662130018, 12.91664388460028], [77.62207808950023, 12.91664294410016], [77.6220695656002, 12.91664193670012], [77.62206105020026, 12.91664086250019], [77.62205254390028, 12.91663972140014], [77.62204404710018, 12.91663851350024], [77.6220355605002, 12.91663723910029], [77.6220270845002, 12.91663589800026], [77.62201861980014, 12.91663449040014], [77.62201016680025, 12.91663301650026], [77.62200172610015, 12.91663147620029], [77.62199329820021, 12.91662986980008], [77.6219848837002, 12.9166281972003], [77.6219764831003, 12.91662645860028], [77.62196809700032, 12.91662465420025], [77.62195972580027, 12.91662278390021], [77.62195137020029, 12.91662084800025], [77.62194303070017, 12.91661884660017], [77.62193470770028, 12.91661677980028], [77.62192640190015, 12.91661464780026], [77.6219181137003, 12.91661245050016], [77.62190984370018, 12.91661018840013], [77.62190159240025, 12.91660786130018], [77.62189336040029, 12.91660546960018], [77.62188514820029, 12.91660301330014], [77.62187695620014, 12.91660049260025], [77.62186878510026, 12.91659790780011], [77.62186063530014, 12.91659525880018], [77.62185250740019, 12.91659254600023], [77.62184440190028, 12.91658976939992], [77.62183631930026, 12.91658692940024], [77.62178639998517, 12.91656916689054], [77.62124351363741, 12.91637599468823], [77.62112215467789, 12.91633281221071], [77.62111773933356, 12.91633124112349], [77.6209690551296, 12.91627833565753], [77.62090759687705, 12.91625646731235], [77.62085067694484, 12.91623621381227], [77.62060556402427, 12.91614899665742], [77.62059947725531, 12.91614683083645], [77.6205728748721, 12.91613736505945], [77.62054075214861, 12.91612593501146], [77.62035564050983, 12.91606006777584], [77.62025343223195, 12.91602369957782], [77.62018442786281, 12.91599914614034], [77.6200378574735, 12.91594699282148], [77.62001132207475, 12.91593755087933], [77.61995885495946, 12.91591888180021], [77.61966905083796, 12.91581576242589], [77.61955339480393, 12.91577460918823], [77.61944501035526, 12.9157360433581], [77.61936734131267, 12.91570840681864], [77.6193567525512, 12.91570463907908], [77.61934734551693, 12.91570129182685], [77.61922465357696, 12.91565763504234], [77.61919181963712, 12.91564595192563], [77.6191866066002, 12.91564409700017], [77.61918503639136, 12.91564834318154], [77.61916148349836, 12.91571203524848], [77.61915991718507, 12.91571628282869], [77.61902959512969, 12.91607070427732], [77.62014281657268, 12.91676292196992], [77.62025667368277, 12.91688750319985], [77.62031317021467, 12.9169493212455], [77.62051119470016, 12.91716599810023], [77.62056063903698, 12.91722176953095], [77.62064714390014, 12.91731934390013], [77.6206490212003, 12.91732154720023], [77.6206508972002, 12.9173237515003], [77.62065277210029, 12.91732595680024], [77.62065464570024, 12.91732816310026], [77.62065651820024, 12.91733037030021], [77.62065838940015, 12.91733257860023], [77.62066025940014, 12.91733478779997], [77.62066212820018, 12.917336998], [77.6206639957003, 12.91733920929994], [77.62066586210013, 12.91734142150016], [77.6206677273002, 12.91734363460023], [77.62066959120015, 12.91734584880025], [77.62067145390023, 12.91734806390019], [77.62067331540014, 12.91735028010006], [77.62067517570019, 12.91735249720016], [77.62067703480021, 12.91735471530018], [77.62067889270021, 12.91735693440028], [77.6206807493002, 12.91735915440027], [77.62068260470015, 12.91736137540021], [77.62068445890014, 12.9173635975002], [77.62068631190022, 12.91736582050014], [77.62068816370014, 12.91736804440029], [77.6206900142002, 12.91737026940023], [77.62069186350028, 12.91737249530025], [77.62069371160027, 12.91737472220028], [77.6206955585003, 12.91737695009994], [77.62069740420026, 12.91737917890021], [77.62069924860026, 12.91738140870019], [77.62070109180017, 12.91738363950026], [77.62070293380016, 12.91738587130028], [77.62070477460018, 12.91738810410015], [77.6207066141003, 12.91739033780017], [77.62070845240014, 12.91739257240024], [77.62071028950021, 12.91739480810018], [77.6207121254002, 12.91739704470025], [77.62071396000023, 12.91739928230019], [77.62071579340027, 12.9174015209003], [77.62071762560025, 12.91740376040024], [77.62071945650017, 12.91740600090007], [77.62072128630028, 12.91740824240025], [77.62072311480011, 12.91741048480016], [77.62072494200022, 12.91741272820027], [77.62072676800017, 12.91741497250029], [77.6207285928002, 12.91741721780024], [77.62073041640019, 12.91741946410006], [77.62073223870014, 12.91742171140021], [77.62073405980026, 12.91742395960024], [77.6207358797002, 12.91742620870018], [77.62073769830023, 12.91742845890021], [77.62073951570015, 12.91743070990007], [77.62074133190033, 12.9174329620003], [77.62074314680017, 12.91743521500025], [77.62074496050032, 12.91743746900003], [77.62074677300019, 12.91743972390014], [77.62074858420021, 12.91744197970013], [77.62075039420024, 12.9174442366002], [77.62075220290023, 12.91744649440022], [77.62075401040015, 12.91744875310029], [77.62075581670018, 12.91745101280008], [77.62075762170025, 12.91745327340014], [77.6207594255002, 12.91745553500017], [77.62076122800022, 12.9174577976002], [77.62076302930029, 12.91746006109999], [77.62076482940029, 12.91746232550021], [77.62076662820016, 12.9174645909002], [77.62076842580022, 12.91746685730023], [77.62077022210025, 12.91746912460014], [77.62077201720028, 12.9174713928], [77.62077219121772, 12.91747161293643], [77.62077381100026, 12.91747366200031], [77.6207756036003, 12.91747593220014], [77.62077739500025, 12.91747820320005], [77.62077918510015, 12.91748047530028], [77.62078097390027, 12.91748274830018], [77.62078276150017, 12.91748502220021], [77.62078454790016, 12.91748729700028], [77.62078633300023, 12.91748957280027], [77.62078811690021, 12.91749184960018], [77.6207898995002, 12.91749412730013], [77.62079168090014, 12.91749640590023], [77.62079346100029, 12.91749868550022], [77.62079523980032, 12.91750096600025], [77.62079701750027, 12.9175032474], [77.62079879380026, 12.91750552980027], [77.62080056890017, 12.91750781310022], [77.62080234280027, 12.91751009740005], [77.62080411540013, 12.9175123826002], [77.62080588670024, 12.91751466870023], [77.6208076568002, 12.91751695580014], [77.62080942570026, 12.91751924380013], [77.6208111933002, 12.91752153270004], [77.62081295960019, 12.91752382260023], [77.62081472470025, 12.91752611339998], [77.62081648850024, 12.91752840510032], [77.62081825110023, 12.9175306978002], [77.62082001240033, 12.91753299140023], [77.62082177240028, 12.91753528590021], [77.6208235312003, 12.91753758130021], [77.62082528870025, 12.91753987770024], [77.62082704500024, 12.91754217500023], [77.6208288000003, 12.91754447320022], [77.6208305537002, 12.91754677240016], [77.62083230620023, 12.9175490725002], [77.62083405740013, 12.91755137350011], [77.62083580740028, 12.91755367540014], [77.62083755610031, 12.91755597830017], [77.62083930350025, 12.9175582820002], [77.62084104970023, 12.91756058670031], [77.62084279460026, 12.91756289230022], [77.62084453820016, 12.91756519890013], [77.62084628060019, 12.91756750630008], [77.62084802170021, 12.91756981469995], [77.6208497615002, 12.9175721240003], [77.62085150010022, 12.9175744342001], [77.62085323740028, 12.91757674540025], [77.62085497350027, 12.91757905740008], [77.6208567082003, 12.91758137039999], [77.62085844170024, 12.91758368430022], [77.62086017400021, 12.91758599910025], [77.62086190490028, 12.91758831480024], [77.62086363460018, 12.91759063140016], [77.62086536300016, 12.91759294889995], [77.62086709020024, 12.91759526740022], [77.62086881610026, 12.91759758670029], [77.62087054070024, 12.91759990700017], [77.62087226400014, 12.91760222820012], [77.62087398600028, 12.91760455030015], [77.62087570680019, 12.91760687330026], [77.62087742630025, 12.91760919720025], [77.62087914460022, 12.91761152200017], [77.62088086150025, 12.91761384770012], [77.62088257720023, 12.91761617430023], [77.62088429160026, 12.91761850190023], [77.62088600470008, 12.91762083030022], [77.62088771660022, 12.91762315960021], [77.62088942720028, 12.9176254899002], [77.62089113650018, 12.91762782100016], [77.62089284450029, 12.91763015310023], [77.62089455120015, 12.9176324860003], [77.62089625670025, 12.9176348199001], [77.62089796080022, 12.91763715460001], [77.62089966370024, 12.9176394903002], [77.62090136530018, 12.91764182680028], [77.62090306570018, 12.91764416420023], [77.62090476470023, 12.9176465026003], [77.62090646250017, 12.91764884180022], [77.62091493210015, 12.91766055140027], [77.62091662210025, 12.91766289600014], [77.62091831090015, 12.91766524150029], [77.62091999840021, 12.91766758789997], [77.62092168460019, 12.91766993520032], [77.62092336950025, 12.9176722834002], [77.62092505310015, 12.91767463240027], [77.62092673540018, 12.91767698240027], [77.62092841650023, 12.91767933320018], [77.62093009620033, 12.91768168490018], [77.62093177470018, 12.91768403750005], [77.62093345180021, 12.91768639100025], [77.62093512770019, 12.91768874540024], [77.6209368023002, 12.91769110060024], [77.62093847560027, 12.91769345680023], [77.62094014760021, 12.91769581380023], [77.62094181830025, 12.91769817170002], [77.62094348770016, 12.9177005305001], [77.6209451559003, 12.91770289010025], [77.62094682270032, 12.91770525070017], [77.62094848820026, 12.91770761210012], [77.62095015250027, 12.91770997440016], [77.62095181540029, 12.91771233760011], [77.62095347700023, 12.91771470170015], [77.6209551374002, 12.91771706660023], [77.62095679640026, 12.91771943240026], [77.62095845420019, 12.91772179910014], [77.62096011060021, 12.91772416669994], [77.62096176580023, 12.91772653510021], [77.6209634197002, 12.91772890439997], [77.62096507220019, 12.9177312746], [77.62096564620028, 12.9177321681002], [77.62096621940024, 12.91773306210031], [77.62096679160008, 12.91773395660023], [77.62096736300009, 12.91773485170022], [77.62096793350018, 12.91773574740029], [77.62096850310023, 12.91773664360017], [77.62096907180016, 12.91773754030016], [77.62096963960016, 12.91773843760012], [77.62097020650033, 12.91773933540019], [77.62097077250017, 12.9177402337001], [77.62097133770014, 12.91774113260026], [77.62097190190019, 12.91774203200013], [77.6209724653002, 12.91774293200001], [77.62097302770029, 12.91774383250016], [77.62097358930014, 12.91774473360016], [77.62097415000022, 12.91774563510019], [77.62097470980022, 12.91774653720007], [77.62097526860019, 12.91774743990022], [77.62097582660027, 12.91774834310018], [77.62097638370024, 12.91774924680025], [77.62097693990029, 12.91775015100017], [77.62097749520025, 12.91775105579996], [77.62097804960018, 12.9177519611002], [77.62097860320019, 12.91775286690023], [77.62097915580027, 12.91775377330015], [77.62097970750028, 12.9177546801003], [77.62098025830021, 12.9177555876003], [77.62098080820029, 12.91775649550021], [77.62098135720021, 12.91775740390017], [77.62098190530025, 12.91775831290012], [77.62098245250023, 12.91775922240016], [77.62098299880019, 12.91776013240023], [77.62098354420016, 12.91776104300023], [77.62098408870024, 12.91776195410018], [77.62098463230025, 12.91776286560002], [77.62098517500017, 12.91776377770013], [77.62098571680018, 12.91776469040025], [77.62098625770018, 12.91776560350025], [77.62098679770018, 12.91776651719992], [77.62098733680018, 12.9177674313002], [77.6209878749002, 12.91776834600015], [77.62098841220016, 12.91776926120019], [77.62098894850028, 12.91777017690002], [77.62098948400025, 12.91777109310014], [77.62099001850017, 12.91777200980026], [77.62099055210018, 12.91777292710009], [77.62099108480027, 12.91777384480013], [77.6209916166003, 12.91777476310028], [77.62099214750026, 12.91777568180004], [77.62099267750027, 12.91777660110024], [77.62099320660023, 12.91777752090031], [77.62099373480015, 12.91777844120019], [77.62099426200028, 12.91777936190014], [77.62099478830021, 12.91778028320022], [77.62099531380017, 12.91778120500026], [77.62099583830029, 12.91778212730021], [77.62099636190025, 12.91778305010013], [77.62099688450019, 12.91778397340017], [77.62099740630022, 12.9177848971002], [77.62099792710019, 12.91778582140012], [77.62099844710019, 12.91778674620032], [77.62099896610015, 12.91778767150015], [77.62099948420024, 12.91778859720019], [77.62100000130016, 12.91778952350031], [77.62100051760024, 12.91779045020022], [77.62100103290021, 12.91779137750006], [77.62100154730028, 12.9177923052003], [77.62100206080017, 12.91779323340021], [77.62100257340025, 12.91779416220021], [77.62100308510026, 12.91779509140021], [77.62100359580018, 12.91779602110005], [77.62100410560022, 12.91779695120016], [77.6210046145003, 12.91779788190028], [77.62100512250014, 12.91779881310016], [77.6210056295003, 12.91779974470019], [77.62100613560018, 12.91780067680027], [77.6210066408003, 12.91780160940023], [77.62100714510024, 12.91780254250023], [77.62100764840024, 12.91780347600026], [77.62100815090031, 12.91780441010014], [77.62100865240028, 12.91780534460026], [77.62100915290016, 12.91780627960025], [77.6210096526002, 12.91780721510029], [77.62101015130015, 12.91780815100021], [77.62101064910011, 12.91780908750029], [77.62101114590024, 12.91781002440029], [77.62101164180028, 12.91781096170028], [77.62101213680025, 12.9178118996], [77.62101263090028, 12.91781283790012], [77.62101312400029, 12.91781377670027], [77.62101361620013, 12.91781471600031], [77.62101410750029, 12.91781565570015], [77.62101459780017, 12.91781659590027], [77.6210150872002, 12.91781753650019], [77.62101557570024, 12.91781847770022], [77.62101606330025, 12.91781941930026], [77.62101654990016, 12.91782036129994], [77.62101703550017, 12.91782130390026], [77.62101752030033, 12.91782224690026], [77.62101800410016, 12.91782319030029], [77.62101848690025, 12.91782413420021], [77.62101896890029, 12.91782507860029], [77.62101944990025, 12.91782602340025], [77.62101992990029, 12.91782696870029], [77.62102040910025, 12.91782791449997], [77.62102088720029, 12.91782886070024], [77.62102136450028, 12.9178298073002], [77.62102184080017, 12.91783075440004], [77.62102231610017, 12.91783170200028], [77.62102279060025, 12.91783265000016], [77.62102326410024, 12.91783359850028], [77.62102373660032, 12.91783454740028], [77.62102420820013, 12.91783549680031], [77.62102467890024, 12.91783644660019], [77.62102514860028, 12.91783739690027], [77.62102561740016, 12.91783834760027], [77.6210260852002, 12.91783929880007], [77.62102655210032, 12.91784025040011], [77.62102701800019, 12.91784120250019], [77.62102748310015, 12.91784215499995], [77.62102794710019, 12.9178431079003], [77.62102841020011, 12.91784406130018], [77.62102887240019, 12.91784501510022], [77.6210293336001, 12.91784596940018], [77.62102979390022, 12.91784692410026], [77.62103025320015, 12.91784787929994], [77.62103071160026, 12.91784883480018], [77.62103116900022, 12.91784979090006], [77.62103162550018, 12.91785074730018], [77.62103208110017, 12.91785170420014], [77.62103253570025, 12.91785266150013], [77.62103298930025, 12.91785361930005], [77.62103344200017, 12.91785457750017], [77.6210338937002, 12.91785553609993], [77.62103434450029, 12.91785649520029], [77.62103479440016, 12.91785745470029], [77.62103524320024, 12.91785841460025], [77.62103569120028, 12.91785937490017], [77.62103613820022, 12.91786033570033], [77.62103658420027, 12.91786129690029], [77.62103702930023, 12.91786225850017], [77.6210374734003, 12.91786322050025], [77.62103791660026, 12.91786418300001], [77.62103835880025, 12.91786514590017], [77.62103880000025, 12.91786610920021], [77.62103924030016, 12.91786707290025], [77.62103967970029, 12.91786803710017], [77.6210401181002, 12.91786900170029], [77.6210405555002, 12.91786996669993], [77.62104099200023, 12.91787093210013], [77.62104142750023, 12.91787189790021], [77.62104186210018, 12.91787286409993], [77.62104229570014, 12.91787383080025], [77.62104272830025, 12.91787479780025], [77.6210431600003, 12.91787576529993], [77.62104359070021, 12.91787673320017], [77.62104402050021, 12.91787770150029], [77.62104444930031, 12.91787867020025], [77.62104487720019, 12.91787963930029], [77.62104530410026, 12.91788060880009], [77.62104573000026, 12.91788157880001], [77.62104615490021, 12.91788254910013], [77.62104657890029, 12.91788351980029], [77.62104700200025, 12.91788449100029], [77.62104742410024, 12.91788546250013], [77.62104750063106, 12.91788563915174], [77.62104784520024, 12.91788643450017], [77.62104826530027, 12.91788740680017], [77.62104868450022, 12.91788837960029], [77.62104910270027, 12.91788935270029], [77.62104952000026, 12.91789032630014], [77.62104993630017, 12.91789130020021], [77.62105035160029, 12.91789227460013], [77.62105076590016, 12.91789324930018], [77.62105117930031, 12.91789422440014], [77.62105159180022, 12.91789520000022], [77.62105200320019, 12.91789617590006], [77.6210524137003, 12.91789715219998], [77.62105282320029, 12.91789812890018], [77.6210532318002, 12.91789910600018], [77.62105363930016, 12.91790008349998], [77.6210546665002, 12.91790299290022], [77.62105568740022, 12.91790590440023], [77.62105670190009, 12.91790881800006], [77.62105771010022, 12.91791173380027], [77.62105871200033, 12.91791465159999], [77.62105970750014, 12.91791757160023], [77.62106069680014, 12.91792049359991], [77.62106167960015, 12.91792341770019], [77.62106265610026, 12.91792634380028], [77.62106362630023, 12.91792927190016], [77.62106387523119, 12.91793002871397], [77.62106459010026, 12.91793220210024], [77.62106554750027, 12.91793513430033], [77.62106649860027, 12.91793806840021], [77.62106744330026, 12.91794100460009], [77.62106838160018, 12.91794394270021], [77.62106931350026, 12.91794688280026], [77.62107023910029, 12.91794982480014], [77.62107115830013, 12.91795276870022], [77.62107207100024, 12.91795571460027], [77.62107297740016, 12.91795866230011], [77.62107387740024, 12.91796161200016], [77.62107477100027, 12.9179645635002], [77.62107565820014, 12.91796751680021], [77.62107653890025, 12.91797047200021], [77.62107741320017, 12.91797342910018], [77.62107828120024, 12.91797638800018], [77.62107914270031, 12.91797934860027], [77.62107999770022, 12.91798231110023], [77.62108084640022, 12.91798527530028], [77.62108168860009, 12.91798824130016], [77.62108252430015, 12.91799120910025], [77.62108335360018, 12.91799417860029], [77.62108417650013, 12.91799714980026], [77.62108499290024, 12.91800012280023], [77.62108580290014, 12.91800309740019], [77.62108660640017, 12.91800607370028], [77.62108740340011, 12.91800905170017], [77.62108819400027, 12.91801203140021], [77.62108897810033, 12.91801501270022], [77.62108975570015, 12.91801799559999], [77.62109052690018, 12.91802098010011], [77.62109129160028, 12.9180239663002], [77.62109204970018, 12.91802695400025], [77.62109280140021, 12.91802994330025], [77.62109354670027, 12.91803293420026], [77.62109428540016, 12.91803592660015], [77.62109501760023, 12.91803892060024], [77.62109574330024, 12.91804191610025], [77.62109646250026, 12.91804491310021], [77.62109717530025, 12.91804791160018], [77.6210978815003, 12.91805091150023], [77.62109858120016, 12.91805391300028], [77.62109927430014, 12.91805691590025], [77.62109996100024, 12.91805992020018], [77.62110064110017, 12.91806292600023], [77.62110131470018, 12.91806593310019], [77.62110198180012, 12.91806894170012], [77.62110264230022, 12.91807195170001], [77.6211032963003, 12.91807496300002], [77.62110394380028, 12.91807797570015], [77.62110458470026, 12.91808098980028], [77.62110521910019, 12.91808400510029], [77.62110584700021, 12.91808702180022], [77.62110646830017, 12.91809003980027], [77.62110708300014, 12.91809305910016], [77.62110769120024, 12.91809607970025], [77.6211082928002, 12.91809910150014], [77.62110888790018, 12.91810212460031], [77.62110947640026, 12.91810514890024], [77.62111005830032, 12.91810817440021], [77.62111063370031, 12.91811120120027], [77.62111120250024, 12.91811422910031], [77.62111176470029, 12.91811725820025], [77.62111232030014, 12.91812028850018], [77.6211128694003, 12.91812331990023], [77.62111341190018, 12.91812635250016], [77.6211139478002, 12.91812938620025], [77.62111447710019, 12.91813242099998], [77.62111499980016, 12.91813545700023], [77.6211155160002, 12.91813849400024], [77.6211160255002, 12.91814153200018], [77.62111652840012, 12.91814457120011], [77.62111702480024, 12.91814761130024], [77.62111751450021, 12.91815065250021], [77.62111799770021, 12.91815369480014], [77.62111847420029, 12.91815673800015], [77.62111894420029, 12.91815978220025], [77.62111940750033, 12.91816282740022], [77.62111986420024, 12.91816587350011], [77.62112031430028, 12.91816892060012], [77.62112075780027, 12.91817196860022], [77.6211211947002, 12.91817501760023], [77.62112162490023, 12.91817806740028], [77.6211220486003, 12.91818111820021], [77.62112246560018, 12.91818416980027], [77.62112287590026, 12.9181872223002], [77.62112327970029, 12.91819027560025], [77.62112367680028, 12.91819332980015], [77.62112406730012, 12.91819638480028], [77.62112445120015, 12.91819944060017], [77.6211248284003, 12.91820249720015], [77.62112519900025, 12.91820555460016], [77.62112556300023, 12.91820861270025], [77.62112592030019, 12.91821167160002], [77.6211262710001, 12.91821473120024], [77.62112661500016, 12.91821779160017], [77.62112695240027, 12.91822085270018], [77.62112728320022, 12.91822391450008], [77.62112760730024, 12.91822697690021], [77.62112792470019, 12.91823004000019], [77.62112823550014, 12.91823310380004], [77.62112853970017, 12.91823616820017], [77.62112883720015, 12.91823923330015], [77.62112912800029, 12.9182422990002], [77.62112941220012, 12.91824536520009], [77.6211296897003, 12.91824843210007], [77.62112996060024, 12.91825149949996], [77.62113022480025, 12.91825456750018], [77.62113048240025, 12.91825763599995], [77.62113073330015, 12.91826070510012], [77.62113097750016, 12.91826377470018], [77.62113121510022, 12.91826684480007], [77.62113144600028, 12.91826991530025], [77.62113167030014, 12.91827298640022], [77.62113188780027, 12.91827605790024], [77.62113209870022, 12.91827912980013], [77.62113230300024, 12.91828220220026], [77.62113250050021, 12.91828527500024], [77.6211326914003, 12.91828834820025], [77.62113285635748, 12.91829109930712], [77.6211328757002, 12.91829142190027], [77.62113305320014, 12.9182944958002], [77.62113322410028, 12.91829757020026], [77.62113338830028, 12.91830064490023], [77.62113354590025, 12.91830371990021], [77.62113369670016, 12.91830679530022], [77.6211338409002, 12.91830987090007], [77.62113397840017, 12.91831294690017], [77.62113410930026, 12.91831602309991], [77.62113423340027, 12.91831909960024], [77.62113435090028, 12.91832217640001], [77.62113446170014, 12.91832525340023], [77.62113456580018, 12.9183283306002], [77.62113466320027, 12.91833140800002], [77.6211347540002, 12.91833448570027], [77.6211348381002, 12.91833756349997], [77.6211349155002, 12.91834064150002], [77.62113498620022, 12.91834371960016], [77.62113505020022, 12.91834679790025], [77.62113510760018, 12.91834987630019], [77.62113515820027, 12.91835295480028], [77.62113520220028, 12.91835603340026], [77.62113523950019, 12.91835911210023], [77.62113527020028, 12.91836219080017], [77.62113529410028, 12.91836526969994], [77.62113531140017, 12.91836834850012], [77.62113532190024, 12.91837142740029], [77.62113532580024, 12.91837450630027], [77.62113532300016, 12.9183775853002], [77.62113531360025, 12.91838066420026], [77.6211352974002, 12.91838374300023], [77.62113527460012, 12.91838682190017], [77.62113524500016, 12.91838990059994], [77.62113520880031, 12.91839297940008], [77.62113516590023, 12.91839605800021], [77.62113515197309, 12.91839692415572], [77.62113511640023, 12.91839913650019], [77.62113506010026, 12.91840221490032], [77.62113499720017, 12.91840529320026], [77.62113492760017, 12.91840837139995], [77.62113485130017, 12.91841144940001], [77.62113476830024, 12.9184145272003], [77.62113467860023, 12.91841760489996], [77.62113458230021, 12.91842068230017], [77.6211344793003, 12.91842375960015], [77.62113436960017, 12.9184268366002], [77.62113425320024, 12.91842991340014], [77.62113413010015, 12.91843299000027], [77.62113400040018, 12.91843606630021], [77.62113386400029, 12.9184391423001], [77.62113372090023, 12.91844221800016], [77.62113357110017, 12.91844529340017], [77.62113342200024, 12.91844829310002], [77.62113327060031, 12.91845129270023], [77.6211331169003, 12.91845429210007], [77.62113296090028, 12.91845729149992], [77.62113280260023, 12.91846029070029], [77.62113264200018, 12.9184632898003], [77.62113247910008, 12.91846628880023], [77.62113231390032, 12.91846928770024], [77.62113214640021, 12.9184722865002], [77.62113197660021, 12.91847528510017], [77.6211318045002, 12.91847828360026], [77.62113163010014, 12.91848128200019], [77.62113145350024, 12.91848428020028], [77.62113127450014, 12.91848727830017], [77.62113109320018, 12.91849027630025], [77.6211309097002, 12.9184932742001], [77.62113072380022, 12.91849627189999], [77.62113053570016, 12.9184992695002], [77.62113034520031, 12.91850226690025], [77.62113015250021, 12.91850526420022], [77.62112995750027, 12.91850826140022], [77.6211297601003, 12.91851125840019], [77.62112956050017, 12.9185142552002], [77.62112935860019, 12.91851725190033], [77.6211291544003, 12.91852024850026], [77.62112894790023, 12.91852324490018], [77.62112873910014, 12.91852624120027], [77.6211285280002, 12.9185292373], [77.62112831460023, 12.91853223320025], [77.62112809900025, 12.91853522899994], [77.62112788100023, 12.91853822470019], [77.62112766070021, 12.91854122010015], [77.6211274382001, 12.91854421540016], [77.62112721330021, 12.91854721060021], [77.62112698620031, 12.91855020560018], [77.6211267567001, 12.9185532004003], [77.62112652500032, 12.91855619500007], [77.6211262910003, 12.9185591895], [77.62112605470024, 12.91856218380029], [77.62112581610018, 12.91856517790018], [77.62112557520028, 12.91856817180026], [77.62112533200029, 12.91857116560011], [77.62112508650016, 12.91857415920016], [77.62112483870014, 12.91857715260017], [77.62112458870031, 12.91858014580014], [77.62112433630021, 12.91858313880014], [77.62112408170019, 12.91858613170031], [77.62112382470025, 12.91858912430024], [77.62112356550027, 12.91859211680021], [77.62112330400016, 12.91859510910029], [77.6211230402003, 12.91859810120018], [77.62112277400028, 12.91860109310023], [77.62112250570023, 12.91860408470028], [77.62112223500031, 12.91860707620017], [77.62112196200017, 12.91861006750029], [77.62112168670023, 12.9186130586001], [77.62112140920026, 12.91861604950007], [77.62112112930026, 12.91861904020004], [77.62112084720025, 12.9186220307002], [77.62112056280019, 12.91862502090025], [77.62112027610027, 12.91862801100018], [77.62112013616633, 12.91862945866221], [77.62111998710013, 12.91863100080003], [77.62111969580019, 12.91863399050028], [77.62111940220016, 12.91863697990028], [77.62111910640014, 12.91863996910025], [77.62111880820015, 12.91864295800026], [77.62111850780025, 12.91864594680023], [77.62111820500019, 12.91864893530015], [77.62111790000024, 12.91865192370004], [77.62111759270026, 12.91865491169993], [77.62111728310028, 12.91865789960017], [77.62111697120024, 12.91866088720026], [77.62111665710022, 12.91866387460027], [77.62111634060015, 12.91866686180028], [77.62111602190025, 12.91866984870024], [77.6211157008003, 12.91867283540017], [77.62111537750032, 12.9186758219003], [77.62111505190016, 12.91867880810019], [77.62111472400018, 12.91868179410027], [77.62111439390027, 12.91868477980012], [77.6211140614002, 12.91868776530017], [77.6211137267003, 12.91869075060013], [77.62111338960018, 12.91869373560014], [77.6211130503002, 12.91869672030027], [77.62111270870021, 12.91869970480004], [77.62111236480018, 12.91870268910016], [77.62111201870016, 12.91870567310021], [77.62111167020025, 12.91870865680006], [77.62111131950017, 12.91871164030026], [77.62111096650023, 12.91871462350023], [77.62111061120028, 12.91871760650024], [77.62111025360025, 12.91872058920001], [77.62110989370022, 12.91872357160029], [77.62110953150022, 12.91872655380018], [77.62110916710031, 12.91872953570027], [77.62110880040025, 12.91873251730011], [77.62110843140026, 12.91873549870012], [77.62110806010031, 12.91873847970009], [77.62110768650031, 12.91874146060025], [77.62110731070008, 12.91874444110022], [77.62110693250025, 12.91874742140011], [77.62110655210019, 12.91875040130019], [77.62110616940026, 12.9187533810002], [77.62110578450016, 12.91875636050025], [77.62110539720021, 12.91875933960021], [77.62110500770018, 12.91876231840002], [77.62110461590022, 12.91876529700015], [77.62110422180031, 12.91876827530023], [77.62110382540027, 12.91877125320032], [77.62110342670012, 12.91877423090017], [77.62110302580021, 12.91877720830017], [77.62110262260022, 12.91878018540018], [77.62110221710026, 12.91878316220015], [77.62110180930023, 12.91878613870007], [77.6211013992002, 12.91878911490016], [77.62110098690016, 12.91879209080001], [77.62110057230025, 12.91879506640025], [77.62110015540013, 12.91879804170026], [77.62109973630014, 12.91880101660023], [77.62109931480018, 12.91880399130019], [77.62109889110019, 12.91880696560008], [77.62109846510015, 12.91880993970016], [77.62109803680028, 12.91881291340017], [77.62109760630015, 12.91881588680026], [77.62109717350025, 12.91881885990022], [77.62109673840028, 12.91882183270019], [77.62109630100014, 12.91882480509992], [77.62109586130009, 12.91882777730016], [77.62109541940026, 12.91883074910025], [77.62109497520022, 12.91883372050021], [77.62109452870014, 12.91883669170026], [77.62109408000019, 12.91883966250019], [77.62109362890027, 12.91884263300015], [77.62109317560028, 12.91884560310024], [77.62109272010032, 12.91884857300028], [77.62109226220024, 12.91885154240013], [77.62109194275696, 12.91885360388927], [77.6210918021002, 12.91885451159994], [77.62109133970029, 12.91885748040026], [77.6210908750002, 12.91886044880015], [77.62109040810024, 12.91886341700031], [77.62108993890028, 12.91886638470016], [77.62108946740028, 12.91886935220016], [77.62108899370033, 12.91887231930013], [77.62108851760024, 12.9188752860003], [77.62108803930016, 12.91887825240018], [77.62108755880028, 12.91888121840027], [77.62108707590016, 12.91888418410031], [77.6210865908002, 12.91888714939996], [77.6210861034002, 12.91889011430008], [77.62108561380016, 12.91889307890021], [77.62108512190021, 12.91889604320017], [77.62108462770028, 12.91889900700022], [77.62108413120016, 12.91890197050003], [77.62108363250029, 12.91890493370023], [77.62108313150016, 12.91890789650015], [77.62108262820016, 12.91891085890028], [77.62108212270016, 12.91891382090017], [77.62108161490016, 12.91891678250021], [77.62108110490027, 12.91891974380002], [77.62108059250023, 12.91892270470014], [77.62108007790027, 12.91892566530011], [77.62107956110015, 12.91892862540023], [77.62107904190019, 12.91893158520024], [77.62107480740015, 12.91895524940024], [77.62107426780018, 12.91895820560016], [77.6210737261003, 12.91896116150025], [77.62107318200026, 12.91896411690025], [77.62107263570017, 12.91896707200006], [77.62107208720029, 12.91897002660018], [77.62107153640017, 12.91897298090026], [77.62107098330016, 12.91897593470031], [77.6210704279002, 12.91897888820015], [77.62106987030019, 12.91898184120016], [77.62106932450018, 12.91898426820008], [77.62106877620029, 12.91898669470016], [77.62106822520029, 12.91898912060016], [77.62106767170032, 12.91899154589992], [77.62106711550024, 12.9189939706], [77.62106655680014, 12.9189963948002], [77.62106599550015, 12.91899881840004], [77.6210654316003, 12.91900124149997], [77.62106486510021, 12.91900366390025], [77.6210642960002, 12.91900608580021], [77.6210637243002, 12.91900850700017], [77.62106315010014, 12.91901092770029], [77.62106257330022, 12.91901334780017], [77.62106199390017, 12.91901576729993], [77.62106141190016, 12.91901818620021], [77.62106082730027, 12.91902060460029], [77.62106024010022, 12.91902302230029], [77.62105965040026, 12.91902543940025], [77.62105905800013, 12.91902785590025], [77.6210584631002, 12.91903027170029], [77.6210578657002, 12.91903268700025], [77.6210572656003, 12.91903510170017], [77.6210566630002, 12.91903751569997], [77.62105605770024, 12.91903992910017], [77.62105544990023, 12.91904234190025], [77.62105483960026, 12.91904475410029], [77.62105422660017, 12.91904716560025], [77.62105361110032, 12.91904957650017], [77.62105299300026, 12.91905198680025], [77.62105237240017, 12.91905439650005], [77.62105174910016, 12.91905680549997], [77.62105112330015, 12.91905921380021], [77.62105049490026, 12.91906162150021], [77.62104986400028, 12.91906402860029], [77.62104923040027, 12.9190664350002], [77.62104859440022, 12.9190688408002], [77.62104795570025, 12.91907124590012], [77.62104731450027, 12.9190736504002], [77.62104667070027, 12.9190760542002], [77.62104602430013, 12.91907845730016], [77.62104537540023, 12.9190808597002], [77.62104472390018, 12.91908326150004], [77.62104406980029, 12.9190856627002], [77.6210434132002, 12.91908806310023], [77.62104275400021, 12.91909046290023], [77.62104209230016, 12.91909286200019], [77.62104142800031, 12.91909526040023], [77.62104076110018, 12.91909765820003], [77.62104009170032, 12.91910005520015], [77.62103941970027, 12.91910245160023], [77.62103874520017, 12.91910484719999], [77.62103806810019, 12.9191072422003], [77.62103738840017, 12.91910963650018], [77.62103670620031, 12.91911203010018], [77.6210360214003, 12.91911442290022], [77.62103533410016, 12.9191168151001], [77.62103464420026, 12.91911920660025], [77.62103395180021, 12.91912159729997], [77.62103383264021, 12.91912200709093], [77.62103325680023, 12.91912398740021], [77.62103255930022, 12.91912637670017], [77.62103185920012, 12.91912876530025], [77.62103115660022, 12.91913115320024], [77.6210304514002, 12.91913354030016], [77.62102974360018, 12.91913592680028], [77.62102903340032, 12.91913831250024], [77.62102832050014, 12.91914069740015], [77.62102760520013, 12.91914308170023], [77.6210268872003, 12.91914546520019], [77.62102616680016, 12.91914784800007], [77.62102544380018, 12.9191502300003], [77.62102471820016, 12.91915261130026], [77.6210239901003, 12.91915499180014], [77.6210232595002, 12.91915737160029], [77.62102252630018, 12.91915975060021], [77.62102179060032, 12.91916212890009], [77.62102105230026, 12.91916450640024], [77.62102031160028, 12.91916688320016], [77.62101956820025, 12.9191692592002], [77.62101882240023, 12.91917163440012], [77.62101807400029, 12.91917400890019], [77.62101732300015, 12.91917638260019], [77.62101656950017, 12.9191787555003], [77.62101581350026, 12.91918112770014], [77.62101505500016, 12.9191834990001], [77.62101429390015, 12.91918586960021], [77.62101353030016, 12.91918823940017], [77.62101276420026, 12.91919060850029], [77.62101199560016, 12.91919297670016], [77.62101122440016, 12.91919534409992], [77.62101045070027, 12.91919771080019], [77.62100967440016, 12.91920007660019], [77.62100889560026, 12.91920244169995], [77.62100811440023, 12.91920480590018], [77.62100733050016, 12.91920716940014], [77.62100654420026, 12.91920953200021], [77.62100575530032, 12.91921189390025], [77.62100496400029, 12.91921425490017], [77.62100417010026, 12.9192166151002], [77.62100337360012, 12.91921897450015], [77.62100257470017, 12.91922133300023], [77.6210017732003, 12.91922369080023], [77.62100096930028, 12.9192260477003], [77.62100016280017, 12.91922840380018], [77.62099935380019, 12.91923075910029], [77.62099854220031, 12.91923311350017], [77.62099772820021, 12.91923546710016], [77.6209969116003, 12.91923781990024], [77.62099609260015, 12.91924017180027], [77.62099527100013, 12.91924252290015], [77.62099444690021, 12.91924487310026], [77.62099362030027, 12.91924722250018], [77.62099279130028, 12.91924957100025], [77.62099195960025, 12.91925191870024], [77.62099112550014, 12.91925426550016], [77.62099028890019, 12.91925661149999], [77.6209894498002, 12.91925895660031], [77.62098860820021, 12.91926130080014], [77.6209877640003, 12.91926364420025], [77.62098691740016, 12.91926598670017], [77.62098606830017, 12.91926832829996], [77.62098521670013, 12.91927066910024], [77.62098436250022, 12.91927300900023], [77.62098350590007, 12.91927534800014], [77.62098264680031, 12.91927768610022], [77.62098178520029, 12.91928002339993], [77.62098092100018, 12.9192823597], [77.62098005440022, 12.91928469519996], [77.62097918530027, 12.91928702980023], [77.6209783137002, 12.91928936340018], [77.62097743970033, 12.91929169620026], [77.62097656310017, 12.91929402810029], [77.62097568400019, 12.91929635910004], [77.62097480250016, 12.91929868920024], [77.62097391840024, 12.91930101830019], [77.62097303190029, 12.91930334660002], [77.62097214290013, 12.91930567400017], [77.62097125140014, 12.91930800040025], [77.62097035740022, 12.9193103259002], [77.62096946090027, 12.91931265050027], [77.62096856200031, 12.91931497420022], [77.62096766060029, 12.91931729690014], [77.62096675670024, 12.91931961880017], [77.6209658503001, 12.91932193960024], [77.62096494140029, 12.91932425960027], [77.6209640301003, 12.91932657860018], [77.62096311630022, 12.91932889670022], [77.6209622000003, 12.91933121389997], [77.62096128120015, 12.91933353010016], [77.62096036000031, 12.91933584529995], [77.62095943630028, 12.91933815960014], [77.6209585101002, 12.91934047300014], [77.6209575814002, 12.91934278540021], [77.62095665030024, 12.91934509690016], [77.62095622383941, 12.91934615231775], [77.62095571670017, 12.91934740740019], [77.62095478070029, 12.91934971690018], [77.62095384220014, 12.91935202550025], [77.62095290120014, 12.9193543331002], [77.6209519577003, 12.91935663970031], [77.62095101180022, 12.9193589454003], [77.62095006350019, 12.91936125010018], [77.62094911260014, 12.91936355380017], [77.62094815940014, 12.91936585660004], [77.62094720360027, 12.91936815830023], [77.62094624540019, 12.91937045910014], [77.62094528480019, 12.91937275890029], [77.62094432160023, 12.91937505770024], [77.62094335610014, 12.91937735550023], [77.6209423880003, 12.91937965230026], [77.62094141760015, 12.91938194810029], [77.62094044470018, 12.9193842430002], [77.62093946930014, 12.91938653679999], [77.62093849150027, 12.91938882960026], [77.62093751120018, 12.91939112140029], [77.62093652850018, 12.91939341220016], [77.62093554330018, 12.91939570200015], [77.6209345557001, 12.91939799080006], [77.62093356570021, 12.91940027860021], [77.62093257320025, 12.91940256530012], [77.62093157820026, 12.91940485110011], [77.62093058090029, 12.91940713580022], [77.6208593699348, 12.91955413567365], [77.62081834349492, 12.91963882602154], [77.620616221874, 12.92005606306522], [77.62058527173447, 12.92011995303709], [77.62049413370026, 12.92030808810018], [77.62049390000028, 12.92030862510011], [77.62049366680031, 12.92030916220027], [77.62049343420028, 12.92030969960024], [77.62049320220024, 12.92031023720028], [77.6204929707003, 12.92031077510012], [77.62049273980016, 12.92031131320017], [77.62049250950014, 12.92031185150021], [77.62049227970012, 12.92031239010014], [77.62049205050018, 12.9203129289001], [77.62049182180027, 12.92031346790027], [77.62049159380025, 12.92031400710023], [77.62049136630024, 12.9203145466002], [77.62049113930014, 12.92031508630028], [77.62049091290008, 12.92031562630028], [77.6204906871003, 12.92031616639997], [77.62049046190016, 12.92031670680025], [77.62049023720027, 12.92031724740014], [77.62049001310025, 12.92031778830026], [77.62048978950027, 12.92031832940007], [77.62048956650017, 12.92031887070003], [77.6204893441003, 12.92031941220024], [77.6204891223003, 12.92031995390028], [77.62048890100016, 12.92032049590029], [77.62048868030026, 12.92032103810017], [77.6204884601002, 12.9203215805003], [77.62048824060027, 12.92032212309998], [77.62048802160028, 12.92032266600011], [77.62048780310022, 12.92032320910027], [77.62048758530021, 12.92032375240008], [77.62048736800027, 12.92032429590024], [77.62048715130021, 12.92032483960009], [77.62048693510019, 12.92032538360013], [77.62048671950022, 12.92032592780022], [77.62048650450028, 12.9203264721999], [77.62048629000022, 12.92032701680023], [77.62048607620017, 12.92032756160011], [77.62048586290022, 12.92032810660028], [77.62048565010032, 12.92032865190024], [77.62048543800027, 12.92032919730025], [77.62048522640013, 12.92032974300009], [77.62048501540023, 12.9203302889001], [77.62048480490017, 12.92033083500018], [77.62048459510015, 12.92033138130023], [77.62048438580018, 12.92033192790019], [77.62048417700028, 12.92033247460028], [77.62048396890026, 12.92033302160025], [77.62048376130025, 12.92033356870001], [77.62048355430015, 12.92033411610022], [77.62048334790029, 12.92033466370022], [77.62048314200028, 12.92033521150023], [77.62048293670018, 12.92033575940023], [77.62048273200024, 12.92033630760016], [77.62048252790022, 12.9203368561002], [77.62048232430026, 12.92033740469997], [77.62048212130031, 12.92033795350029], [77.6204819189003, 12.92033850250022], [77.62048171710028, 12.92033905170022], [77.62048151590018, 12.92033960120023], [77.62048131520025, 12.9203401508002], [77.62048111510023, 12.92034070060028], [77.62048091550025, 12.92034125070013], [77.62048071660031, 12.92034180090017], [77.6204805182003, 12.9203423513003], [77.62048032040025, 12.92034290200002], [77.62048012320015, 12.92034345279995], [77.62047992660025, 12.92034400380027], [77.62047973050024, 12.92034455510024], [77.62047953500026, 12.92034510650005], [77.62047934010012, 12.92034565810009], [77.6204791458003, 12.9203462099003], [77.62047895200025, 12.92034676200018], [77.62047875880016, 12.92034731420023], [77.6204785662003, 12.92034786660031], [77.62047837420029, 12.92034841920024], [77.62047818280031, 12.92034897200017], [77.62047799190022, 12.92034952500013], [77.62047780160032, 12.9203500781003], [77.62047761200019, 12.92035063150022], [77.62047742280025, 12.92035118510027], [77.62047723430015, 12.92035173880008], [77.62047704630014, 12.92035229279996], [77.62047685900023, 12.92035284690025], [77.62047667220014, 12.92035340120009], [77.62047648600024, 12.92035395570018], [77.62047630030027, 12.92035451040014], [77.62047611530018, 12.92035506530027], [77.62047593080028, 12.92035562040024], [77.62047574690031, 12.9203561756002], [77.62047556360017, 12.92035673110001], [77.62047538090023, 12.92035728670021], [77.62047519870022, 12.92035784250026], [77.62047501720025, 12.92035839850031], [77.62047483620019, 12.92035895470019], [77.62047465580025, 12.92035951100024], [77.62047447600024, 12.92036006760013], [77.62047429680018, 12.92036062430009], [77.62047411810029, 12.92036118120022], [77.62047394010024, 12.92036173830018], [77.6204737626003, 12.92036229550019], [77.62047358570017, 12.92036285300016], [77.62047340940028, 12.9203634106002], [77.62047323370014, 12.92036396840017], [77.62047305860024, 12.92036452630025], [77.62047288400015, 12.9203650845003], [77.6204727100003, 12.92036564280023], [77.62047253670016, 12.92036620130027], [77.62047236390026, 12.92036676000004], [77.62047219170022, 12.92036731880017], [77.62047202000024, 12.92036787790009], [77.62047184900014, 12.92036843700026], [77.6204716785003, 12.92036899640026], [77.62047150870028, 12.92036955590027], [77.6204713394003, 12.92037011570012], [77.62047117070024, 12.92037067550012], [77.6204710026002, 12.92037123560021], [77.62047083510026, 12.9203717958003], [77.62047066820033, 12.92037235620018], [77.62047050180031, 12.92037291670027], [77.62047033610014, 12.92037347750023], [77.6204701709002, 12.92037403830016], [77.62047000630031, 12.92037459940029], [77.6204698423003, 12.92037516060025], [77.62046967890028, 12.92037572200026], [77.62046951610023, 12.92037628360027], [77.62046935390022, 12.92037684530012], [77.62046919220025, 12.92037740710016], [77.62046903120027, 12.92037796920021], [77.62046887070022, 12.92037853140029], [77.62046871090024, 12.92037909380014], [77.62046855160007, 12.92037965630027], [77.62046839290018, 12.92038021900019], [77.62046823480017, 12.92038078180032], [77.62046807730023, 12.92038134480025], [77.6204679204003, 12.92038190800025], [77.62046776400024, 12.92038247130022], [77.62046760830027, 12.92038303480023], [77.62046745310018, 12.92038359840023], [77.62046729860025, 12.92038416220028], [77.62046714460024, 12.92038472610013], [77.6204669912003, 12.92038529019997], [77.62046683850025, 12.92038585450022], [77.62046668630019, 12.92038641889995], [77.62046653470018, 12.92038698350007], [77.62046638370009, 12.9203875482002], [77.62046623320028, 12.92038811300013], [77.62046608340023, 12.92038867810025], [77.6204659342003, 12.92038924320026], [77.62046578550024, 12.92038980860027], [77.62046563750023, 12.92039037400023], [77.62046549000026, 12.92039093960024], [77.62046534320017, 12.92039150540029], [77.62046519690027, 12.9203920713001], [77.62046505120014, 12.92039263740018], [77.62046490620021, 12.92039320360027], [77.62046476170012, 12.92039376990015], [77.62046461780018, 12.92039433640024], [77.62046447450017, 12.92039490309997], [77.62046433180028, 12.9203954698999], [77.62046418970027, 12.92039603680022], [77.6204640481003, 12.92039660390019], [77.62046390720025, 12.92039717110016], [77.62046376690016, 12.9203977385002], [77.62046362710022, 12.92039830599997], [77.62046348800025, 12.92039887359998], [77.6204633495002, 12.92039944140022], [77.6204632115002, 12.92040000930023], [77.62046307420026, 12.92040057740032], [77.62046293740012, 12.92040114560017], [77.62046280120028, 12.92040171390029], [77.62046266570019, 12.92040228240018], [77.62046253070025, 12.92040285100031], [77.6204623963002, 12.92040341970024], [77.62046226250023, 12.9204039886002], [77.62046212940025, 12.92040455760029], [77.6204619968002, 12.9204051268003], [77.62046186480019, 12.92040569600026], [77.62046173340026, 12.92040626550027], [77.62046160260013, 12.92040683500028], [77.62046147240028, 12.92040740470009], [77.62046134280011, 12.92040797449993], [77.62041106260023, 12.92060008860024], [77.62041077500028, 12.92060117220029], [77.62041048640015, 12.92060225560014], [77.6204101968002, 12.92060333870011], [77.6204099062003, 12.92060442150012], [77.62040961450028, 12.92060550410009], [77.62040932180021, 12.92060658640018], [77.62040902800022, 12.92060766840031], [77.62040873320028, 12.9206087502002], [77.62040843740026, 12.92060983170025], [77.62040814050015, 12.92061091290026], [77.62040784260016, 12.92061199380027], [77.62040754360022, 12.92061307450023], [77.6204072436002, 12.92061415490021], [77.62040694260025, 12.92061523500026], [77.62040664050022, 12.92061631480014], [77.62040633750031, 12.92061739440019], [77.62040603330026, 12.92061847370024], [77.62040572820031, 12.92061955270025], [77.62040542200025, 12.92062063140002], [77.6204051147003, 12.92062170980019], [77.62040480650023, 12.92062278800028], [77.62040449720028, 12.92062386580017], [77.62040418690022, 12.92062494340026], [77.62040387550023, 12.92062602070023], [77.62040356310017, 12.92062709770024], [77.62040324970026, 12.92062817440025], [77.62040293520016, 12.92062925080018], [77.62040261970013, 12.92063032690026], [77.62040230320027, 12.92063140280015], [77.62040198560028, 12.9206324783002], [77.62040166700017, 12.92063355360021], [77.62040134740022, 12.92063462850022], [77.62040102680015, 12.92063570320023], [77.6204007051001, 12.92063677760012], [77.62040038240026, 12.92063785170025], [77.62040005870024, 12.92063892539994], [77.62039973390029, 12.92063999890019], [77.6203994081003, 12.92064107210019], [77.62039908130019, 12.92064214490016], [77.62039875340021, 12.92064321750013], [77.62039842450027, 12.92064428980006], [77.62039809460019, 12.92064536170015], [77.62039776370028, 12.92064643340024], [77.62039743170025, 12.92064750480025], [77.62039709870015, 12.92064857580026], [77.62039676470009, 12.92064964650022], [77.62039642970018, 12.92065071700015], [77.62039609360015, 12.92065178710028], [77.6203957565002, 12.92065285690017], [77.62039541840018, 12.92065392640022], [77.6203950792002, 12.92065499560003], [77.62039473910016, 12.92065606450024], [77.62039439790021, 12.9206571330002], [77.62039405560019, 12.92065820130029], [77.62039371240019, 12.92065926920018], [77.62039336810017, 12.92066033680027], [77.62039302280017, 12.92066140410008], [77.6203926765001, 12.92066247110029], [77.62039232920016, 12.92066353770025], [77.62039198080025, 12.92066460400018], [77.6203916314003, 12.92066567010027], [77.62039128100027, 12.92066673570012], [77.62039092960025, 12.92066780110021], [77.62039057720017, 12.92066886610018], [77.62039022370023, 12.92066993089998], [77.62038986920015, 12.92067099530011], [77.62038951370016, 12.9206720593002], [77.62038915720025, 12.92067312300025], [77.62038879960026, 12.9206741864001], [77.62038844100016, 12.92067524949994], [77.62038808150021, 12.92067631229991], [77.6203877209003, 12.92067737470024], [77.62038735920027, 12.92067843670013], [77.6203869966002, 12.92067949850002], [77.6203866329002, 12.92068055990022], [77.62038626820026, 12.92068162100027], [77.62038590260026, 12.9206826817002], [77.6203855358002, 12.92068374209997], [77.6203851681002, 12.92068480210025], [77.62038479940026, 12.92068586190014], [77.62038442960026, 12.92068692120019], [77.62038405880031, 12.92068798030016], [77.62038368700028, 12.92068903899997], [77.62038349078891, 12.92068959600225], [77.62038331420025, 12.92069009730029], [77.62038294040018, 12.92069115530018], [77.62038256560027, 12.92069221300007], [77.62038218970024, 12.92069327030028], [77.62038181290016, 12.92069432720008], [77.6203814350003, 12.92069538390025], [77.62038105610019, 12.92069644010014], [77.62038067620016, 12.92069749600023], [77.62038029530028, 12.92069855160031], [77.62037991340021, 12.92069960680008], [77.62037953040026, 12.92070066169993], [77.62037914650023, 12.92070171620026], [77.62037876150015, 12.92070277040018], [77.62037837550024, 12.92070382420023], [77.62037798860017, 12.92070487760008], [77.62037760060029, 12.92070593070033], [77.62037721160023, 12.92070698340005], [77.62037682160012, 12.92070803580022], [77.62037643060025, 12.92070908780027], [77.62037603850017, 12.92071013940015], [77.62037564550026, 12.92071119070016], [77.62037525150022, 12.92071224160021], [77.62037485640023, 12.92071329220017], [77.62037446040024, 12.92071434240022], [77.62037406330025, 12.92071539220011], [77.62037366520018, 12.92071644170015], [77.62037326610026, 12.9207174907], [77.62037286610023, 12.92071853950017], [77.62037246500027, 12.9207195878001], [77.62037206290024, 12.92072063580018], [77.62037165980028, 12.92072168340023], [77.62037125570025, 12.92072273070028], [77.6203708506003, 12.92072377750024], [77.62037044450022, 12.92072482400017], [77.62037003740028, 12.92072587010029], [77.62036962930024, 12.92072691590014], [77.62036922020029, 12.92072796120023], [77.62036881000022, 12.9207290062002], [77.62036839890025, 12.92073005080016], [77.62036798680026, 12.92073109500025], [77.62036757370026, 12.92073213890017], [77.62036715960024, 12.92073318240022], [77.62036674440024, 12.92073422540023], [77.62036632830025, 12.92073526810015], [77.6203659112003, 12.92073631040028], [77.62036549310022, 12.92073735240017], [77.6203650740003, 12.92073839390025], [77.62036465380022, 12.92073943510026], [77.62036423270031, 12.92074047580023], [77.62036381060024, 12.92074151620015], [77.62036338750028, 12.92074255620024], [77.62036296340021, 12.92074359579992], [77.6203625383003, 12.92074463499993], [77.62036211220021, 12.9207456738003], [77.62036168510006, 12.92074671220022], [77.62036125700023, 12.92074775030015], [77.62036082790031, 12.92074878790019], [77.62036039780027, 12.92074982510024], [77.62035996680028, 12.9207508620002], [77.62035953470024, 12.92075189840017], [77.62035910160029, 12.92075293450006], [77.62035866760029, 12.9207539701003], [77.6203582325003, 12.92075500530011], [77.6203577965003, 12.92075604019992], [77.6203573594003, 12.92075707460028], [77.6203569214003, 12.92075810860013], [77.62035648240015, 12.92075914230021], [77.62035604240027, 12.92076017550022], [77.62035560140016, 12.92076120830018], [77.62035515940028, 12.92076224069995], [77.6203547164002, 12.92076327270023], [77.62035427250017, 12.92076430430028], [77.62035382750021, 12.92076533550012], [77.62035338160017, 12.92076636620025], [77.62035293460026, 12.92076739660017], [77.62035248670018, 12.92076842650026], [77.62035203780026, 12.92076945610019], [77.62035158790026, 12.92077048520015], [77.62035113700027, 12.92077151390016], [77.62035068520026, 12.92077254220028], [77.62035023230015, 12.92077357000013], [77.62034977850016, 12.92077459749997], [77.62034932370024, 12.92077562449998], [77.6203488679002, 12.9207766511003], [77.62034841110024, 12.92077767730023], [77.62034795330021, 12.92077870310011], [77.62034749460013, 12.92077972840012], [77.62034703480025, 12.92078075330012], [77.62034657410021, 12.92078177780009], [77.62034611240017, 12.92078280190021], [77.62034564970025, 12.92078382550022], [77.62034518600025, 12.92078484880022], [77.62034472140017, 12.92078587160022], [77.62034425580013, 12.92078689390019], [77.62034378920022, 12.92078791580023], [77.62034332160022, 12.92078893730032], [77.6203428530003, 12.92078995840028], [77.62032167813508, 12.92083000273773], [77.62031500355027, 12.92084262521895], [77.62030687268845, 12.92085800170264], [77.62028972453531, 12.92089043102039], [77.62025767750025, 12.92095103600026], [77.62023019432684, 12.92100451766648], [77.62018421862335, 12.92109398540034], [77.62017763626153, 12.92110679453537], [77.62016323350026, 12.92113482200016], [77.62015406364691, 12.92115192527575], [77.62013300993026, 12.92119119389919], [77.62012645862501, 12.9212034131546], [77.62009055660018, 12.92127037630022], [77.62008263030019, 12.92128571650029], [77.62006859478153, 12.92131002322117], [77.62006165774302, 12.92132203678927], [77.62005564226155, 12.92133245440448], [77.61992225754017, 12.92155975906473], [77.61991809240028, 12.92156673120012], [77.61988070830023, 12.92162930960019], [77.61984177740025, 12.92169544539994], [77.61980665900018, 12.92175482210014], [77.61976812220031, 12.92182025640028], [77.6197660578003, 12.92182376180017], [77.61973148980023, 12.92188100670019], [77.61968970370033, 12.92194862720011], [77.61968488805253, 12.92195636208964], [77.61967181482275, 12.92197736029885], [77.6196567957003, 12.92200148400029], [77.61959730100028, 12.92209542730003], [77.61955805000031, 12.9221574054002], [77.61950418740025, 12.92224245550012], [77.6194602053003, 12.92231222410026], [77.61945727789977, 12.9223166062951], [77.61944389770686, 12.9223366358783], [77.6190190278994, 12.92298526416965], [77.61897628050018, 12.92305363590013], [77.6189552748002, 12.92308595330009], [77.61895497340025, 12.92308643990021], [77.61894110052425, 12.92310875497104], [77.61888027780283, 12.92320658985507], [77.61880861176509, 12.92332186838899], [77.61878930351641, 12.92335292670687], [77.61869452783954, 12.92350537829226], [77.61867688000787, 12.92353376574321], [77.61864660510032, 12.9235824645002], [77.6186427470996, 12.92358871385947], [77.61862660095035, 12.92361486810024], [77.61856294772609, 12.92371706157576], [77.61854258140026, 12.92374962500024], [77.61851438484014, 12.92379587177645], [77.61851195995352, 12.9237998489703], [77.61846809101269, 12.92387180090627], [77.61846655140745, 12.92387432609985], [77.6184606513002, 12.92388400320021], [77.61845743706017, 12.92388932793834], [77.61844039560908, 12.92391755895519], [77.61841195003302, 12.92396468214445], [77.61837334992892, 12.92402862741342], [77.61835144160968, 12.92406492092637], [77.61833740210024, 12.9240881789002], [77.61831419504456, 12.92412384203964], [77.61830763357267, 12.92413392529567], [77.61829461359201, 12.92415393358102], [77.61829213252331, 12.92415774633057], [77.61826769700342, 12.92419529729631], [77.61823950461523, 12.92423862157983], [77.6182277111289, 12.92425674506602], [77.61820203368883, 12.92429620453619], [77.61816688413728, 12.9243502201495], [77.61816100147581, 12.92435926025256], [77.61814571620016, 12.92438274970011], [77.6181221329212, 12.92442193869668], [77.61811936162188, 12.92442654384246], [77.61811782477052, 12.92442909767145], [77.61808540953119, 12.92448296298454], [77.61808166894379, 12.92448917882374], [77.61804154624234, 12.92455585184285], [77.6180407160428, 12.92455723140847], [77.61800306560343, 12.92461979620026], [77.61799876079816, 12.92462694961608], [77.61797529356456, 12.9246659457765], [77.61797230545967, 12.92467091119441], [77.61794695030238, 12.92471304457088], [77.61794463423668, 12.92471689324215], [77.61793089622752, 12.92473972207745], [77.61790852636368, 12.92477689470814], [77.61788128181234, 12.92482216774374], [77.61785969232214, 12.92485804360554], [77.61782588890024, 12.9249142157002], [77.61780277689621, 12.92495179551578], [77.61779870981638, 12.92495840853415], [77.61774005954402, 12.92505377310819], [77.61773768624685, 12.92505763205811], [77.61772225547344, 12.9250827222936], [77.6177195606456, 12.92508710404832], [77.61769302962801, 12.92513024313474], [77.61768193089917, 12.9251482895226], [77.61766701150292, 12.92517254826498], [77.6176403583683, 12.92521588591257], [77.6176342242236, 12.92522585995124], [77.61760657481119, 12.92527081753342], [77.61759822470766, 12.92528439469202], [77.61758198102375, 12.92531080670931], [77.61756381594846, 12.9253403428837], [77.61754729856328, 12.92536719993508], [77.61753238271308, 12.92539145291211], [77.61751568923233, 12.92541859629261], [77.61749283466376, 12.9254557575217], [77.61749125740745, 12.92545832212004], [77.6174894364322, 12.9254612830021], [77.61748652924695, 12.92546601004697], [77.61745664139083, 12.92551460730903], [77.61744529993506, 12.92553304836731], [77.61744237314525, 12.92553780728925], [77.61740894201039, 12.9255921658762], [77.61740669632059, 12.92559581733849], [77.61737039738462, 12.92565483893246], [77.61736939292997, 12.92565647216237], [77.61736061610519, 12.92567074316419], [77.61734238457974, 12.92570038738587], [77.61733642335071, 12.92571008026629], [77.617325886907, 12.92572721238529], [77.61730227330013, 12.92576560780014], [77.61725209027223, 12.92584834429583], [77.61721339311619, 12.92591214409468], [77.61721134852961, 12.92591551499352], [77.61720810676367, 12.92592085967657], [77.61715133815238, 12.92601445378891], [77.61713690143564, 12.92603825552781], [77.61709631201705, 12.92610517509019], [77.6169255111002, 12.92638041460009], [77.61692518460029, 12.92638087790029], [77.61692485780019, 12.92638134090021], [77.61692453080025, 12.92638180380017], [77.61692420340029, 12.92638226640024], [77.61692387570007, 12.92638272889996], [77.61692354780024, 12.92638319110024], [77.61692321950021, 12.92638365320028], [77.6169228910001, 12.92638411500032], [77.61692256210024, 12.92638457660031], [77.61692223300025, 12.92638503810023], [77.6169219036001, 12.92638549930023], [77.61692157390031, 12.92638596030019], [77.61692124380029, 12.92638642120011], [77.61692091350022, 12.92638688180022], [77.61692058290008, 12.92638734220014], [77.61692025210021, 12.92638780250018], [77.61691992090022, 12.92638826250022], [77.61691958940027, 12.92638872230026], [77.61691925760029, 12.92638918190022], [77.61691892560022, 12.92638964140025], [77.6169185932002, 12.92639010060021], [77.61691826060024, 12.92639055960017], [77.6169179276003, 12.92639101840025], [77.61691759440019, 12.92639147700017], [77.6169172609002, 12.92639193540024], [77.61691692710018, 12.92639239359992], [77.61691659300014, 12.92639285160016], [77.61691625860027, 12.9263933094], [77.61691592390021, 12.9263937670002], [77.61691558890023, 12.92639422430015], [77.61691525370027, 12.92639468150031], [77.61691491810029, 12.92639513850027], [77.6169145823003, 12.92639559520019], [77.61691424610024, 12.92639605180026], [77.61691390970016, 12.92639650809998], [77.61691357300026, 12.92639696430022], [77.6169132360003, 12.92639742020026], [77.61691289870016, 12.92639787600026], [77.61691256110021, 12.92639833150025], [77.61691222320019, 12.92639878680025], [77.61691188510015, 12.92639924190017], [77.61691154660025, 12.92639969680009], [77.61691120790017, 12.9264001515002], [77.61691086890023, 12.92640060600028], [77.6169105295002, 12.9264010603], [77.61691018990025, 12.92640151440024], [77.61690985000023, 12.92640196830031], [77.61690950990015, 12.92640242190027], [77.61690916940029, 12.92640287540023], [77.61690882860019, 12.92640332860027], [77.61690848760027, 12.92640378169999], [77.61690814620029, 12.9264042345003], [77.61690780460026, 12.92640468710022], [77.61690746270027, 12.92640513950026], [77.61690712050024, 12.92640559170017], [77.61690677800017, 12.92640604370001], [77.61690643520022, 12.92640649550005], [77.61690609220028, 12.92640694710025], [77.61690574880016, 12.9264073984002], [77.61690540520014, 12.92640784960012], [77.61690506130032, 12.92640830050028], [77.61690471710024, 12.9264087513002], [77.61690437260017, 12.92640920180031], [77.61690402780026, 12.92640965210019], [77.61690368270031, 12.92641010220023], [77.61690333740017, 12.92641055210026], [77.61690299170014, 12.92641100180026], [77.61690264580011, 12.92641145120022], [77.61690229960028, 12.92641190050022], [77.61690195310017, 12.92641234950021], [77.61690160630026, 12.92641279840029], [77.61690125930015, 12.92641324700021], [77.6169009119002, 12.92641369540029], [77.61690056430018, 12.92641414360012], [77.61690021640015, 12.92641459160016], [77.61689986820028, 12.9264150393002], [77.61689951970021, 12.92641548690023], [77.6168991709003, 12.92641593420019], [77.61689882180019, 12.92641638140015], [77.61689847250024, 12.92641682830027], [77.61689812290025, 12.92641727500018], [77.61689777300019, 12.9264177215003], [77.61689742280015, 12.92641816770013], [77.61689707230029, 12.92641861380021], [77.61689672150014, 12.92641905970021], [77.61689637050023, 12.92641950530021], [77.61689601920024, 12.9264199507002], [77.61689566760025, 12.92642039590016], [77.61689531570022, 12.92642084090028], [77.61689496350016, 12.92642128570003], [77.61689461100032, 12.92642173019995], [77.61689425830018, 12.92642217460019], [77.61689390530023, 12.92642261870026], [77.61689355200012, 12.9264230626003], [77.61689319840029, 12.9264235063003], [77.6168928445003, 12.92642394980025], [77.61689249030023, 12.92642439300005], [77.61687861154644, 12.92644175262807], [77.61675393849464, 12.92659769442302], [77.61675077414709, 12.92660165240756], [77.61664790769697, 12.92673031837576], [77.61660581566775, 12.92678296733635], [77.61658970877538, 12.92680311393326], [77.61658142353764, 12.92681347715786], [77.61650512150027, 12.92690891619993], [77.61650470190028, 12.92690944150026], [77.61650428270032, 12.92690996700026], [77.61650386380016, 12.92691049289994], [77.61650344540026, 12.92691101910019], [77.61650302730025, 12.92691154560027], [77.61650260960022, 12.92691207240023], [77.61650219240028, 12.9269125995], [77.6165017755002, 12.92691312690016], [77.61650135910024, 12.92691365460017], [77.61650094300025, 12.92691418270005], [77.61650052730022, 12.92691471099993], [77.61650011200025, 12.92691523960026], [77.61649969720014, 12.92691576850018], [77.61649928270027, 12.92691629770014], [77.61649886860023, 12.92691682720015], [77.6164984549002, 12.92691735699999], [77.61649804170021, 12.92691788710023], [77.61649762880029, 12.92691841750032], [77.61649721630022, 12.92691894830024], [77.61649680420014, 12.92691947930017], [77.61649639250015, 12.92692001059997], [77.61649598130019, 12.92692054220021], [77.61649557040028, 12.92692107410022], [77.61649515990017, 12.92692160630026], [77.61649474980017, 12.92692213880019], [77.6164943402003, 12.92692267160015], [77.61649393090015, 12.92692320470024], [77.61649352200023, 12.92692373810008], [77.61649311350016, 12.92692427170028], [77.61649270550008, 12.92692480570033], [77.61649229780029, 12.92692534000021], [77.6164918905003, 12.9269258746001], [77.61649148370019, 12.92692640940026], [77.61649107720031, 12.92692694460023], [77.61649067120028, 12.92692748000003], [77.61649026550025, 12.92692801580023], [77.61648986030029, 12.92692855180032], [77.61648945540021, 12.92692908820016], [77.6164890510003, 12.92692962480025], [77.61648864690027, 12.92693016170021], [77.61648824330024, 12.92693069890022], [77.61648784010032, 12.92693123640022], [77.6164874372002, 12.92693177420023], [77.6164870348003, 12.92693231230027], [77.61648663280026, 12.92693285070015], [77.61648623120027, 12.92693338940028], [77.61648583000012, 12.9269339284002], [77.61648542920024, 12.92693446760025], [77.61648502880028, 12.92693500720021], [77.61648462880025, 12.92693554700026], [77.6164842293003, 12.9269360871001], [77.61648383010015, 12.92693662750019], [77.6164834313002, 12.92693716820031], [77.61648303300016, 12.92693770920028], [77.6164826350003, 12.92693825050024], [77.61648223750029, 12.92693879210025], [77.61648184040018, 12.92693933390029], [77.61648144360026, 12.92693987610018], [77.61648104730024, 12.92694041850006], [77.61648065140021, 12.92694096120015], [77.61648025590017, 12.92694150420015], [77.61647986080023, 12.92694204750028], [77.6164794662003, 12.92694259110016], [77.61647907190023, 12.92694313500017], [77.61647867800025, 12.92694367910025], [77.61647828460025, 12.92694422359994], [77.61647789150014, 12.92694476830026], [77.61647749890022, 12.92694531330023], [77.61647710670019, 12.92694585859999], [77.61647671490016, 12.9269464041002], [77.61647632350021, 12.92694695000024], [77.61647593250025, 12.92694749610029], [77.61647554190019, 12.92694804260021], [77.61647515180027, 12.9269485893003], [77.61647476200028, 12.92694913630026], [77.61647437270028, 12.92694968350019], [77.61647398370017, 12.92695023110023], [77.61647359520026, 12.92695077890028], [77.61647320710023, 12.92695132700016], [77.61647281940027, 12.92695187540021], [77.61647243220028, 12.92695242410014], [77.61647204530017, 12.9269529731003], [77.61647165890027, 12.92695352230027], [77.61647127280027, 12.92695407180027], [77.61647088720024, 12.92695462159992], [77.61647050200024, 12.92695517170016], [77.61647011720014, 12.92695572210021], [77.6164697328003, 12.92695627270017], [77.61646934890022, 12.92695682360026], [77.61646896530027, 12.92695737480027], [77.61646858220028, 12.92695792630007], [77.61646819950022, 12.92695847800032], [77.6164678172003, 12.92695903000016], [77.61646743530031, 12.92695958230025], [77.61646705380012, 12.92696013489997], [77.61646667270021, 12.92696068780026], [77.61646629210014, 12.92696124090027], [77.61646591190026, 12.92696179430003], [77.61646553210024, 12.92696234800024], [77.61646515270024, 12.92696290190032], [77.61646477370017, 12.92696345620017], [77.61646439520023, 12.92696401070025], [77.61646401700018, 12.92696456550022], [77.61646363930019, 12.92696512050015], [77.61646326200021, 12.92696567580015], [77.61646288510029, 12.92696623140016], [77.61646250870022, 12.92696678730021], [77.61646213260019, 12.92696734350029], [77.6164617570002, 12.92696789989998], [77.6164613818002, 12.92696845660026], [77.6164610070003, 12.92696901350023], [77.61646063270022, 12.92696957080024], [77.6164602587002, 12.9269701283002], [77.61645988520024, 12.92697068600025], [77.61645951210029, 12.92697124410029], [77.61645913940015, 12.92697180240022], [77.61645876710016, 12.92697236100027], [77.61645839530028, 12.92697291980023], [77.6164580239003, 12.9269734790002], [77.61645765290018, 12.92697403840021], [77.61645728230032, 12.92697459800017], [77.6164569121002, 12.92697515800022], [77.61645654240021, 12.9269757181001], [77.61645617310022, 12.92697627860003], [77.61645580420014, 12.92697683930016], [77.61645543570023, 12.92697740030028], [77.6164550677002, 12.92697796160009], [77.61645470000018, 12.92697852320026], [77.61645467658072, 12.926978559031], [77.61645433280023, 12.92697908500014], [77.61645396610015, 12.92697964700015], [77.61645359970025, 12.92698020940024], [77.61645323380026, 12.92698077190016], [77.61645286830027, 12.92698133480029], [77.61645250320015, 12.92698189790026], [77.61645213850021, 12.92698246130026], [77.61645177430017, 12.92698302500007], [77.61645141050019, 12.92698358890016], [77.6164510471002, 12.9269841531002], [77.61645068410024, 12.92698471750009], [77.61645032160017, 12.92698528220022], [77.6164499595003, 12.92698584720018], [77.61644959780027, 12.92698641240031], [77.61644923650016, 12.92698697789996], [77.61644887570026, 12.9269875437002], [77.61644851530019, 12.92698810970025], [77.61644815530032, 12.9269886760003], [77.61644779580017, 12.92698924250022], [77.61644743660021, 12.92698980930015], [77.61644707790026, 12.92699037640028], [77.61644671970028, 12.92699094370029], [77.61644636180024, 12.92699151130029], [77.61644600440026, 12.92699207910018], [77.61644564740011, 12.92699264720023], [77.61644529090023, 12.92699321560031], [77.61644493470017, 12.9269937842002], [77.61644457900017, 12.92699435310017], [77.61644422370023, 12.92699492220009], [77.61644386890028, 12.92699549160026], [77.61644351450025, 12.92699606120011], [77.61644316050018, 12.92699663110016], [77.6164428069002, 12.92699720130024], [77.61644245380025, 12.92699777170013], [77.61644210110018, 12.92699834240006], [77.6164417488003, 12.92699891330019], [77.61644139700023, 12.92699948450019], [77.61644104560033, 12.9270000559002], [77.61644069460017, 12.92700062760021], [77.61644034400031, 12.92700119950025], [77.61643999390024, 12.9270017717003], [77.61643964420021, 12.92700234420023], [77.61643929500026, 12.92700291690012], [77.61643894610019, 12.92700348990024], [77.61643859770028, 12.92700406310025], [77.61643824980025, 12.92700463650022], [77.6164379022003, 12.92700521020027], [77.61643755510016, 12.92700578420011], [77.61643720850024, 12.9270063584002], [77.61643686220022, 12.92700693290009], [77.61643651640016, 12.92700750760018], [77.6164361711002, 12.92700808260019], [77.61643332590552, 12.92701282326952], [77.61626461846247, 12.92728820896992], [77.61616363250651, 12.92745090582004], [77.61613691480154, 12.92749395028495], [77.61612350140031, 12.92751556040025], [77.61602587244096, 12.92767519458416], [77.61601098590883, 12.92769953571575], [77.61593752542665, 12.92781965175714], [77.61589791461142, 12.92788441983584], [77.61588034500022, 12.92791314810025], [77.61581495305184, 12.92802082073905], [77.6158018527209, 12.92804239139416], [77.61578775650706, 12.92806560184392], [77.61578498789788, 12.92807016056212], [77.61577265281528, 12.92809047117999], [77.61577159854498, 12.92809220711371], [77.61574613163089, 12.92813414025511], [77.61574371587852, 12.92813811796838], [77.61571847787076, 12.9281796741994], [77.61571484280618, 12.9281856595993], [77.61569118224703, 12.92822461844537], [77.61568588302801, 12.92823334399793], [77.61566431810964, 12.92826885221781], [77.61566047819258, 12.92827517492241], [77.61564892785077, 12.92829419340736], [77.61564253006664, 12.92830472782817], [77.61561992102344, 12.92834195527574], [77.61561261652315, 12.92835398267066], [77.61560292632834, 12.92836993828725], [77.61558547107546, 12.92839867964142], [77.61553557560019, 12.92848083620014], [77.61552718142751, 12.92849432696544], [77.6155224645011, 12.92850190781303], [77.61548527484139, 12.92856167748688], [77.61546183642058, 12.92859934674108], [77.61543208675793, 12.92864715916142], [77.61541275654587, 12.92867822587363], [77.61540048342538, 12.92869795072186], [77.61537991618127, 12.92873100554082], [77.61534052142578, 12.92879431915281], [77.61532267228797, 12.9288230055442], [77.61531673799679, 12.92883254289023], [77.61529592882256, 12.92886598652921], [77.61528341271581, 12.9288861018951], [77.61526932410605, 12.92890874452207], [77.61524537867713, 12.92894722861938], [77.61523933908275, 12.92895693520408], [77.61523515708133, 12.92896365634276], [77.6152288043981, 12.92897386611111], [77.61522256745634, 12.9289838898643], [77.6152177061718, 12.92899170271847], [77.6152122486003, 12.92900047390013], [77.61547717400032, 12.9291590742003], [77.61548830291234, 12.92914118824358], [77.61549069844055, 12.92913733824343], [77.6155267441439, 12.929079406984], [77.61553137511946, 12.92907196425972], [77.61554296117514, 12.92905334359931], [77.61554668204731, 12.92904736355744], [77.615582585058, 12.92898966162761], [77.61565463807399, 12.92887386080928], [77.61573174911298, 12.92874993093136], [77.61580136660024, 12.92863804440019], [77.61614674180008, 12.92806935770018], [77.61638912880015, 12.92767302720017], [77.6164342601072, 12.92760031675806], [77.61645842181332, 12.92756139015852], [77.616472664382, 12.92753844414754], [77.6164814437697, 12.92752429979398], [77.61651186665027, 12.92747528590023], [77.61685398130015, 12.92720747040017], [77.616859620635, 12.92719728325493], [77.61686046008442, 12.92719576683634], [77.6168712468964, 12.92717628105942], [77.61687401730661, 12.927171276473], [77.6168856248734, 12.92715030805136], [77.61689110747893, 12.92714040401997], [77.61715585104464, 12.92666215955102], [77.61720557040019, 12.92657234460018], [77.61725421749583, 12.92648446593568], [77.61727829808275, 12.92644096569247], [77.61729106260019, 12.92641790730027], [77.61729159970032, 12.92641693570023], [77.6172921357002, 12.92641596359995], [77.61729267050016, 12.92641499090019], [77.61729320420017, 12.92641401760015], [77.61729373680025, 12.92641304380027], [77.61729426830026, 12.92641206929995], [77.61729479870014, 12.92641109420015], [77.61729532800031, 12.92641011860007], [77.61729585610023, 12.92640914230015], [77.61729638310015, 12.92640816549999], [77.61729690900016, 12.92640718810015], [77.61729743370029, 12.92640621020007], [77.61729795740028, 12.9264052316003], [77.61729847990024, 12.92640425249994], [77.61729900120021, 12.92640327280026], [77.6172995215003, 12.9264022925003], [77.61730004060026, 12.92640131160014], [77.61730055860026, 12.9264003302003], [77.61730107550022, 12.92639934820022], [77.61730159120019, 12.9263983656003], [77.61730210580015, 12.92639738240005], [77.6173026193001, 12.92639639870021], [77.61730313170023, 12.92639541440025], [77.6173036429002, 12.92639442960029], [77.61730415300023, 12.92639344420025], [77.61730466190016, 12.92639245820021], [77.6173051698002, 12.92639147160024], [77.61730567640028, 12.92639048450024], [77.61730618200016, 12.9263894969002], [77.61730668640024, 12.92638850870024], [77.61730718970021, 12.92638751990028], [77.61730769180025, 12.92638653050028], [77.61730819280017, 12.92638554059999], [77.61730869270025, 12.92638455020007], [77.61730919140018, 12.92638355920023], [77.61730968900018, 12.92638256770023], [77.61731018550022, 12.92638157560015], [77.61731068080026, 12.92638058290014], [77.6173111749003, 12.92637958970018], [77.61731166800026, 12.9263785960003], [77.6173121598003, 12.92637760170014], [77.61731265060018, 12.92637660690017], [77.61731314020022, 12.92637561149997], [77.6173136286003, 12.92637461560025], [77.6173141159003, 12.92637361920017], [77.61731460210031, 12.92637262220012], [77.61731508710027, 12.92637162470008], [77.6173155710003, 12.9263706266002], [77.61731605370022, 12.92636962800028], [77.61731653530022, 12.92636862890019], [77.61731701570027, 12.92636762920019], [77.61731749490026, 12.92636662900027], [77.61731797310019, 12.9263656283003], [77.61731845000025, 12.92636462710026], [77.61732081760026, 12.92635961290017], [77.61732128770029, 12.92635860860024], [77.61732175660022, 12.92635760370028], [77.61732222430025, 12.92635659820024], [77.61732269090017, 12.92635559230019], [77.61732315630013, 12.92635458580003], [77.61732362060025, 12.92635357880023], [77.61732408370017, 12.92635257139998], [77.61732454570024, 12.9263515633999], [77.61732500650017, 12.92635055490018], [77.61732546610017, 12.92634954580017], [77.6173259246002, 12.92634853630029], [77.61732638190024, 12.92634752630021], [77.61732683810027, 12.92634651580028], [77.61732729310023, 12.92634550470008], [77.61732774690023, 12.92634449320019], [77.61732819960031, 12.92634348109995], [77.61732865110031, 12.92634246860019], [77.61732910140023, 12.92634145550018], [77.61732955060018, 12.9263404420003], [77.61732999860021, 12.92633942800022], [77.61733044540017, 12.92633841340029], [77.61733089110017, 12.92633739840029], [77.61733133560021, 12.9263363829002], [77.61733177900021, 12.92633536690016], [77.61733222120029, 12.92633435040015], [77.61733266220024, 12.92633333339999], [77.61733310200027, 12.92633231589999], [77.61733354070014, 12.92633129800026], [77.6173339782002, 12.92633027950014], [77.61733441450018, 12.92632926060029], [77.61733484970019, 12.92632824120029], [77.61733528360021, 12.92632722130005], [77.61733571650014, 12.92632620090028], [77.61733614810016, 12.92632518010008], [77.6173365786002, 12.92632415880031], [77.6173370078002, 12.92632313700023], [77.61733743600023, 12.92632211470026], [77.61733786290019, 12.9263210920003], [77.61733828870018, 12.92632006870029], [77.6173387132003, 12.92631904510025], [77.61733913670025, 12.92631802089992], [77.61733955890013, 12.92631699630016], [77.61733997990028, 12.92631597120015], [77.61734039980028, 12.92631494559991], [77.61734081850024, 12.92631391960022], [77.61734123600019, 12.92631289310026], [77.6173416524003, 12.92631186620009], [77.61734206750022, 12.92631083880025], [77.61734248150024, 12.92630981090012], [77.61734289430017, 12.92630878260024], [77.61734330590019, 12.92630775380023], [77.61734371630024, 12.92630672460023], [77.61734412560027, 12.92630569490018], [77.61734453360026, 12.9263046648003], [77.61734494050017, 12.92630363420009], [77.61734534620017, 12.92630260320009], [77.61734575070028, 12.92630157170028], [77.61734615400023, 12.9263005398002], [77.6173465562003, 12.92629950740023], [77.61734695710027, 12.9262984746003], [77.61734735690025, 12.92629744130006], [77.6173477555002, 12.92629640760021], [77.61734815280016, 12.92629537350025], [77.6173485490002, 12.92629433889992], [77.61734894400031, 12.92629330390032], [77.61734933780014, 12.92629226840027], [77.61734973050021, 12.92629123250022], [77.61735012190024, 12.92629019620022], [77.61735051210023, 12.92628915940009], [77.61735090120023, 12.92628812230025], [77.61735128910026, 12.92628708460024], [77.61735167570014, 12.92628604660031], [77.61735203929784, 12.92628506710311], [77.61735206120017, 12.92628500810019], [77.61735244550023, 12.92628396920018], [77.61735282850015, 12.92628292989998], [77.61735321040014, 12.92628189020029], [77.61735359110025, 12.92628085000016], [77.6173539706002, 12.92627980940024], [77.61735434890028, 12.92627876840019], [77.61735472600026, 12.92627772700019], [77.61735510190026, 12.92627668510026], [77.61735547660021, 12.92627564290017], [77.6173558501002, 12.92627460020021], [77.61735622250023, 12.9262735571002], [77.61735659360022, 12.92627251360015], [77.61735696350026, 12.92627146970027], [77.61735733220029, 12.92627042540018], [77.61735769970028, 12.92626938070013], [77.61735806600018, 12.92626833560017], [77.61735843110029, 12.92626729010008], [77.61735879500016, 12.92626624410019], [77.61735915770028, 12.92626519780011], [77.61735951920026, 12.92626415110014], [77.61735987950026, 12.9262631039003], [77.6173602386002, 12.92626205640029], [77.61736059650023, 12.92626100850016], [77.61736095320015, 12.92625996010024], [77.61736130870013, 12.92625891140027], [77.6173616629002, 12.92625786230026], [77.61736201600031, 12.92625681280022], [77.61736236790017, 12.92625576290017], [77.61736271850025, 12.9262547127002], [77.61736306800027, 12.92625366200023], [77.6173634162003, 12.92625261090023], [77.61736376320022, 12.92625155950022], [77.61736410910028, 12.92625050769993], [77.6173644537003, 12.92624945550017], [77.6173647971001, 12.92624840290024], [77.61736513930016, 12.92624734990023], [77.61736548020023, 12.92624629660018], [77.61736582000026, 12.92624524290018], [77.61736615860018, 12.92624418880025], [77.61736649590016, 12.92624313430024], [77.61736683200019, 12.92624207950031], [77.6173671670003, 12.92624102430027], [77.61736750070013, 12.92623996870022], [77.61736783320019, 12.92623891280017], [77.61736816450018, 12.9262378565002], [77.61736849450017, 12.92623679980004], [77.61736882340027, 12.92623574280027], [77.61736915100026, 12.92623468530018], [77.61741405298575, 12.92608947540863], [77.61744536900021, 12.92598820160025], [77.61754421870016, 12.92581292139994], [77.61748113210025, 12.92577559030029], [77.61761588981688, 12.92555647614307], [77.61773588030019, 12.92536137330023], [77.61781041974449, 12.92524017283336], [77.61788259790022, 12.92512281180023], [77.61796152470028, 12.92499447740028], [77.61796304560028, 12.92499202640016], [77.61796458640032, 12.9249895873002], [77.6179661469003, 12.92498716030024], [77.61796772690026, 12.9249847455002], [77.61796932650016, 12.92498234310012], [77.61797094540022, 12.92497995320032], [77.6179725837002, 12.92497757600017], [77.61797424110028, 12.92497521160009], [77.6179759176003, 12.92497286030017], [77.61797761310021, 12.9249705220003], [77.61797932750022, 12.92496819710023], [77.61798106070029, 12.92496588550024], [77.6179828125002, 12.92496358760021], [77.61798458290026, 12.92496130330018], [77.61798637160025, 12.92495903290011], [77.61798817880032, 12.92495677660008], [77.61799000410024, 12.92495453430026], [77.61799184750015, 12.92495230640027], [77.61799370890026, 12.92495009290029], [77.61799558820017, 12.92494789390019], [77.61799748520025, 12.92494570970017], [77.61799939980028, 12.92494354030019], [77.61800133190029, 12.92494138590017], [77.6180032814002, 12.92493924660023], [77.61800524820029, 12.92493712260006], [77.61800723210025, 12.9249350139002], [77.6180081925977, 12.92493400914372], [77.61800923300031, 12.92493292080023], [77.61801125070006, 12.92493084330017], [77.61801328530015, 12.92492878160001], [77.6180153364002, 12.92492673580023], [77.61801740410021, 12.92492470600023], [77.61801948810019, 12.9249226924003], [77.61802158840021, 12.92492069520017], [77.61802370470026, 12.92491871430029], [77.61802583710028, 12.92491675000029], [77.6180279852003, 12.92491480230013], [77.61803014910028, 12.92491287150029], [77.61803232850025, 12.92491095750029], [77.61803452340031, 12.92490906060005], [77.61803673350018, 12.92490718090029], [77.61803895880028, 12.92490531840026], [77.6180411991001, 12.92490347330015], [77.61804345420022, 12.92490164580028], [77.61804572410024, 12.92489983579993], [77.61804800860027, 12.9248980436003], [77.61805030750018, 12.92489626920031], [77.61805262070014, 12.92489451280029], [77.61805494800029, 12.9248927745001], [77.61805728930024, 12.92489105440012], [77.61805964450019, 12.92488935250022], [77.61806201340028, 12.92488766909992], [77.61806439590015, 12.92488600410026], [77.61806679170019, 12.92488435780025], [77.61806920080026, 12.92488273010031], [77.61807162300015, 12.9248811213003], [77.61807405810028, 12.92487953140017], [77.61807650610031, 12.92487796060016], [77.6180789666002, 12.92487640880023], [77.61808143970028, 12.92487487620002], [77.6180839251003, 12.92487336300013], [77.61808642270029, 12.92487186920021], [77.61808893220031, 12.92487039490025], [77.61809145370023, 12.92486894010005], [77.6180939868002, 12.92486750510021], [77.61809653150009, 12.92486608980017], [77.61809908750018, 12.9248646944003], [77.61810165480027, 12.92486331890018], [77.61810423310021, 12.92486196350011], [77.61810682230015, 12.92486062820028], [77.61810942220016, 12.92485931320029], [77.61811203270025, 12.92485801840023], [77.61811465360023, 12.92485674390032], [77.6181172847002, 12.92485549000022], [77.6181199259003, 12.92485425660015], [77.61812257700029, 12.92485304370013], [77.61812523780019, 12.9248518516002], [77.6181279082003, 12.92485068029998], [77.61813058800016, 12.92484952970024], [77.6181332771003, 12.92484840010015], [77.61813597510012, 12.92484729149998], [77.61813868210027, 12.92484620390029], [77.61814139780029, 12.92484513740016], [77.61814412210019, 12.92484409210015], [77.6181468547003, 12.92484306810023], [77.61814959550024, 12.92484206540022], [77.6181523443002, 12.92484108410026], [77.6181551011001, 12.92484012419998], [77.61815786540025, 12.92483918580023], [77.61816063740024, 12.92483826900023], [77.61816341660023, 12.92483737380024], [77.61816620300014, 12.92483650020024], [77.61816899640017, 12.92483564840017], [77.61817179660021, 12.9248348184001], [77.61817460340019, 12.9248340102], [77.61817741660019, 12.92483322390029], [77.61818023620022, 12.92483245960023], [77.61818306180021, 12.92483171720029], [77.61818589340021, 12.92483099690019], [77.61818873070024, 12.92483029860029], [77.6181915736002, 12.92482962250023], [77.61819442180024, 12.92482896849998], [77.61819727530023, 12.92482833670017], [77.61820013380019, 12.92482772720028], [77.61820299710018, 12.92482714000015], [77.61820586510026, 12.92482657510022], [77.61820873760018, 12.9248260325003], [77.6182116144003, 12.92482551240021], [77.61821449530026, 12.92482501460021], [77.61821738010026, 12.92482453930021], [77.61822026870014, 12.9248240865001], [77.61822316090026, 12.92482365620026], [77.61822605640026, 12.92482324850022], [77.61822895520022, 12.92482286330027], [77.61823185700025, 12.9248225007002], [77.61823476160022, 12.92482216070018], [77.61823766890018, 12.92482184340019], [77.61824057870022, 12.92482154870008], [77.6182434908003, 12.92482127670006], [77.61824640500022, 12.92482102740028], [77.61824932110027, 12.92482080070022], [77.61825223890014, 12.92482059690025], [77.61825515830019, 12.92482041570027], [77.61825807910014, 12.92482025730006], [77.61826100110024, 12.92482012160025], [77.61826392410019, 12.9248200087002], [77.6182668479002, 12.92481991859995], [77.61826977230015, 12.92481985120018], [77.61827269720028, 12.92481980670014], [77.61827562240028, 12.92481978489998], [77.61827854760024, 12.92481978590026], [77.61828147270025, 12.92481980970022], [77.61828439760025, 12.92481985620011], [77.61828732200028, 12.92481992560023], [77.61829024570017, 12.92482001770024], [77.61829316860029, 12.92482013260013], [77.61829609050022, 12.92482027020014], [77.61829901120018, 12.92482043070019], [77.6183019305003, 12.92482061380029], [77.61830484820018, 12.9248208197003], [77.61830776410022, 12.9248210483002], [77.61831067810014, 12.92482129960018], [77.61831359000018, 12.92482157360017], [77.61831649960023, 12.92482187030027], [77.61831940660015, 12.92482218960026], [77.61832231100027, 12.92482253160029], [77.61832521260015, 12.9248228961002], [77.61832811110027, 12.92482328330011], [77.61833100630027, 12.9248236930001], [77.61833389820026, 12.92482412530002], [77.61833678650022, 12.92482458009994], [77.6183396710003, 12.92482505730026], [77.61834255150022, 12.9248255570003], [77.61834542790014, 12.92482607920014], [77.61834830000022, 12.92482662370027], [77.61835116760022, 12.92482719060019], [77.61835403050021, 12.9248277797002], [77.61835688860025, 12.92482839120021], [77.6183597416002, 12.92482902490002], [77.61836258940032, 12.92482968080024], [77.6183654318002, 12.92483035889994], [77.61836826860015, 12.92483105910003], [77.61837109960027, 12.92483178140013], [77.61837392470026, 12.92483252570003], [77.61837674370025, 12.92483329190014], [77.6183795565002, 12.9248340802002], [77.61838236270025, 12.92483489030031], [77.61838516230027, 12.92483572220014], [77.61838795510022, 12.92483657590021], [77.6183907409003, 12.9248374513002], [77.61839351950016, 12.9248383484002], [77.61839629070015, 12.92483926710019], [77.61839905440019, 12.92484020740027], [77.61840181050025, 12.92484116920019], [77.61840455860012, 12.92484215240019], [77.61840729870015, 12.92484315700015], [77.61841003060022, 12.92484418290024], [77.61841275410023, 12.92484523000025], [77.61841546910019, 12.92484629830017], [77.61841817530025, 12.92484738780018], [77.61842087260023, 12.92484849820016], [77.61857433493303, 12.92491187244913], [77.61862793949435, 12.92493400914372], [77.61870779880678, 12.92496698807639], [77.61895185903353, 12.9250677758936], [77.6190047555403, 12.92508962018797], [77.61904296124071, 12.92510539772457], [77.6191546826002, 12.92515153450025], [77.61915576000024, 12.92515198760013], [77.61915683720025, 12.92515244099997], [77.61915791430026, 12.92515289469996], [77.61915899120027, 12.92515334880024], [77.6191600680002, 12.92515380319992], [77.61916114460017, 12.9251542579002], [77.61916222110018, 12.92515471300015], [77.61916329750026, 12.92515516830031], [77.6191643737002, 12.92515562410019], [77.61916544970029, 12.92515608010003], [77.61916652570021, 12.92515653650007], [77.61916760140026, 12.92515699320002], [77.61916867700019, 12.92515745030018], [77.61916975250016, 12.9251579077001], [77.61917082780025, 12.92515836540014], [77.61917190300022, 12.92515882340017], [77.61917297800022, 12.92515928180025], [77.61917405290023, 12.92515974050021], [77.6191751276002, 12.92516019960017], [77.61917620220014, 12.92516065900013], [77.6191772767001, 12.92516111870016], [77.61917835100023, 12.92516157870016], [77.6191794251002, 12.92516203910024], [77.61918049910025, 12.9251624998002], [77.61918157300018, 12.92516296080008], [77.61918264670022, 12.92516342220027], [77.6191836910081, 12.925163871345], [77.61918372020028, 12.92516388389991], [77.61918479360013, 12.92516434590015], [77.6191858669003, 12.92516480820023], [77.6191869400003, 12.92516527090015], [77.61918801290015, 12.92516573390026], [77.61918908580031, 12.92516619730026], [77.61919015840029, 12.92516666100026], [77.61919123090026, 12.92516712500014], [77.61919230330015, 12.92516758930022], [77.61919337550027, 12.92516805399994], [77.61919444760021, 12.92516851900026], [77.6191955195003, 12.92516898430021], [77.61919659130018, 12.92516945000021], [77.61919766290019, 12.92516991600025], [77.61919873440029, 12.92517038230017], [77.61919980570029, 12.92517084900025], [77.6192008768001, 12.92517131600021], [77.61920194790031, 12.92517178330017], [77.61920301870016, 12.92517225100021], [77.61920408950029, 12.92517271890024], [77.61920516000025, 12.92517318720028], [77.61920623050018, 12.9251736559002], [77.61920730070027, 12.92517412490012], [77.6192083708002, 12.92517459420016], [77.61920944080016, 12.92517506380016], [77.61921051060021, 12.9251755338002], [77.61921158030026, 12.92517600400028], [77.61921264980032, 12.92517647470016], [77.61921371920016, 12.92517694560031], [77.61921478840021, 12.92517741690027], [77.61921585750018, 12.92517788850027], [77.61921692640014, 12.92517836050031], [77.61921799510031, 12.92517883270015], [77.61921906370033, 12.92517930530027], [77.61922013220025, 12.92517977830023], [77.61922120050018, 12.92518025150019], [77.61922226870031, 12.92518072509999], [77.6192233367002, 12.92518119900023], [77.61922440450029, 12.9251816733003], [77.61922547220017, 12.92518214790022], [77.61922653980018, 12.92518262280014], [77.61922760720023, 12.9251830980001], [77.61922867440028, 12.9251835736003], [77.61922974150025, 12.92518404950014], [77.6192308084003, 12.92518452570022], [77.61923187520023, 12.9251850022003], [77.61923294180019, 12.92518547910022], [77.61923400830017, 12.92518595630018], [77.61923507460028, 12.92518643390018], [77.61923614080018, 12.92518691180022], [77.61923720680026, 12.9251873900003], [77.61923827270023, 12.92518786850018], [77.61923933840025, 12.92518834730014], [77.61924040400017, 12.9251888265003], [77.61924146940014, 12.92518930600026], [77.61924253460019, 12.9251897859001], [77.6192435997002, 12.92519026610018], [77.6192446647002, 12.92519074660026], [77.61924572940018, 12.92519122740022], [77.61924679410014, 12.92519170850018], [77.61924785860027, 12.92519219000014], [77.61924892290024, 12.92519267190018], [77.61924998700009, 12.92519315400022], [77.6192510511002, 12.92519363649994], [77.6192521149003, 12.92519411930026], [77.61925317860015, 12.92519460240022], [77.6192542422002, 12.92519508590022], [77.61925530560029, 12.92519556960026], [77.6192563688003, 12.9251960538003], [77.61925743190027, 12.92519653820018], [77.61925849480006, 12.9251970230003], [77.61925955760027, 12.92519750810026], [77.61926062020025, 12.92519799350026], [77.61926168270021, 12.92519847920026], [77.6192627450003, 12.9251989653003], [77.6192638071002, 12.92519945170022], [77.61926486910028, 12.92519993850014], [77.6192659310002, 12.92520042550022], [77.61926699270025, 12.92520091290026], [77.6192680542003, 12.92520140060026], [77.61926911560015, 12.92520188870014], [77.61927017680016, 12.92520237710022], [77.6192712378002, 12.92520286580014], [77.61927229870021, 12.92520335480026], [77.61927335950014, 12.92520384410006], [77.61927442010027, 12.92520433380026], [77.61927548050024, 12.9252048238003], [77.61927654080016, 12.92520531420018], [77.61927760090025, 12.9252058048001], [77.61927866080013, 12.92520629580027], [77.61927972060023, 12.92520678710019], [77.61928078030031, 12.92520727880026], [77.61928183970012, 12.92520777080027], [77.61928289910021, 12.92520826310015], [77.61928395820019, 12.92520875570027], [77.61928501730023, 12.92520924860019], [77.6192860761002, 12.92520974190019], [77.61928713480016, 12.92521023550019], [77.61928819330029, 12.92521072950023], [77.61928925170025, 12.92521122370027], [77.61929030990018, 12.92521171830019], [77.61929136800028, 12.92521221320015], [77.61929242590016, 12.92521270850012], [77.61929348360025, 12.92521320399992], [77.61929454120029, 12.92521369990016], [77.61929559860015, 12.92521419610024], [77.61929665590031, 12.92521469270032], [77.61929771300015, 12.92521518960024], [77.61929877000017, 12.92521568680024], [77.61929982670013, 12.9252161843002], [77.6193008834003, 12.92521668210025], [77.61930193980022, 12.92521718030033], [77.61930299610016, 12.92521767880021], [77.61930405230028, 12.92521817760013], [77.61930510830017, 12.92521867680029], [77.61930616410025, 12.92521917630029], [77.6193072198003, 12.92521967610029], [77.61930827530016, 12.92522017620017], [77.61930933060025, 12.9252206767003], [77.61931038580025, 12.92522117740022], [77.61931144080022, 12.92522167860018], [77.61931249570023, 12.92522218000018], [77.6193135504002, 12.92522268170018], [77.61931460500016, 12.92522318380002], [77.61931565930024, 12.9252236862003], [77.61931671360021, 12.92522418900023], [77.6193177676003, 12.92522469200019], [77.61931882150019, 12.92522519540019], [77.61931987530028, 12.92522569909999], [77.61932092880028, 12.92522620320023], [77.61932198220016, 12.92522670750015], [77.61932303550022, 12.92522721220024], [77.61932408860018, 12.9252277172002], [77.61932514150016, 12.9252282226002], [77.61932619430011, 12.92522872820016], [77.61932724690028, 12.92522923420024], [77.61932829930025, 12.92522974050028], [77.61932935160017, 12.92523024710021], [77.61933040370026, 12.92523075409997], [77.61933145570019, 12.92523126140013], [77.61933250750023, 12.92523176900017], [77.61933355910033, 12.92523227690022], [77.61933461050018, 12.92523278520026], [77.61933566180018, 12.92523329379998], [77.61933671300022, 12.9252338027003], [77.61933776400019, 12.92523431190027], [77.6193388148002, 12.92523482150027], [77.61933986540016, 12.92523533130007], [77.6193409159003, 12.92523584150019], [77.61934196620018, 12.92523635210027], [77.61934301640015, 12.9252368629002], [77.61934406640023, 12.92523737410016], [77.61934511620028, 12.9252378856], [77.61934616590021, 12.9252383974002], [77.61942665609511, 12.92527899541172], [77.61943553780026, 12.92528348530022], [77.61943566480022, 12.92528355930018], [77.61943579170007, 12.92528363330003], [77.61943591860016, 12.92528370740023], [77.61943604550025, 12.92528378150024], [77.61943617240019, 12.92528385560025], [77.61943629930028, 12.92528392980029], [77.61943642610021, 12.9252840039003], [77.6194365530003, 12.92528407810011], [77.61943667980019, 12.92528415230015], [77.61943680660028, 12.9252842266002], [77.61943693340017, 12.92528430080024], [77.61943706020026, 12.92528437510025], [77.61943718700019, 12.9252844494003], [77.61943731380023, 12.92528452370014], [77.61943744060017, 12.92528459800019], [77.61943756730022, 12.9252846724002], [77.61943769400027, 12.92528474680004], [77.61943782070016, 12.92528482120033], [77.61943794740029, 12.92528489560017], [77.61943807410017, 12.92528497010022], [77.61943820080023, 12.92528504450022], [77.61943832750028, 12.92528511900031], [77.61943845410018, 12.92528519350016], [77.61943858080026, 12.92528526810024], [77.61943870740015, 12.92528534260009], [77.6194388340002, 12.92528541719998], [77.61943896060029, 12.92528549180018], [77.61943908720015, 12.92528556640031], [77.61943921370023, 12.92528564110015], [77.61943934030029, 12.92528571570024], [77.61943946680033, 12.92528579040009], [77.61943959340023, 12.92528586510017], [77.61943971990031, 12.92528593990026], [77.61943984640017, 12.92528601460015], [77.61943997290018, 12.92528608940023], [77.61944009940026, 12.92528616420016], [77.61944022580032, 12.92528623900024], [77.61944035230017, 12.92528631380009], [77.61944047870026, 12.92528638870022], [77.61944060510031, 12.9252864636003], [77.61944073150016, 12.92528653850019], [77.61944085790022, 12.92528661340008], [77.61944098430023, 12.92528668830016], [77.61944111070027, 12.92528676330029], [77.61944123710016, 12.92528683830021], [77.61944136340021, 12.9252869133003], [77.61944148970026, 12.92528698840023], [77.61944161600023, 12.92528706340015], [77.61944174230028, 12.92528713850028], [77.61944186860018, 12.92528721360013], [77.61944199490019, 12.92528728870025], [77.61944212120024, 12.92528736390022], [77.61944224740029, 12.92528743900014], [77.6194423737003, 12.92528751420023], [77.61944249990019, 12.92528758940016], [77.6194426261002, 12.92528766460008], [77.6194427523002, 12.92528773990021], [77.61944287850025, 12.92528781520017], [77.61944300460027, 12.9252878905001], [77.61944313080028, 12.92528796580023], [77.61944325690028, 12.92528804110019], [77.6194433831003, 12.92528811650016], [77.61944350920015, 12.92528819190029], [77.61944363530016, 12.92528826730021], [77.6194437614002, 12.92528834270018], [77.61944388740022, 12.9252884181003], [77.61944401350023, 12.92528849360023], [77.61944413950029, 12.92528856910024], [77.6194442656003, 12.9252886446002], [77.61944439160027, 12.92528872010017], [77.61944451760031, 12.92528879569994], [77.61944464360029, 12.92528887130026], [77.61944476960029, 12.92528894690027], [77.61944489550031, 12.92528902250023], [77.61944502150016, 12.92528909810016], [77.61944514740033, 12.92528917380021], [77.61944527340017, 12.92528924950017], [77.61944539930015, 12.9252893252003], [77.61944552520032, 12.92528940090027], [77.61944565110012, 12.92528947660027], [77.61944577690014, 12.92528955240028], [77.6194459028002, 12.92528962820024], [77.61944602860012, 12.92528970400025], [77.61944615450017, 12.92528977990026], [77.61944628030018, 12.92528985570022], [77.61944640610011, 12.92528993160023], [77.61944653190028, 12.92529000750024], [77.61944665760029, 12.92529008340024], [77.6194467834003, 12.92529015940021], [77.6194469092003, 12.92529023530022], [77.61944703490025, 12.92529031130022], [77.61944716060026, 12.92529038730003], [77.61944728630023, 12.92529046330027], [77.61944741200023, 12.92529053940024], [77.61944753770017, 12.92529061550029], [77.61944766340021, 12.92529069160025], [77.61944778900015, 12.9252907677003], [77.61944791470027, 12.92529084380014], [77.61944804030009, 12.92529092000019], [77.6194481659003, 12.9252909962002], [77.61944829150026, 12.92529107240025], [77.6194484171002, 12.92529114860025], [77.61944854270017, 12.92529122480026], [77.61944866820018, 12.9252913011003], [77.6194487938003, 12.92529137740011], [77.61944891930028, 12.9252914537002], [77.61944904480025, 12.9252915300002], [77.61944917030019, 12.92529160640025], [77.61944929580015, 12.92529168279994], [77.61944942130032, 12.92529175920014], [77.6194495468003, 12.92529183560019], [77.61944967220022, 12.92529191200027], [77.61944979770023, 12.92529198850032], [77.61944992310016, 12.92529206500017], [77.61945004850013, 12.92529214150021], [77.61945017390026, 12.92529221800026], [77.6194502993002, 12.92529229450031], [77.61945042460012, 12.92529237110015], [77.6194505500003, 12.92529244770024], [77.61945067530023, 12.92529252429997], [77.61945080070019, 12.92529260100021], [77.61945092600028, 12.9252926776003], [77.61945105130026, 12.92529275430014], [77.61945117660018, 12.92529283100003], [77.61945130180015, 12.92529290770028], [77.61945142710029, 12.9252929844002], [77.61945155230022, 12.92529306120025], [77.61945167760018, 12.92529313799998], [77.61945180280007, 12.92529321480026], [77.6194519280002, 12.92529329160015], [77.61945205320018, 12.92529336850004], [77.61945217840031, 12.92529344530008], [77.61945230350024, 12.92529352220021], [77.61945242870013, 12.92529359920029], [77.61945255380026, 12.92529367610022], [77.61945267890019, 12.92529375300031], [77.61945280400028, 12.92529383000023], [77.61945292910025, 12.92529390700032], [77.61945305420018, 12.92529398400024], [77.61945317930027, 12.92529406110013], [77.61945330430017, 12.9252941382003], [77.6194534294001, 12.92529421520014], [77.61945355440018, 12.92529429230031], [77.61945367940031, 12.9252943695002], [77.61945380440024, 12.92529444660016], [77.61945392940014, 12.92529452380025], [77.61945405440026, 12.92529460100018], [77.61945417930019, 12.92529467820014], [77.61945430430029, 12.92529475540023], [77.61945442920018, 12.92529483270016], [77.6194545541003, 12.92529491000012], [77.61945467900016, 12.92529498730029], [77.61945480390028, 12.92529506460022], [77.61945492880018, 12.92529514190018], [77.6194550536003, 12.92529521930027], [77.61945517850016, 12.9252952967002], [77.61945530330024, 12.9252953741002], [77.61945542810018, 12.92529545150013], [77.61945555290026, 12.92529552900025], [77.61945567770016, 12.92529560640018], [77.61945580250021, 12.92529568390019], [77.6194559273003, 12.92529576149995], [77.61945605200019, 12.92529583900028], [77.61945617670028, 12.92529591660008], [77.61945630150016, 12.92529599410021], [77.61945642620026, 12.92529607170018], [77.61945655090015, 12.92529614940019], [77.6194566755002, 12.92529622700015], [77.6194568002003, 12.92529630469996], [77.61945692490018, 12.92529638230029], [77.61945704950023, 12.92529646010025], [77.61945717410032, 12.92529653780026], [77.61945729870017, 12.92529661550018], [77.61945742330026, 12.92529669330003], [77.61945754790015, 12.9252967711002], [77.61945767250025, 12.9252968489002], [77.6194577970003, 12.92529692680001], [77.61945792160014, 12.92529700460017], [77.61945804610019, 12.92529708250014], [77.61946043960019, 12.9252985087001], [77.6194628311002, 12.92529993820022], [77.61946522040027, 12.92530137120026], [77.61946760770023, 12.92530280740022], [77.61946999280018, 12.92530424700026], [77.61947237590014, 12.92530569000029], [77.61947475680022, 12.92530713630009], [77.61947713570014, 12.92530858590021], [77.61947951240025, 12.92531003890018], [77.61948188700029, 12.92531149520018], [77.61948425950021, 12.9253129549003], [77.61948662980024, 12.92531441790014], [77.61948899800028, 12.9253158842003], [77.61949136410011, 12.92531735380022], [77.61949372800031, 12.92531882670022], [77.61949608970015, 12.92532030300023], [77.6194984494003, 12.92532178250007], [77.61950080680026, 12.92532326539991], [77.61950316210022, 12.92532475160027], [77.61950551520016, 12.92532624110016], [77.61950786610028, 12.9253277339002], [77.61951021490019, 12.92532923000008], [77.61951256150023, 12.92533072940017], [77.6195149059003, 12.92533223210021], [77.61951724800014, 12.92533373800014], [77.61951958800013, 12.92533524730022], [77.61952192580013, 12.92533675980019], [77.61952426140027, 12.92533827560015], [77.61952659480028, 12.92533979470016], [77.61952892590018, 12.92534131710017], [77.6195312548003, 12.92534284270029], [77.6195335815002, 12.9253443716001], [77.61953590600024, 12.92534590380022], [77.61953822820027, 12.92534743920015], [77.6195405482003, 12.92534897790016], [77.61954286590026, 12.92535051980025], [77.61954518140028, 12.92535206500014], [77.61954749460016, 12.92535361350014], [77.61954980560027, 12.92535516520023], [77.61955211430018, 12.92535672010028], [77.61955442070025, 12.92535827820025], [77.61955672490029, 12.92535983960018], [77.61955902680027, 12.92536140429995], [77.61956132640023, 12.92536297210028], [77.61956362370022, 12.92536454320013], [77.61956591870029, 12.9253661175003], [77.61956821140019, 12.92536769510003], [77.61957050180023, 12.92536927580024], [77.61957278990026, 12.92537085980017], [77.61957507570024, 12.92537244690002], [77.61957735910023, 12.92537403730023], [77.61957964030019, 12.92537563090029], [77.61958191910026, 12.92537722770014], [77.61958419560028, 12.92537882770027], [77.61958646970015, 12.92538043080016], [77.6195887415003, 12.92538203720018], [77.61959101100028, 12.92538364670027], [77.6195932781002, 12.92538525950028], [77.6195955429003, 12.92538687540026], [77.61959780530033, 12.92538849450027], [77.61960006530019, 12.92539011670029], [77.61960232300014, 12.92539174210014], [77.61960247614536, 12.9253918526896], [77.61960457830025, 12.9253933707002], [77.6196068312002, 12.92539500250029], [77.61960908170022, 12.92539663739995], [77.61961132990025, 12.92539827550028], [77.61961357560023, 12.92539991670022], [77.61961581900022, 12.92540156110015], [77.61961805990029, 12.92540320870029], [77.6196202985002, 12.92540485930027], [77.61962253460017, 12.9254065131002], [77.6196247683002, 12.9254081701003], [77.6196269996001, 12.92540983020024], [77.61962922850017, 12.9254114934003], [77.61963145500027, 12.92541315969991], [77.61963367900022, 12.92541482920025], [77.6196359006002, 12.92541650180023], [77.61963811970014, 12.92541817750013], [77.61964033640021, 12.92541985630023], [77.61964255070023, 12.92542153820017], [77.61964476250022, 12.92542322320019], [77.6196469718002, 12.92542491140017], [77.61964917860026, 12.92542660260007], [77.61965138300029, 12.92542829690025], [77.61965358500015, 12.92542999430015], [77.61965578440025, 12.92543169480013], [77.61965798140015, 12.92543339840023], [77.6196601758002, 12.92543510510029], [77.61966236780023, 12.92543681490023], [77.61966455730017, 12.92543852770025], [77.61966674430028, 12.92544024360024], [77.6196689288003, 12.92544196250026], [77.61967111070015, 12.92544368460024], [77.61967329020025, 12.92544540969994], [77.6196754671002, 12.92544713780029], [77.61967764150022, 12.92544886899999], [77.6196798134002, 12.92545060330013], [77.61968198280017, 12.92545234060028], [77.61968414960023, 12.92545408090022], [77.61968631390026, 12.92545582430017], [77.61968847560024, 12.92545757069995], [77.61969063480018, 12.92545932010022], [77.6196927914002, 12.92546107260024], [77.61969494550021, 12.92546282810019], [77.61969709700018, 12.92546458660017], [77.61969924590029, 12.92546634820032], [77.61970139230027, 12.92546811269995], [77.61970353610025, 12.92546988030005], [77.61970567730022, 12.92547165090008], [77.61970781590024, 12.92547342440018], [77.61970995190025, 12.92547520100021], [77.6197120854002, 12.92547698060012], [77.6197142162003, 12.92547876310015], [77.6197163445003, 12.92548054870025], [77.61971847010028, 12.92548233719992], [77.61972059310017, 12.92548412880023], [77.6197227135002, 12.92548592330026], [77.61972483130016, 12.92548772070017], [77.6197269465003, 12.92548952120016], [77.61972905900019, 12.92549132460027], [77.61973116890017, 12.9254931310003], [77.61973327620022, 12.92549494030021], [77.61973538080012, 12.9254967526], [77.61973748280029, 12.92549856780027], [77.61973958210022, 12.92550038600006], [77.61974167880028, 12.92550220710013], [77.61974377280029, 12.92550403120016], [77.61974586410018, 12.92550585820023], [77.61974795280024, 12.92550768820018], [77.61975003880025, 12.92550952100021], [77.61975212220023, 12.92551135680013], [77.61975420280028, 12.92551319550024], [77.61975628080025, 12.92551503720019], [77.61975835610018, 12.92551688170014], [77.61976042870027, 12.9255187292003], [77.61976249860021, 12.92552057960029], [77.61976456580014, 12.9255224329002], [77.61976663030019, 12.9255242890002], [77.61976869200015, 12.92552614810027], [77.61977075110025, 12.92552801010027], [77.6197728075003, 12.9255298749003], [77.61977486110023, 12.92553174260025], [77.61977691200032, 12.92553361330029], [77.61977896010029, 12.9255354868002], [77.61978100560026, 12.9255373631002], [77.6197830483003, 12.92553924230015], [77.61978508820027, 12.92554112440031], [77.61978712540021, 12.92554300940019], [77.61978915990021, 12.92554489720014], [77.61979119160019, 12.92554678790022], [77.61979322050023, 12.9255486814003], [77.61979524670028, 12.92555057780013], [77.61979727010021, 12.92555247700021], [77.61979929070026, 12.92555437900001], [77.61980130860026, 12.92555628390028], [77.61980332360014, 12.9255581916002], [77.61980533590015, 12.92556010210024], [77.61980734540028, 12.92556201550012], [77.61980935210016, 12.92556393169996], [77.61981135600028, 12.92556585070024], [77.61981335710021, 12.9255677725002], [77.61981535540026, 12.92556969710024], [77.61981735090019, 12.92557162450016], [77.61981934360023, 12.9255735547002], [77.61982133350016, 12.9255754877002], [77.61982332050025, 12.9255774235002], [77.61982530470029, 12.92557936210024], [77.6198272861002, 12.92558130340012], [77.61982926470021, 12.92558324760016], [77.61983124040022, 12.92558519450024], [77.61983321320027, 12.92558714420016], [77.61983518330027, 12.9255890967002], [77.6198371504003, 12.92559105190032], [77.61983911480019, 12.92559300980025], [77.61984107620032, 12.92559497060013], [77.61984303480016, 12.92559693410025], [77.61984499050027, 12.92559890030025], [77.61984694340016, 12.92560086930018], [77.61984889340016, 12.9256028410003], [77.61985084050023, 12.92560481540015], [77.61985205950026, 12.92560613120025], [77.6198532774002, 12.9256074478002], [77.61985449450022, 12.92560876520007], [77.61985571060028, 12.92561008350022], [77.61985692570015, 12.92561140270025], [77.61985813980029, 12.9256127227], [77.61985935300027, 12.92561404350023], [77.6198605652002, 12.9256153651999], [77.61986177650027, 12.92561668770025], [77.61986298680024, 12.92561801110032], [77.61986419610027, 12.92561933540007], [77.6198654045002, 12.9256206605001], [77.61986661190026, 12.92562198640025], [77.61986781840021, 12.92562331320024], [77.61986902380026, 12.92562464080015], [77.6198702283002, 12.9256259692999], [77.61987143190026, 12.92562729860017], [77.61987263450028, 12.92562862880028], [77.61987383610018, 12.92562995980031], [77.61987503670032, 12.92563129160022], [77.61987623640022, 12.92563262430001], [77.61987743510021, 12.92563395780032], [77.61987863280022, 12.92563529220023], [77.61987982950023, 12.9256366274003], [77.6198810253001, 12.92563796340021], [77.61988222010028, 12.92563930030024], [77.61988341400026, 12.92564063799995], [77.6198846068002, 12.92564197659994], [77.6198857987003, 12.92564331590017], [77.61988698960012, 12.92564465620012], [77.61988817950021, 12.92564599720015], [77.61988936850027, 12.92564733910007], [77.61989055650012, 12.92564868180022], [77.6198917435003, 12.92565002540017], [77.61989292950028, 12.92565136970028], [77.61989411450027, 12.92565271500019], [77.61989529860016, 12.92565406100026], [77.61989648170022, 12.92565540790029], [77.61989766380016, 12.9256567556002], [77.61989884490033, 12.9256581041002], [77.61990002500028, 12.92565945340023], [77.61990120420029, 12.92566080360018], [77.61990238240027, 12.92566215460021], [77.61990355950024, 12.92566350650013], [77.61990473570019, 12.92566485910008], [77.6199059110002, 12.92566621260015], [77.61990708520018, 12.9256675669003], [77.61990825840019, 12.92566892200017], [77.61990943070013, 12.92567027800029], [77.61991060200019, 12.92567163470028], [77.61991177230028, 12.92567299230019], [77.61991294150015, 12.92567435070014], [77.61991410980028, 12.92567571000001], [77.61991527720029, 12.92567707000013], [77.61991644350023, 12.92567843090012], [77.6199176088003, 12.92567979250003], [77.61991877320027, 12.92568115500019], [77.61991993650024, 12.92568251830026], [77.61992109890026, 12.92568388250021], [77.61992226020027, 12.9256852474002], [77.61992342060024, 12.92568661320012], [77.61992458000026, 12.92568797970027], [77.6199257384002, 12.92568934709998], [77.61992689570026, 12.9256907153001], [77.61992805210019, 12.92569208430017], [77.61992920750025, 12.92569345410028], [77.61993036190019, 12.92569482470028], [77.6199315153002, 12.92569619610015], [77.61993266770021, 12.92569756830027], [77.61993381910027, 12.9256989414003], [77.6199349695002, 12.92570031520021], [77.61993611890023, 12.92570168990021], [77.6199372673002, 12.92570306530024], [77.61993841470026, 12.92570444160019], [77.61993956100015, 12.92570581870023], [77.6199407064002, 12.92570719650018], [77.61994185080017, 12.92570857520018], [77.61994299420019, 12.92570995470025], [77.61994413660017, 12.92571133490021], [77.61994527790019, 12.92571271600024], [77.61994641830027, 12.92571409790015], [77.61994755770017, 12.92571548050019], [77.61994869600026, 12.92571686400002], [77.61994983330015, 12.92571824830022], [77.61995096970026, 12.92571963330021], [77.61995210500015, 12.92572101919997], [77.61995323930024, 12.92572240579996], [77.61995437260025, 12.92572379330024], [77.61995550490026, 12.92572518150019], [77.61995663620024, 12.92572657050015], [77.61995776650018, 12.9257279604003], [77.61995889570022, 12.9257293509999], [77.6199600240002, 12.92573074240017], [77.61996115120017, 12.92573213460033], [77.6199622774003, 12.92573352759996], [77.61996340260016, 12.92573492130028], [77.61996452680022, 12.92573631590023], [77.61996565000027, 12.92573771120027], [77.6199667722002, 12.92573910740026], [77.61996789330021, 12.92574050430026], [77.61996901340011, 12.92574190200014], [77.61997013250016, 12.92574330049997], [77.61997125060024, 12.92574469980021], [77.61997236770026, 12.92574609980016], [77.6199734838002, 12.92574750060016], [77.61997459880017, 12.92574890230028], [77.6199757128003, 12.92575030470023], [77.61997682580028, 12.92575170780027], [77.6199779377002, 12.92575311180018], [77.61997904870022, 12.92575451650022], [77.61998015860031, 12.9257559221003], [77.61998126750028, 12.92575732840021], [77.61998237540017, 12.92575873540029], [77.61998348220014, 12.92576014330017], [77.61998458800024, 12.9257615519], [77.61998569280024, 12.92576296130024], [77.6199867966003, 12.9257643715002], [77.61998789930027, 12.92576578240023], [77.61998900110017, 12.92576719410015], [77.61999010180017, 12.92576860660027], [77.61999120140018, 12.92577001990018], [77.61999230000015, 12.9257714339003], [77.61999339760024, 12.92577284870014], [77.61999449420017, 12.92577426420018], [77.61999558970022, 12.92577568060017], [77.6199966842002, 12.92577709770025], [77.61999777770025, 12.92577851550017], [77.61999887020022, 12.92577993420032], [77.61999996160023, 12.9257813536002], [77.6200010519002, 12.92578277370012], [77.62000214130025, 12.92578419460016], [77.62000322960017, 12.92578561630024], [77.6200043169002, 12.92578703880023], [77.62000540310028, 12.92578846200031], [77.62000648830029, 12.92578988600023], [77.62000757250026, 12.92579131070023], [77.62000865560027, 12.92579273620015], [77.62000973770016, 12.92579416240026], [77.62001081870017, 12.9257955894003], [77.6200118987003, 12.92579701720022], [77.62001297770023, 12.92579844570018], [77.62001405560015, 12.9257998750003], [77.62001513250016, 12.92580130500022], [77.62001620830021, 12.92580273580021], [77.62001728310018, 12.92580416730025], [77.62001835690027, 12.92580559960025], [77.62001942960023, 12.92580703270029], [77.62002050130029, 12.92580846640021], [77.6200215719003, 12.92580990100021], [77.62002264150014, 12.92581133630025], [77.62002371000027, 12.9258127723002], [77.62002477750032, 12.92581420910024], [77.6200258440003, 12.92581564659992], [77.62002690940018, 12.92581708490024], [77.62002797370023, 12.92581852400032], [77.62002903700028, 12.92581996370016], [77.62003009930021, 12.92582140430024], [77.62003116050022, 12.92582284550024], [77.6200322206003, 12.92582428750016], [77.62003327980018, 12.92582573030016], [77.62003433780023, 12.92582717380008], [77.62003539480024, 12.92582861800024], [77.62003645080017, 12.92583006300028], [77.62003750570018, 12.9258315087002], [77.62003855950026, 12.92583295510012], [77.62003961230023, 12.9258344023002], [77.62004066400027, 12.92583585020015], [77.6200417147002, 12.92583729890016], [77.62004220053917, 12.92583796973474], [77.6200427644003, 12.92583874830024], [77.62004381290022, 12.92584019840019], [77.6200448605003, 12.9258416493002], [77.62004590690027, 12.92584310090028], [77.62004695230031, 12.92584455320024], [77.6200627399001, 12.92586759060015], [77.6200628023002, 12.92586769240011], [77.6200628646002, 12.92586779420016], [77.62006292690025, 12.92586789600029], [77.62006298910025, 12.9258679979003], [77.62006305130029, 12.92586809980031], [77.62006311340014, 12.92586820180015], [77.62006317550015, 12.92586830380016], [77.6200632375003, 12.92586840580013], [77.62006329940016, 12.92586850780014], [77.62006336130031, 12.92586860990015], [77.62006342320028, 12.9258687120002], [77.62006348500029, 12.92586881410017], [77.6200635467003, 12.92586891630001], [77.62006360840026, 12.92586901850022], [77.62006367000022, 12.92586912070027], [77.62006373160018, 12.92586922300012], [77.62006379310031, 12.92586932530013], [77.62006385450032, 12.92586942760022], [77.62006391590025, 12.92586953000006], [77.62006397730016, 12.92586963240027], [77.62006403860029, 12.92586973480012], [77.62006409980022, 12.92586983730017], [77.62006416100019, 12.92586993980022], [77.62006422210027, 12.92587004229995], [77.6200642832002, 12.9258701448], [77.62006434420027, 12.92587024740028], [77.62006440520021, 12.92587035000029], [77.62006446610029, 12.92587045270022], [77.62006452700018, 12.92587055540027], [77.6200645878003, 12.92587065810016], [77.6200646485003, 12.92587076080025], [77.62006470920024, 12.92587086360014], [77.62006476980031, 12.92587096640022], [77.62006483040015, 12.92587106920031], [77.62006489090021, 12.9258711721002], [77.62006495140025, 12.92587127500029], [77.62006501180014, 12.92587137790002], [77.62006507220018, 12.92587148090031], [77.62006513250019, 12.92587158380023], [77.62006519270022, 12.92587168690016], [77.62006525290023, 12.92587178990025], [77.62006531310028, 12.92587189300018], [77.62006537310025, 12.92587199610027], [77.6200654332003, 12.9258720993002], [77.6200654931003, 12.92587220240017], [77.6200655531003, 12.92587230560025], [77.6200656129003, 12.92587240890022], [77.62006567270026, 12.92587251210015], [77.62006573250028, 12.92587261540028], [77.62006579220024, 12.92587271880025], [77.62006585180016, 12.92587282210018], [77.62006714630019, 12.92587506930028], [77.62006843890033, 12.92587731760015], [77.62006972950029, 12.9258795669003], [77.6200710181003, 12.92588181730032], [77.6200723048003, 12.92588406880007], [77.62007358950028, 12.92588632140017], [77.6200748722003, 12.92588857510016], [77.62007615290025, 12.92589082990019], [77.62007743170028, 12.92589308570026], [77.62007870850027, 12.92589534260032], [77.6200799833003, 12.92589760060031], [77.62008125610028, 12.92589985960022], [77.62008252700026, 12.92590211970024], [77.62008379590026, 12.92590438090019], [77.62008506280027, 12.92590664320022], [77.62008632770026, 12.92590890650017], [77.62008759070028, 12.92591117090023], [77.62008885160031, 12.92591343640022], [77.62009011060029, 12.92591570290021], [77.62009136760015, 12.92591797050024], [77.62009262260018, 12.92592023910026], [77.6200938757002, 12.92592250880029], [77.62009512670022, 12.92592477950016], [77.62009637580024, 12.92592705130015], [77.62009762280023, 12.92592932410026], [77.62009886790025, 12.9259315980002], [77.62010011100028, 12.92593387299995], [77.62010135210018, 12.92593614900018], [77.62010259120017, 12.92593842600009], [77.62010382830023, 12.92594070410032], [77.62010506340022, 12.92594298320023], [77.62010629660023, 12.92594526330022], [77.62010752770026, 12.92594754450016], [77.62010875680028, 12.92594982670023], [77.6201099840003, 12.92595211000014], [77.62011120910016, 12.92595439430017], [77.62011243220019, 12.92595667959996], [77.6201136534002, 12.92595896590019], [77.62011487250022, 12.92596125330014], [77.62011608960024, 12.92596354170017], [77.62011730480026, 12.92596583110016], [77.62011851790017, 12.92596812160019], [77.62011972900011, 12.92597041310018], [77.62012093810017, 12.92597270560005], [77.62012214530019, 12.92597499910016], [77.6201233504002, 12.92597729360007], [77.62012455350026, 12.92597958910022], [77.62012575450025, 12.92598188570025], [77.62012695360026, 12.92598418320004], [77.62012815070028, 12.92598648180011], [77.62012934570011, 12.9259887813003], [77.62013053880032, 12.92599108190017], [77.62013172980018, 12.92599338350016], [77.62013291880015, 12.92599568610023], [77.62013410580018, 12.92599798970018], [77.62013529080019, 12.92600029420025], [77.62013647380017, 12.9260025998002], [77.62013765470014, 12.92600490640027], [77.62013883370021, 12.92600721400026], [77.62014001060022, 12.92600952250014], [77.6201411855002, 12.92601183210029], [77.62014235830021, 12.9260141426002], [77.62014352920016, 12.92601645409995], [77.62014469800017, 12.92601876660022], [77.6201458648002, 12.92602108010017], [77.62014702960016, 12.92602339460025], [77.6201481923003, 12.9260257100002], [77.62014935300027, 12.92602802650027], [77.62015051170026, 12.92603034390022], [77.62015166840023, 12.92603266230025], [77.62015282310024, 12.92603498160021], [77.62015397570018, 12.92603730190024], [77.6201551262002, 12.92603962320023], [77.6201562748003, 12.92604194550022], [77.6201574213003, 12.92604426870021], [77.62015856580024, 12.92604659290021], [77.62015970820018, 12.92604891810016], [77.62016084860015, 12.92605124420019], [77.62016198700024, 12.92605357130014], [77.62016312340022, 12.92605589930014], [77.62016425770015, 12.92605822830005], [77.62016521974128, 12.92606020803822], [77.62016538990025, 12.92606055820028], [77.62016652010021, 12.9260628891002], [77.62016764830031, 12.92606522100015], [77.62016877450024, 12.9260675538003], [77.62016989860018, 12.92606988750025], [77.62017102060027, 12.92607222220017], [77.6201721407002, 12.92607455779996], [77.6201732586003, 12.9260768944002], [77.6201743746002, 12.92607923190019], [77.62017548840028, 12.92608157040022], [77.62017660030017, 12.92608390980002], [77.62017771010022, 12.92608625010025], [77.62017881780032, 12.9260885913002], [77.62017992350017, 12.92609093350024], [77.62018102710026, 12.92609327660015], [77.62018212870015, 12.92609562070023], [77.62018322830016, 12.9260979657003], [77.62018432580021, 12.92610031160029], [77.6201854212003, 12.92610265840021], [77.62018651460012, 12.9261050061002], [77.62018760590017, 12.92610735480024], [77.62018869520017, 12.92610970440023], [77.62018978240019, 12.92611205490015], [77.62019086750024, 12.9261144062999], [77.6201919506002, 12.92611675859998], [77.62019303170025, 12.92611911180029], [77.62019411070027, 12.92612146600017], [77.62019518760023, 12.92612382100024], [77.6201962624002, 12.92612617700024], [77.62019733520022, 12.92612853390015], [77.62019840600014, 12.92613089160015], [77.62019947470031, 12.92613325030026], [77.62020054130028, 12.92613560990022], [77.6202016058002, 12.92613797030009], [77.62020266830018, 12.92614033170025], [77.6202037287001, 12.92614269390008], [77.62020478700026, 12.9261450571002], [77.6202058433002, 12.92614742110027], [77.62020689750028, 12.92614978600015], [77.62020794970022, 12.92615215180019], [77.6202089997003, 12.92615451850026], [77.62021004770018, 12.92615688610022], [77.62021109360028, 12.9261592546003], [77.62021213750016, 12.92616162390025], [77.62021317930028, 12.92616399410029], [77.62021421900018, 12.92616636520025], [77.62021525660022, 12.9261687372002], [77.62021629210022, 12.92617111000016], [77.62021732560027, 12.92617348370015], [77.62021835700011, 12.92617585830023], [77.62021938630016, 12.92617823370019], [77.62022041360017, 12.92618061000026], [77.62022143870017, 12.92618298720014], [77.62022246180021, 12.92618536520018], [77.62022348280021, 12.92618774410009], [77.62022450170018, 12.92619012390033], [77.62022551860015, 12.92619250450021], [77.62022653330031, 12.92619488600021], [77.62022754600024, 12.9261972683002], [77.62022855660024, 12.92619965150016], [77.6202295651002, 12.9262020355002], [77.62023057150016, 12.92620442040027], [77.62023157580025, 12.92620680610007], [77.62023257800017, 12.92620919259995], [77.62023357820026, 12.92621158010031], [77.62023457620018, 12.92621396830015], [77.62023557220026, 12.92621635740026], [77.6202365661001, 12.9262187473003], [77.62023755790023, 12.92622113810022], [77.62023854760027, 12.92622352970022], [77.62023953520014, 12.92622592210022], [77.6202405207002, 12.92622831530018], [77.62024150410019, 12.92623070940005], [77.62024248540023, 12.92623310429997], [77.6202434646002, 12.92623550010017], [77.6202444417002, 12.92623789660025], [77.62024541680023, 12.92624029400021], [77.6202463897002, 12.9262426922002], [77.62024736050016, 12.92624509119996], [77.6202483293002, 12.9262474911002], [77.62024929590028, 12.92624989170024], [77.6202502604002, 12.92625229320004], [77.62025122280015, 12.92625469550028], [77.62025218320031, 12.9262570986002], [77.6202531414002, 12.9262595025002], [77.62025409750011, 12.92626190710032], [77.6202550515002, 12.92626431270032], [77.62025600340023, 12.92626671900019], [77.62025695320018, 12.92626912610031], [77.62025790090019, 12.92627153400031], [77.62025884650022, 12.92627394270023], [77.62025979000026, 12.92627635220015], [77.62026073140014, 12.92627876250003], [77.6202616706003, 12.92628117350019], [77.62026260780017, 12.92628358540015], [77.62026354280009, 12.92628599810023], [77.6202644758003, 12.92628841150019], [77.62026540660025, 12.92629082570027], [77.62026633530024, 12.92629324080019], [77.62029808995887, 12.92637751525177], [77.6203174550002, 12.92642890860003], [77.62033475787449, 12.92647482911825], [77.62035959520028, 12.92654074549997], [77.62054900724634, 12.92701913082384], [77.62055503040023, 12.92703434310028], [77.62064669522812, 12.92727048323932], [77.62064822203668, 12.92727441649061], [77.62069390900861, 12.92739211188344], [77.62070113129833, 12.92741071741136], [77.62072387630013, 12.92746931140022], [77.62081034251229, 12.92743953621254], [77.62081062301199, 12.92744040874807], [77.62081117789364, 12.92744185575714]]], [[[77.64161881587927, 12.95850286013121], [77.64135013883761, 12.95853954388237], [77.64135108908158, 12.958545462703], [77.64135131211344, 12.95854677121662], [77.64135270426401, 12.95855293067321], [77.64135463780644, 12.95855894713789], [77.64135710015017, 12.95856477564393], [77.6413600697115, 12.95857037122569], [77.64136352580607, 12.95857569161494], [77.64136744145435, 12.95858069634209], [77.6413717869785, 12.95858534763584], [77.64137652910358, 12.95858960952284], [77.64138163275616, 12.95859344962816], [77.64138705746684, 12.9585968391728], [77.64139152873908, 12.95859912203083], [77.64140031192902, 12.95882455724228], [77.64140923490781, 12.95900599114395], [77.64142113221283, 12.95916957908806], [77.64144195249669, 12.9593063980959], [77.64145979845428, 12.95944024277736], [77.64147764441167, 12.95955921582781], [77.64151213708051, 12.95979007226897], [77.64159840205771, 12.96041130081402], [77.64163052478136, 12.96069683613473], [77.64164480154744, 12.96092883358266], [77.64160554044076, 12.96198174507769], [77.64155914095114, 12.96288118133792], [77.6415046019002, 12.96449059366949], [77.64149972920023, 12.96458360660024], [77.64149339160015, 12.96470458240026], [77.6414875770003, 12.96481536960012], [77.64148270150014, 12.96490749030014], [77.64147763440032, 12.96500322990023], [77.64147201630021, 12.96510756850023], [77.64146752128569, 12.96519010861254], [77.6414621896002, 12.96528868700015], [77.64145676187421, 12.96539274116811], [77.64145510830018, 12.96542444160023], [77.641452708165, 12.96546908312786], [77.64144868140016, 12.96554397930017], [77.6414427334002, 12.96565218490021], [77.64143744260019, 12.96576178820017], [77.64143248270018, 12.96586625550022], [77.64142775940019, 12.96596974990022], [77.64142459055329, 12.96603803867326], [77.64142142220027, 12.96610631680029], [77.64141618790019, 12.96621330340031], [77.64141159611152, 12.96635662208308], [77.64140976162376, 12.96641388002814], [77.64140918305333, 12.96643193834406], [77.64140458323449, 12.9664316903291], [77.64138812588044, 12.96694535471376], [77.64138746545338, 12.96696596786775], [77.64138217613255, 12.96713105732489], [77.64138157770033, 12.96714973550018], [77.64137971089633, 12.96718705397417], [77.64137912830016, 12.96719870040023], [77.6413736837002, 12.9673034577001], [77.64137024335031, 12.9673695403003], [77.64136680300027, 12.96743562290017], [77.64135977550023, 12.96756941830013], [77.64135291610027, 12.96770032010009], [77.64134827223099, 12.9677877885628], [77.64134584760016, 12.96783345710019], [77.64134003490017, 12.96793997690029], [77.64133379237103, 12.96805105308834], [77.6413324553003, 12.96807484420022], [77.64132984119117, 12.96812852737884], [77.64132501580025, 12.96822762130019], [77.64131823343142, 12.96836565629003], [77.64131196020024, 12.96849605930014], [77.64130038100028, 12.96873693220029], [77.64129526850014, 12.96883320370022], [77.64129104165231, 12.96891279772631], [77.6412903965122, 12.96892494609146], [77.64128954640023, 12.9689409542001], [77.64128759387852, 12.96897812381097], [77.6412824088002, 12.96907683070019], [77.64127658040019, 12.96918864360009], [77.64127109210021, 12.96929179550027], [77.64126760383014, 12.96935731746453], [77.64126645580019, 12.96937888150024], [77.64126176100028, 12.96946488640017], [77.64125803283407, 12.96953181847333], [77.64125273240018, 12.96962697760019], [77.64124891010022, 12.96969398760018], [77.64124529900016, 12.96975718839997], [77.64124474460027, 12.96976689060029], [77.64124210490985, 12.96981308965604], [77.64124182350024, 12.96981801480025], [77.64123850060024, 12.96987010000004], [77.64123814002771, 12.96987565058883], [77.64123151340026, 12.96997765970019], [77.64122573650026, 12.97007375140014], [77.64122151920031, 12.97014728850031], [77.64121101453385, 12.97030277587133], [77.64121086531985, 12.97030498449537], [77.64121058376143, 12.97030915205056], [77.64120804137046, 12.9703467838681], [77.64120559509915, 12.97038299294683], [77.64120460120351, 12.97039770433362], [77.6412033408002, 12.97041636050015], [77.6412006553208, 12.97046696196042], [77.6412005035411, 12.97046982188639], [77.6411999242809, 12.97048073666519], [77.64116418756863, 12.97121605317635], [77.64116380600025, 12.97122444090031], [77.64115837710024, 12.9713386455], [77.64115375300018, 12.9714591223003], [77.64114109789217, 12.97168728351606], [77.6411363503003, 12.97177287870016], [77.6411324078003, 12.97185451440016], [77.64113185228126, 12.97186535588251], [77.64112706459514, 12.97195879213093], [77.6411264522002, 12.97197074360007], [77.64112087880018, 12.97207831980014], [77.6411195556438, 12.97210374929688], [77.64111702210438, 12.97215244091934], [77.6411133405514, 12.97222319599721], [77.64111274922828, 12.97223456052573], [77.64111083370027, 12.9722713747002], [77.64110605270031, 12.97235902950022], [77.6411009028299, 12.97245641700948], [77.64110023910719, 12.97246896845168], [77.64109973890015, 12.97247842770019], [77.64109736875236, 12.97252598432886], [77.64109603319012, 12.97255278216733], [77.64109251920031, 12.97262328980026], [77.64109104430031, 12.97265238310011], [77.64105270222628, 12.9733536904011], [77.64104843740022, 12.9734328237003], [77.64104271280023, 12.97354339700029], [77.64103916170025, 12.9736122831002], [77.64103561980028, 12.97367778740026], [77.64103144900021, 12.97375371680027], [77.64102500045112, 12.97386629410227], [77.6410162870215, 12.97401841117425], [77.64101182550023, 12.97409629940028], [77.64100711600024, 12.9741769811002], [77.64099512500025, 12.97438786320022], [77.64099451526378, 12.97439936767739], [77.64098913056665, 12.97450096586645], [77.64098303650024, 12.97461594840019], [77.64097342980028, 12.97481037470017], [77.64097139515336, 12.97485145473782], [77.6409641469733, 12.97499779732459], [77.64096284600014, 12.97502406430022], [77.64095645750028, 12.97515337850025], [77.64094608240681, 12.97537888160228], [77.64094519190023, 12.97539823680029], [77.64094133645507, 12.9754874903998], [77.6409243561414, 12.97588058484335], [77.64092372280017, 12.9758952467002], [77.64091476968248, 12.97608711457343], [77.64091319120026, 12.97612094190013], [77.64090240670016, 12.97632920920022], [77.64089926130015, 12.97638653590008], [77.64089558386883, 12.97643222389179], [77.64088371647851, 12.97657966300159], [77.64086218598169, 12.9768471554543], [77.64084774844444, 12.97702652577882], [77.64084621748368, 12.97704554626245], [77.64084028402372, 12.9771192628956], [77.64083235956515, 12.97721771547062], [77.64082532547009, 12.97730510626901], [77.64082058089572, 12.97736405232257], [77.64081258480712, 12.97746339481928], [77.64080526711975, 12.97755430893887], [77.64080492388403, 12.97755857325969], [77.64080190062343, 12.97759613390816], [77.64080113563324, 12.97760563805867], [77.64079534860018, 12.97767753550027], [77.64079463780024, 12.97768451240024], [77.64079399280031, 12.97769149550022], [77.64079341370031, 12.97769848420012], [77.64079290050017, 12.97770547780014], [77.64079245320018, 12.97771247570016], [77.64079207200024, 12.97771947750022], [77.64079175680024, 12.97772648230016], [77.64079150770014, 12.97773348979994], [77.6407913247002, 12.97774049910016], [77.64079127334537, 12.97774357635309], [77.64079120770016, 12.97774750990026], [77.64079115690019, 12.97775452140024], [77.6407911722002, 12.97776153310026], [77.64079125360028, 12.97776854430024], [77.64079140110026, 12.9777755545001], [77.64079161470023, 12.97778256310004], [77.64079189440025, 12.97778956940014], [77.64079224020024, 12.97779657290016], [77.64079265190024, 12.97780357290018], [77.64079312970028, 12.97781056890024], [77.64079367340032, 12.97781756030018], [77.64079428300018, 12.97782454650032], [77.64079495850011, 12.97783152680018], [77.64079569970018, 12.9778385007002], [77.64079650670028, 12.97784546760017], [77.64079737930022, 12.97785242680015], [77.64079831750018, 12.97785937790024], [77.64079932130024, 12.97786632020018], [77.6408003904002, 12.97787325300027], [77.64080152490021, 12.97788017590021], [77.64080249220801, 12.97788574914819], [77.64080272460028, 12.97788708810026], [77.64080398940025, 12.97789398920027], [77.64080531930017, 12.97790087860024], [77.64080671400016, 12.97790775550017], [77.64080817360025, 12.97791461960018], [77.64080969780025, 12.97792147010027], [77.64081128650027, 12.97792830650019], [77.64081293960015, 12.97793512820016], [77.64081465700026, 12.9779419346002], [77.64081643850017, 12.97794872510032], [77.64081828400025, 12.97795549920016], [77.64082019320016, 12.97796225630008], [77.64082216610024, 12.97796899570028], [77.64082420240025, 12.97797571700024], [77.64082630210022, 12.97798241950027], [77.64082846480028, 12.97798910270023], [77.64083069050027, 12.97799576600022], [77.6408329789001, 12.97800240890029], [77.64083532980021, 12.97800903069992], [77.64083774310018, 12.97801563080014], [77.64084021850017, 12.97802220890013], [77.64084275590015, 12.97802876420031], [77.64084535490025, 12.97803529620029], [77.64084801550018, 12.97804180430027], [77.64085073720021, 12.97804828810029], [77.64085352010017, 12.97805474680018], [77.64085636360015, 12.97806118010012], [77.64085926780024, 12.97806758730021], [77.64086223220016, 12.97807396790029], [77.6408652567003, 12.97808032140022], [77.64086834090023, 12.97808664709999], [77.64087148470024, 12.97809294460031], [77.64087468770028, 12.97809921330014], [77.64087794960018, 12.97810545270026], [77.64088127030014, 12.97811166230018], [77.64088464940018, 12.97811784150029], [77.64088808660023, 12.97812398970028], [77.64089158170027, 12.97813010649998], [77.64089513420025, 12.97813619140021], [77.64089874400014, 12.97814224380023], [77.64090241070016, 12.97814826320029], [77.64090613400028, 12.97815424910026], [77.64090991360018, 12.9781602010002], [77.64091374920027, 12.97816611830028], [77.64091764040019, 12.97817200060025], [77.64092158690016, 12.97817784740026], [77.64092558830025, 12.9781836581003], [77.64092964440026, 12.97818943230025], [77.64093375470024, 12.97819516940029], [77.64093791900031, 12.9782008691], [77.64094213690026, 12.97820653070027], [77.64094640790017, 12.97821215380014], [77.64095073180017, 12.97821773800024], [77.64095510810021, 12.97822328270026], [77.64095953660029, 12.97822878740019], [77.64096401680031, 12.97823425180021], [77.64096854830028, 12.97823967530026], [77.64097313070015, 12.97824505750014], [77.64097776370029, 12.9782503979003], [77.64098244690024, 12.97825569610022], [77.64098717980015, 12.97826095150026], [77.64099196210026, 12.97826616390017], [77.64099679330026, 12.97827133259996], [77.64100167310026, 12.97827645730022], [77.64100660090031, 12.97828153749996], [77.64101157650016, 12.97828657280018], [77.64101659930026, 12.97829156270023], [77.64102166900028, 12.97829650690028], [77.64102678510022, 12.97830140500021], [77.64103194710026, 12.97830625640017], [77.64103715470033, 12.97831106080025], [77.64104240730028, 12.9783158177002], [77.64104770460028, 12.97832052680031], [77.64105107852593, 12.97832347082897], [77.64105304610013, 12.97832518770026], [77.64105843130017, 12.97832979990028], [77.6410638597003, 12.97833436310026], [77.64106933090015, 12.97833887690023], [77.64107484450021, 12.97834334090028], [77.64108039990026, 12.97834775460025], [77.64108599670026, 12.97835211780017], [77.6410916344002, 12.97835643010016], [77.64109731260015, 12.97836069110032], [77.64110303060022, 12.97836490030022], [77.64110878810014, 12.97836905760017], [77.6411145846003, 12.97837316240019], [77.64112041950018, 12.97837721450021], [77.64112629240019, 12.97838121350026], [77.64113220270019, 12.97838515910018], [77.64113815000024, 12.97838905090014], [77.64114413380018, 12.97839288860022], [77.64115015340032, 12.97839667190018], [77.64115620850022, 12.97840040039997], [77.64116229850033, 12.97840407390019], [77.6411684229002, 12.97840769189997], [77.64117458110019, 12.9784112543001], [77.6411807726003, 12.97841476070028], [77.64118699700013, 12.97841821070024], [77.64119325360014, 12.97842160420028], [77.64119954190018, 12.97842494080028], [77.6412058615003, 12.97842822020011], [77.6412122117003, 12.97843144220018], [77.64121859200014, 12.97843460640032], [77.64122500180012, 12.97843771270005], [77.64123144070021, 12.97844076060011], [77.64123790810015, 12.97844375010015], [77.64124440330029, 12.97844668080028], [77.64125092590018, 12.97844955240008], [77.64125747530029, 12.97845236480019], [77.64126405100028, 12.97845511770014], [77.64127065230026, 12.97845781080032], [77.64127727880009, 12.97846044390006], [77.64128392980024, 12.97846301680023], [77.64129060470015, 12.97846552930024], [77.64129730310019, 12.97846798110008], [77.64130402430014, 12.9784703721002], [77.6413107678003, 12.97847270210023], [77.64131753290026, 12.97847497079994], [77.64132431920031, 12.97847717800004], [77.64133112590027, 12.97847932360018], [77.64133795260015, 12.97848140740019], [77.64134479870016, 12.97848342910016], [77.64135166360029, 12.97848538880028], [77.64135854660026, 12.9784872860002], [77.64136544720014, 12.97848912080023], [77.6413723648002, 12.97849089290018], [77.64137929890022, 12.97849260220028], [77.64138624870027, 12.9784942485003], [77.64139321380021, 12.97849583180015], [77.64140019360026, 12.97849735180027], [77.64140718730029, 12.97849880840027], [77.64141419450023, 12.97850020160011], [77.64142121450028, 12.97850153110022], [77.64142824680015, 12.97850279690008], [77.64143529070022, 12.97850399890022], [77.6414423456002, 12.97850513700012], [77.64144941100018, 12.97850621100025], [77.64145648620028, 12.97850722090017], [77.64146357060024, 12.97850816670001], [77.64147066360022, 12.9785090481002], [77.64147776470021, 12.97850986510019], [77.64148487310024, 12.97851061780017], [77.64149198830023, 12.97851130590023], [77.64149910970026, 12.9785119295002], [77.64150623670021, 12.97851248839997], [77.64151336870027, 12.97851298270025], [77.64152050500019, 12.97851341230024], [77.64152764500022, 12.97851377720019], [77.64153478820022, 12.97851407730002], [77.64154193390029, 12.97851431260016], [77.64154908160032, 12.97851448310025], [77.64155623050027, 12.97851458880018], [77.64183007911441, 12.97851937351644], [77.64245953791881, 12.97853037149805], [77.64274651520019, 12.97853538560018], [77.64331627973623, 12.97855404040752], [77.64364926842188, 12.97856494287577], [77.64430545350024, 12.97858642719997], [77.64477786940029, 12.97860004900018], [77.64490962139251, 12.97860278143741], [77.6451334572247, 12.97860742362393], [77.64585485160022, 12.97862238480023], [77.64586087200024, 12.97862235230019], [77.64586689250022, 12.97862237750031], [77.6458729124002, 12.97862246020019], [77.64587893120022, 12.97862260050005], [77.64588494840028, 12.97862279830026], [77.64589096320033, 12.9786230538002], [77.64589697530027, 12.97862336670015], [77.64590298400033, 12.97862373720022], [77.64590898860018, 12.97862416510025], [77.64591498880016, 12.97862465050025], [77.64592098380018, 12.97862519320018], [77.64592697320028, 12.97862579320019], [77.64593295630017, 12.9786264506], [77.6459389325003, 12.9786271651003], [77.6459449014002, 12.97862793680021], [77.64595086230025, 12.97862876549992], [77.64595681470023, 12.97862965119999], [77.64596275800028, 12.97863059380031], [77.6459686917002, 12.97863159330019], [77.64597461510014, 12.97863264940024], [77.64598052770015, 12.97863376220021], [77.64598642900023, 12.97863493150027], [77.64599231830029, 12.97863615710013], [77.64599819520014, 12.97863743910027], [77.64600405910029, 12.97863877720022], [77.64600990940022, 12.97864017140018], [77.64601574550022, 12.9786416214003], [77.6460215669003, 12.97864312730026], [77.64602737310027, 12.97864468870011], [77.64603316350019, 12.97864630560013], [77.64603893750018, 12.97864797780015], [77.64604469460022, 12.97864970520005], [77.64605043420026, 12.97865148760024], [77.64605615580017, 12.97865332479995], [77.64606185890024, 12.97865521670031], [77.64606754290016, 12.97865716300011], [77.64607320730015, 12.97865916360019], [77.64607885150025, 12.9786612183002], [77.6460844750002, 12.9786633269003], [77.64609007720026, 12.97866548920028], [77.64609565770024, 12.9786677050003], [77.64610121590022, 12.97866997410025], [77.64610675120024, 12.97867229620004], [77.64611226320018, 12.97867467120016], [77.64611775120028, 12.97867709880016], [77.64612321490017, 12.97867957880016], [77.64612865370013, 12.97868211090021], [77.64613406700015, 12.97868469500027], [77.64613945430023, 12.97868733070029], [77.64614481520023, 12.97869001780027], [77.64615014910028, 12.97869275610013], [77.64615545540023, 12.97869554520032], [77.64616073380012, 12.9786983851002], [77.64616598370019, 12.97870127520024], [77.64617120460018, 12.97870421550016], [77.64617639600021, 12.97870720560025], [77.6461815574002, 12.97871024510026], [77.64618668840022, 12.97871333400024], [77.64619178830024, 12.9787164717003], [77.64619685680019, 12.97871965810024], [77.64620189340032, 12.97872289280003], [77.64620689760021, 12.97872617560018], [77.64621186880022, 12.97872950610014], [77.64621680670024, 12.97873288400006], [77.64622171080016, 12.97873630890022], [77.64622658050028, 12.97873978060015], [77.64623141550028, 12.97874329880012], [77.64623621530028, 12.97874686300025], [77.64624097940016, 12.97875047300023], [77.64624570740023, 12.97875412830026], [77.64625039870022, 12.97875782880028], [77.6462550531002, 12.97876157390015], [77.64625966990019, 12.97876536340023], [77.64626424890024, 12.97876919690014], [77.64626878950018, 12.97877307390019], [77.64627329130019, 12.97877699430019], [77.64627775390024, 12.97878095750032], [77.64628217690017, 12.97878496320005], [77.64628655980029, 12.97878901110023], [77.64629090220029, 12.97879310070016], [77.64629520380025, 12.97879723160003], [77.64629946400028, 12.97880140350021], [77.64630368260015, 12.97880561600004], [77.64630785900017, 12.97880986860031], [77.64631199300015, 12.97881416090031], [77.64631608410025, 12.97881849260026], [77.64632013190023, 12.97882286330019], [77.6463241360002, 12.97882727240027], [77.64632809600018, 12.97883171970024], [77.6463320117003, 12.97883620460017], [77.6463358825003, 12.97884072679999], [77.64633970820022, 12.97884528570028], [77.6463434883002, 12.97884988110006], [77.6463472226002, 12.97885451240025], [77.6463509106003, 12.97885917920011], [77.6463545520002, 12.97886388110014], [77.64635814650018, 12.97886861760026], [77.64636169370023, 12.97887338819997], [77.64636519320017, 12.97887819260005], [77.6463686448002, 12.97888303020029], [77.64637204810025, 12.97888790060017], [77.6463754029002, 12.97889280330026], [77.64637870860012, 12.97889773790019], [77.64638196520023, 12.97890270390008], [77.64638517220025, 12.97890770080021], [77.64638832930028, 12.97891272810023], [77.64639143630029, 12.97891778540021], [77.64639449280018, 12.97892287220019], [77.64639749860028, 12.97892798790025], [77.6464004533002, 12.97893313220016], [77.64640335680025, 12.97893830450023], [77.64640620860028, 12.97894350440014], [77.64640900860032, 12.97894873130029], [77.64641175650017, 12.97895398470013], [77.6464144520002, 12.9789592641002], [77.64641709480014, 12.9789645691002], [77.64641968470015, 12.97896989910028], [77.64642222150025, 12.97897525370017], [77.64642470490026, 12.97898063219997], [77.64642713470022, 12.97898603430006], [77.64642951070029, 12.97899145930031], [77.64643183260029, 12.97899690680016], [77.64643410010022, 12.97900237630017], [77.64643631320013, 12.97900786720023], [77.64643847150019, 12.97901337900008], [77.64644057490028, 12.97901891120022], [77.6464426232003, 12.97902446330016], [77.64644461610021, 12.97903003470018], [77.6464465536003, 12.97903562490017], [77.64644843530026, 12.97904123329995], [77.64645026120024, 12.97904685950026], [77.6464520310002, 12.97905250289996], [77.64645374460014, 12.97905816300027], [77.6464554018002, 12.97906383910022], [77.6464570025002, 12.97906953090029], [77.6464585464003, 12.97907523770017], [77.64646003360018, 12.9790809590002], [77.64646146370013, 12.97908669430024], [77.64646283680021, 12.97909244290027], [77.64646415250024, 12.97909820449995], [77.64646541100022, 12.97910397830027], [77.64646661190024, 12.97910976390019], [77.64646775520025, 12.97911556069998], [77.64646884080031, 12.97912136820027], [77.64646986860019, 12.97912718580015], [77.64647083840028, 12.97913301300027], [77.64647175030018, 12.97913884910019], [77.64647260400022, 12.97914469370024], [77.6464733996002, 12.9791505462], [77.64647413690022, 12.97915640600029], [77.6464748159002, 12.97916227260013], [77.64647543660017, 12.97916814539998], [77.64647599870018, 12.97917402390015], [77.64647650240022, 12.97917990740023], [77.64647694750018, 12.9791857955002], [77.64647733400021, 12.97919168760017], [77.64647766190024, 12.97919758310026], [77.64647793120018, 12.97920348150022], [77.64647814170031, 12.97920938210007], [77.64647829360028, 12.97921528450024], [77.64647838670021, 12.97922118800017], [77.64647842110026, 12.9792270922001], [77.64647839680022, 12.97923299640031], [77.64647831370029, 12.9792389001002], [77.64647817200027, 12.97924480270025], [77.64647797150026, 12.97925070370006], [77.64647771230028, 12.9792566025003], [77.64647739450025, 12.97926249850023], [77.64647701800023, 12.97926839130008], [77.64647658290026, 12.97927428010029], [77.64647608930026, 12.9792801645001], [77.64647553720022, 12.97928604380018], [77.64647492660025, 12.97929191770011], [77.64647425760027, 12.97929778540004], [77.6464735303003, 12.97930364640024], [77.6464727447003, 12.97930950020021], [77.64647190090024, 12.97931534609997], [77.64647099900033, 12.97932118380025], [77.64647003910028, 12.9793270125003], [77.64646902120016, 12.97933283180014], [77.64640378146198, 12.97956971353125], [77.64638608197903, 12.97963397933409], [77.64628746060536, 12.97999206785984], [77.6461711424684, 12.98041441231401], [77.64614806597588, 12.98049820172873], [77.64613139405884, 12.98055873649861], [77.64608319024829, 12.98073376175762], [77.64608180930014, 12.98073877590032], [77.6460756765212, 12.98076527371386], [77.64604811330194, 12.98088436573723], [77.6460417497592, 12.980911860609], [77.64603904716694, 12.98092353766301], [77.64599571289601, 12.981110771452], [77.64597192206539, 12.9812135641675], [77.64596030098045, 12.98126377522893], [77.64589299791209, 12.98155457067281], [77.64586461790014, 12.98167719180015], [77.64579346030813, 12.98196024137644], [77.64569579908878, 12.98234871578376], [77.64566964258786, 12.98245276160197], [77.64565185040021, 12.98252353510007], [77.6454552219002, 12.98293208430026], [77.64545511530032, 12.9829323935002], [77.64545500900027, 12.98293270280023], [77.64545490290027, 12.98293301210014], [77.6454547970003, 12.98293332150028], [77.64545469130029, 12.98293363100011], [77.64545458580015, 12.98293394050029], [77.64545448060022, 12.98293425020028], [77.6454543756003, 12.9829345599003], [77.64545434238495, 12.98293465805659], [77.64545427080022, 12.98293486960029], [77.64545416620017, 12.98293517950007], [77.64545406180031, 12.9829354894003], [77.64545395770027, 12.98293579930017], [77.64545385380029, 12.98293610940015], [77.64545375010029, 12.98293641950022], [77.64545364660016, 12.98293672970028], [77.64545354330023, 12.98293704000031], [77.6454534403003, 12.98293735030017], [77.64545333750021, 12.98293766070024], [77.64545323490013, 12.9829379712001], [77.64545313250028, 12.98293828170017], [77.64545303030023, 12.98293859230028], [77.64545292840022, 12.98293890300014], [77.64545282670025, 12.98293921370025], [77.64545272520029, 12.98293952460023], [77.64545262390016, 12.9829398355003], [77.64545252280027, 12.98294014640021], [77.64545242200018, 12.98294045740015], [77.64545232140028, 12.98294076849994], [77.64545222100024, 12.98294107970024], [77.6454521208002, 12.98294139090019], [77.64545202080022, 12.98294170219997], [77.64545192110022, 12.98294201360016], [77.64545182160025, 12.98294232500031], [77.64545172230017, 12.98294263650029], [77.64545162320019, 12.98294294810028], [77.6454515243003, 12.98294325970026], [77.64545142570022, 12.98294357140025], [77.64545132730017, 12.98294388320027], [77.64545122910016, 12.9829441951003], [77.64545113110019, 12.98294450700029], [77.64545103340022, 12.98294481890031], [77.64545093580021, 12.98294513100018], [77.64545083850025, 12.9829454431002], [77.64545074140015, 12.98294575520027], [77.64545064460027, 12.9829460675003], [77.64545054790018, 12.9829463798002], [77.64545045150014, 12.98294669220023], [77.64545035530028, 12.98294700460029], [77.64545025930028, 12.9829473171002], [77.64545016360027, 12.98294762970027], [77.64545006800019, 12.98294794229997], [77.64544997270018, 12.98294825500024], [77.64544987760029, 12.98294856770014], [77.6454497827002, 12.98294888060009], [77.64544968810031, 12.9829491935002], [77.64544959370026, 12.9829495064003], [77.64544949940021, 12.98294981940025], [77.64544940550024, 12.98295013250019], [77.64544931170025, 12.9829504457001], [77.64544921820027, 12.98295075890024], [77.64544912480018, 12.98295107220027], [77.64544903170018, 12.98295138550022], [77.64544893890029, 12.9829516989002], [77.64544884620024, 12.98295201240019], [77.64544875380024, 12.98295232590018], [77.64544866160018, 12.98295263950028], [77.64544856960013, 12.98295295309991], [77.64544847780017, 12.98295326680029], [77.64544838630025, 12.98295358060012], [77.64544829490028, 12.98295389450015], [77.64544820380019, 12.98295420840013], [77.64544811300026, 12.9829545223002], [77.64544802230017, 12.98295483640022], [77.64544793190016, 12.98295515050025], [77.64544784170027, 12.98295546460023], [77.64544775170008, 12.98295577880014], [77.64544766190026, 12.98295609310021], [77.6454475724003, 12.98295640740023], [77.64544748310021, 12.98295672180014], [77.64544739400033, 12.9829570363002], [77.64544730510023, 12.98295735080031], [77.64544721640014, 12.98295766540018], [77.6454471280003, 12.98295798000028], [77.64544703980022, 12.98295829470015], [77.64544695180024, 12.98295860950025], [77.64544686410028, 12.9829589243002], [77.64544677650007, 12.98295923910031], [77.64544668920018, 12.98295955410021], [77.64544660210022, 12.98295986910016], [77.64544651530029, 12.98296018410007], [77.64544642860028, 12.98296049920021], [77.64544634220023, 12.98296081440016], [77.64544625600018, 12.9829611297003], [77.64544617000018, 12.98296144490025], [77.64544608430022, 12.9829617603002], [77.64544599870021, 12.98296207570018], [77.64544591340028, 12.98296239120021], [77.64544582840016, 12.98296270670015], [77.64544574350026, 12.98296302230018], [77.64544565890021, 12.98296333790017], [77.64544557450017, 12.98296365360015], [77.64544549030016, 12.98296396939998], [77.64544540630015, 12.98296428520016], [77.64544532260015, 12.98296460099999], [77.64544523910018, 12.98296491700022], [77.64544515580026, 12.9829652329002], [77.64544507270017, 12.98296554900027], [77.64544498990028, 12.9829658651003], [77.6454449073002, 12.98296618120012], [77.64544482490015, 12.98296649740019], [77.64544474270014, 12.98296681370025], [77.64544466070014, 12.98296713000032], [77.64544457900028, 12.98296744640023], [77.64544449750021, 12.98296776280005], [77.64544441630024, 12.98296807929996], [77.64544433520031, 12.98296839590023], [77.64544425440022, 12.98296871250009], [77.64544417380017, 12.98296902910024], [77.64544409340017, 12.9829693458003], [77.64544401330028, 12.98296966260021], [77.64544393330027, 12.98296997940032], [77.64544385360011, 12.98297029630022], [77.64544377410014, 12.98297061320017], [77.64544369490022, 12.98297093020027], [77.64544361590033, 12.98297124720022], [77.6454435371002, 12.98297156430017], [77.6454434585002, 12.98297188139991], [77.6454433801001, 12.98297219860022], [77.6454433020001, 12.98297251590021], [77.64544322410029, 12.98297283320015], [77.64544314640017, 12.9829731505003], [77.64544306900017, 12.98297346790033], [77.64544299170024, 12.98297378540007], [77.64544291470015, 12.98297410290026], [77.64544283790026, 12.98297442050024], [77.64544276140022, 12.98297473810003], [77.64544268500033, 12.98297505580026], [77.64544260890017, 12.98297537350004], [77.64544253310017, 12.98297569120023], [77.6454424574002, 12.98297600910026], [77.64544238200023, 12.98297632690024], [77.6454423068003, 12.98297664490031], [77.64544223180017, 12.9829769629003], [77.64544215700029, 12.98297728090016], [77.64544208250028, 12.98297759900023], [77.64544200820023, 12.98297791710025], [77.64544193410019, 12.98297823530028], [77.64544186030018, 12.98297855349995], [77.64544178660026, 12.98297887180017], [77.64544171320028, 12.98297919010024], [77.64544164010016, 12.98297950850031], [77.64544156710024, 12.98297982690017], [77.64544149440019, 12.98298014540024], [77.64544142190014, 12.98298046390014], [77.64544134960026, 12.98298078250025], [77.6454412776003, 12.98298110110012], [77.6454412057001, 12.98298141980022], [77.64544113410012, 12.98298173850013], [77.6454410628002, 12.9829820573002], [77.64544099160027, 12.98298237610014], [77.64544092070018, 12.98298269500025], [77.6454408500003, 12.9829830139002], [77.64544077950022, 12.9829833329003], [77.6454407093002, 12.98298365190021], [77.6454406393002, 12.98298397100019], [77.64544056950024, 12.98298429010014], [77.64544049990023, 12.98298460930029], [77.64544043060026, 12.98298492850023], [77.64544036150022, 12.98298524770018], [77.6454402926003, 12.98298556700013], [77.64544022390021, 12.98298588640027], [77.64544015550017, 12.98298620580026], [77.64544008730012, 12.98298652520025], [77.64544001930015, 12.98298684470023], [77.64543995160018, 12.98298716420022], [77.64543988410018, 12.98298748380001], [77.64543981680025, 12.98298780340019], [77.64543974970017, 12.98298812310022], [77.64543968280024, 12.98298844280021], [77.64543961620019, 12.98298876260019], [77.64541999400018, 12.98308311130024], [77.6453879907002, 12.98323928950022], [77.64536752090015, 12.98333927660026], [77.64534924605395, 12.98342839621538], [77.64534894790029, 12.98342985020024], [77.64533112220029, 12.98351444770024], [77.64531346930015, 12.98360020980026], [77.64530046520015, 12.9836631403], [77.64528463730028, 12.9837390958002], [77.64526681660017, 12.98382446900031], [77.64526439507067, 12.98383606974056], [77.64526061550026, 12.98385417640021], [77.64525885724447, 12.98386264784916], [77.64525161340019, 12.98389754940013], [77.64524996955741, 12.98390547814722], [77.64524077130017, 12.98394984410026], [77.64522439350026, 12.98402883909996], [77.6452230762601, 12.98403519256879], [77.6452169796002, 12.98406459870024], [77.64520911440032, 12.98410245450013], [77.64520102130028, 12.98414139840016], [77.64519491280025, 12.98417079240027], [77.64517799580017, 12.98425219660025], [77.6451693889294, 12.98429380618323], [77.64516815460011, 12.98429977350019], [77.64516047520029, 12.98433701790016], [77.64515368660024, 12.98436994250004], [77.64515218888145, 12.98437720629177], [77.64514483030011, 12.98441289470024], [77.64513308590021, 12.98446983220015], [77.6451217763002, 12.98452429220022], [77.64510987240025, 12.98458162310021], [77.64510263649417, 12.98461646109582], [77.64509918360021, 12.98463308540023], [77.6450951104003, 12.98465269955018], [77.64509103720026, 12.98467231370012], [77.64509095220029, 12.98467272380019], [77.6450908673002, 12.98467313400003], [77.64509078260015, 12.9846735443001], [77.64509069810026, 12.98467395460018], [77.64509061380022, 12.98467436490021], [77.64509052970021, 12.98467477530012], [77.64509044580025, 12.9846751857002], [77.64509036200023, 12.98467559610027], [77.64509027850028, 12.98467600660019], [77.64509019520018, 12.98467641720026], [77.64509011200022, 12.98467682770017], [77.64509002910029, 12.98467723830025], [77.64508994630025, 12.98467764890016], [77.6450898638002, 12.98467805960024], [77.64508978140015, 12.98467847030019], [77.6450896992003, 12.98467888110027], [77.6450896173003, 12.98467929190018], [77.64508953550029, 12.98467970270029], [77.64508945390033, 12.98468011350025], [77.6450893725002, 12.98468052440016], [77.64508929130027, 12.98468093540007], [77.64508921030018, 12.98468134630027], [77.64508912950025, 12.98468175730018], [77.6450890489002, 12.9846821684003], [77.64508896850016, 12.98468257950025], [77.64508888820028, 12.98468299060021], [77.64508880820027, 12.9846834017002], [77.64508872830014, 12.98468381290031], [77.64508864870014, 12.98468422410027], [77.64508856930017, 12.98468463540026], [77.64508849000025, 12.98468504670026], [77.64508841090031, 12.98468545800001], [77.64508833210027, 12.98468586939996], [77.64508825340015, 12.98468628079996], [77.6450881749003, 12.98468669219995], [77.64508809660025, 12.98468710370031], [77.64508801850025, 12.98468751520026], [77.64508794060028, 12.98468792680029], [77.64508786290031, 12.98468833840029], [77.64508778540018, 12.98468874999992], [77.64508770810022, 12.98468916160028], [77.64508763100025, 12.98468957330011], [77.6450875541002, 12.98468998499994], [77.64508747730012, 12.98469039680014], [77.64508740080028, 12.98469080859997], [77.64508732450018, 12.98469122040017], [77.64508724830019, 12.9846916323002], [77.64508717240017, 12.98469204420023], [77.64508709660021, 12.98469245610023], [77.6450870211002, 12.9846928681003], [77.64508694570027, 12.98469328010014], [77.64508687050015, 12.98469369210017], [77.64508679550026, 12.98469410420024], [77.64508672080018, 12.98469451630008], [77.64508664620028, 12.98469492840031], [77.64508657180028, 12.98469534060019], [77.64508649760023, 12.98469575280022], [77.64508642360023, 12.9846961650003], [77.64508634980022, 12.98469657730017], [77.6450862762003, 12.9846969896002], [77.64508620270017, 12.98469740190028], [77.64508612950021, 12.98469781430015], [77.64508605650032, 12.98469822670023], [77.6450859836002, 12.98469863910014], [77.64508591100031, 12.98469905160021], [77.64508583860027, 12.98469946410029], [77.64508576630021, 12.9846998766002], [77.64508569430025, 12.98470028920032], [77.64508562240025, 12.98470070180019], [77.64508555070024, 12.98470111440027], [77.64508547930028, 12.98470152710018], [77.64508540800018, 12.98470193980029], [77.64508533690027, 12.98470235250021], [77.64508526600018, 12.98470276530012], [77.64508519530028, 12.98470317810024], [77.64508512480025, 12.98470359089999], [77.6450850545002, 12.9847040038003], [77.64508498440016, 12.98470441670018], [77.64508491450015, 12.98470482960017], [77.64508484480018, 12.98470524260029], [77.64508477530022, 12.98470565560024], [77.64508470600033, 12.9847060686002], [77.64508463680016, 12.98470648160031], [77.64508456790024, 12.98470689470026], [77.6450844992002, 12.98470730780018], [77.64508443060015, 12.98470772100017], [77.6450843623003, 12.98470813410029], [77.6450842941003, 12.98470854730028], [77.64508422620025, 12.98470896060024], [77.64508415840028, 12.98470937380019], [77.64508409080015, 12.98470978710014], [77.64508402340023, 12.98471020050018], [77.64508395630027, 12.98471061380029], [77.64508388930018, 12.98471102720009], [77.6450838225003, 12.98471144060028], [77.64508375590022, 12.98471185410023], [77.64508368950017, 12.98471226760023], [77.64508362330032, 12.98471268110022], [77.64508355730015, 12.98471309460026], [77.64508349150032, 12.98471350820021], [77.64508342590018, 12.98471392180021], [77.64508336050022, 12.9847143354002], [77.64508329520025, 12.98471474910023], [77.64508323020021, 12.98471516280023], [77.64508316540032, 12.98471557650026], [77.64508310070023, 12.98471599020026], [77.64508303630019, 12.98471640400025], [77.64508297210018, 12.98471681780029], [77.64508290800018, 12.98471723170032], [77.64508284420033, 12.98471764550015], [77.64508278050018, 12.98471805940015], [77.64508271700021, 12.98471847340022], [77.64508265380027, 12.98471888730022], [77.6450825907002, 12.98471930130029], [77.64508252780031, 12.98471971530029], [77.64508246510019, 12.98472012930016], [77.64508240270014, 12.98472054340023], [77.64508234040018, 12.98472095750027], [77.64508227830017, 12.9847213716003], [77.64508221640028, 12.98472178580018], [77.64508215470016, 12.98472219990021], [77.64508209320019, 12.98472261420029], [77.64508203180027, 12.98472302840032], [77.6450819707003, 12.98472344270023], [77.64508190980025, 12.98472385690023], [77.64508184910017, 12.9847242713003], [77.6450817886003, 12.98472468560022], [77.64508172820024, 12.98472510000029], [77.64508166810027, 12.98472551440017], [77.64508160810023, 12.98472592880024], [77.64508154840023, 12.98472634330011], [77.6450814889003, 12.98472675780023], [77.64508142950018, 12.98472717229994], [77.64508137030022, 12.98472758680022], [77.64508131140029, 12.98472800140029], [77.6450812526002, 12.98472841600017], [77.64508119400016, 12.98472883060008], [77.64508113570031, 12.9847292452002], [77.64508107750015, 12.98472965990011], [77.64508101950031, 12.98473007460018], [77.64508096170017, 12.98473048930014], [77.64508090410017, 12.98473090400021], [77.64508084670025, 12.98473131879997], [77.64508078950028, 12.98473173360024], [77.6450807325002, 12.9847321485002], [77.64508067570027, 12.98473256329991], [77.64508061910023, 12.98473297820003], [77.64508056270019, 12.98473339310014], [77.64508050650018, 12.98473380800025], [77.64508045050017, 12.98473422300021], [77.64508039460021, 12.9847346380002], [77.64508033900024, 12.98473505300027], [77.64508028360024, 12.98473546800007], [77.64508022830027, 12.98473588300022], [77.64508017330023, 12.98473629810014], [77.6450801185001, 12.98473671320029], [77.64508006380026, 12.98473712840025], [77.64508000930022, 12.9847375435002], [77.64507995510017, 12.9847379587002], [77.64507990100013, 12.98473837390015], [77.64507984720017, 12.98473878910027], [77.6450797935002, 12.98473920440022], [77.64507974000024, 12.98473961970017], [77.64507968670027, 12.98474003500017], [77.64507963370023, 12.98474045030012], [77.6450795808003, 12.98474086560016], [77.64507952810023, 12.98474128100027], [77.64507947560021, 12.98474169640027], [77.64507942330017, 12.98474211180026], [77.64507937120017, 12.98474252730021], [77.64507931930012, 12.98474294280021], [77.6450792676002, 12.9847433583], [77.6450792161002, 12.98474377380016], [77.64507916480026, 12.98474418930023], [77.6450791137003, 12.98474460490019], [77.64507906270022, 12.98474502050022], [77.64507901200018, 12.98474543610018], [77.64507896150029, 12.98474585170021], [77.64507891120029, 12.98474626740017], [77.64507886100029, 12.9847466830002], [77.64507019758554, 12.98481865579488], [77.64506789908603, 12.98483775096937], [77.64505258170938, 12.98496500268749], [77.6450439617555, 12.98503661442307], [77.64504260825775, 12.98504785883523], [77.64504127086552, 12.98505896944954], [77.64503828342946, 12.98508378808345], [77.64502837136114, 12.98516613427979], [77.64502471370008, 12.98516735950023], [77.64501871330026, 12.9851691426003], [77.64501265310032, 12.98517071930031], [77.64500654050026, 12.98517208770027], [77.64500038290015, 12.9851732460002], [77.64499418790024, 12.9851741929002], [77.6449879629002, 12.98517492710026], [77.64498171560028, 12.98517544790026], [77.64497545350024, 12.98517575450029], [77.64496918440017, 12.98517584670014], [77.64496291580012, 12.98517572420025], [77.64495665530029, 12.98517538730018], [77.64495041070029, 12.98517483630001], [77.64494418950018, 12.98517407190031], [77.64493799930018, 12.98517309499995], [77.64493184760023, 12.98517190690001], [77.64492574200028, 12.98517050900029], [77.6449196898003, 12.98516890300016], [77.6449136985002, 12.98516709080013], [77.64490777530015, 12.98516507470016], [77.64490463610029, 12.98516391290023], [77.64490212780025, 12.98516296080015], [77.64489961720017, 12.98516201300027], [77.64489710480028, 12.98516106970027], [77.64489459060023, 12.98516013090028], [77.64489207470022, 12.9851591966002], [77.64488955710021, 12.98515826680012], [77.64488703770024, 12.98515734160032], [77.64488451670032, 12.98515642080013], [77.64488199390023, 12.98515550460025], [77.64487946940018, 12.98515459290018], [77.64487694320025, 12.98515368570018], [77.64487441530024, 12.98515278310019], [77.64487188580027, 12.98515188500015], [77.6448693545001, 12.98515099140032], [77.6448668216002, 12.98515010230028], [77.64486428710028, 12.98514921780021], [77.64486175090026, 12.9851483379003], [77.64485921310022, 12.98514746250027], [77.64485667370025, 12.98514659160031], [77.64485413260032, 12.9851457253002], [77.64485158990023, 12.98514486349997], [77.64484904560014, 12.9851440063001], [77.64484649980028, 12.98514315370023], [77.64484395230028, 12.98514230560012], [77.64484140330018, 12.98514146210029], [77.64483885270029, 12.9851406232001], [77.64483630050024, 12.98513978880023], [77.64483374680019, 12.98513895900016], [77.64483119160026, 12.98513813380013], [77.64482863480016, 12.98513731320019], [77.64482607650024, 12.98513649720032], [77.64482351670023, 12.98513568570029], [77.64482095530025, 12.98513487879994], [77.64481839250016, 12.98513407660004], [77.64481582820027, 12.98513327890021], [77.64481326240025, 12.98513248580003], [77.64481069510028, 12.98513169730028], [77.64480812640015, 12.98513091340022], [77.6448055562003, 12.98513013410023], [77.64480298450032, 12.98512935950009], [77.64480041140018, 12.98512858940022], [77.6447978369003, 12.9851278240002], [77.64479526100024, 12.98512706310022], [77.64479268360027, 12.98512630690015], [77.64479010490014, 12.98512555530009], [77.64478752470028, 12.98512480830015], [77.64478494320015, 12.98512406600025], [77.64478236030017, 12.98512332830023], [77.64477977600028, 12.98512259520005], [77.64477719030026, 12.98512186670031], [77.64477460330016, 12.98512114290025], [77.64477201500027, 12.98512042370027], [77.64476942530023, 12.98511970919997], [77.64476683430028, 12.98511899930015], [77.64476424190023, 12.98511829400029], [77.64476164830022, 12.98511759340015], [77.64475905330028, 12.98511689749994], [77.64475645710023, 12.98511620610016], [77.64475385960026, 12.98511551950018], [77.64475126080032, 12.98511483750012], [77.64474866070026, 12.98511416020019], [77.64474605940029, 12.98511348750021], [77.64474345680019, 12.98511281950016], [77.64474085300021, 12.98511215610018], [77.64473824800024, 12.98511149740021], [77.64473564170015, 12.98511084340015], [77.64473303420017, 12.98511019410018], [77.64473042550027, 12.98510954940025], [77.64472781570022, 12.98510890940019], [77.64472520460028, 12.98510827410018], [77.64472259230018, 12.98510764350029], [77.64471997890024, 12.9851070175002], [77.6447173643001, 12.98510639630022], [77.6447147486003, 12.98510577970029], [77.6447121317002, 12.98510516780028], [77.64470951370014, 12.98510456060027], [77.64470689460016, 12.98510395810018], [77.64470427430031, 12.98510336030017], [77.64470165290017, 12.98510276720021], [77.64469903050023, 12.98510217880028], [77.64469640690021, 12.98510159510027], [77.64469378220012, 12.9851010160001], [77.6446911565003, 12.98510044170025], [77.6446885297002, 12.98509987210021], [77.64468590190019, 12.98509930730028], [77.64468327300021, 12.98509874710019], [77.64468064310019, 12.98509819160019], [77.64467801210026, 12.98509764090026], [77.6446753801002, 12.98509709480022], [77.64467274710022, 12.98509655350021], [77.64467011310016, 12.98509601689993], [77.64466747810026, 12.98509548500028], [77.6446648421002, 12.98509495789996], [77.64466220510026, 12.98509443550024], [77.64465956720021, 12.98509391780023], [77.64465692830026, 12.98509340480023], [77.64465428850025, 12.98509289650019], [77.64465164770031, 12.98509239300019], [77.6446490060003, 12.98509189420026], [77.6446463633002, 12.98509140020026], [77.64464371980021, 12.98509091090006], [77.64464107530027, 12.98509042629994], [77.6446384299001, 12.9850899465003], [77.64463578370028, 12.98508947140014], [77.64463313650026, 12.98508900110027], [77.64463048850024, 12.98508853550027], [77.64462783960026, 12.98508807460019], [77.64462518990028, 12.98508761850031], [77.64462253930022, 12.98508716720015], [77.6446198879002, 12.98508672060024], [77.6446172357003, 12.9850862787], [77.6446145826002, 12.98508584160028], [77.64461192870014, 12.98508540930017], [77.6446092741002, 12.98508498170021], [77.64460661860022, 12.98508455890026], [77.6446039624002, 12.98508414080022], [77.64460130530023, 12.98508372750023], [77.64459864750016, 12.98508331900019], [77.64459598900027, 12.98508291520016], [77.64459332970029, 12.98508251620001], [77.64459293291424, 12.98508245739832], [77.64459066970026, 12.98508212200018], [77.64458800890016, 12.98508173250014], [77.64458534740014, 12.98508134780023], [77.64458268520023, 12.98508096780024], [77.6445800223003, 12.98508059270029], [77.6445777043637, 12.98508027035598], [77.64457735880028, 12.98508022230022], [77.64457469450025, 12.98507985670023], [77.64457202950028, 12.98507949580028], [77.6445693639003, 12.98507913980025], [77.64456669760024, 12.9850787885003], [77.6445640307003, 12.98507844200019], [77.64456136310024, 12.9850781002002], [77.64455869490017, 12.98507776330005], [77.64455602610023, 12.98507743110003], [77.64455335660028, 12.98507710370024], [77.64455068660023, 12.98507678110013], [77.64454801590028, 12.98507646330019], [77.6445453447003, 12.9850761503002], [77.64454267290029, 12.98507584210018], [77.64454000050023, 12.98507553860019], [77.64453732750025, 12.98507524000028], [77.64453465400027, 12.98507494610026], [77.64453198000024, 12.98507465700016], [77.6445293054003, 12.98507437270029], [77.64452663030016, 12.98507409329995], [77.64452395470018, 12.98507381860021], [77.64452127860028, 12.98507354870019], [77.64451860200018, 12.98507328360028], [77.64451592490019, 12.98507302330022], [77.64451324730021, 12.98507276770004], [77.6445105692002, 12.98507251700018], [77.64450789070024, 12.98507227110032], [77.64450521170026, 12.98507203000018], [77.64450253230028, 12.98507179370016], [77.64449985240026, 12.98507156220018], [77.6444971721002, 12.98507133550028], [77.6444944914003, 12.98507111360026], [77.64449181030028, 12.98507089649997], [77.64448912880029, 12.98507068430031], [77.64448644690027, 12.98507047680017], [77.64448376460017, 12.98507027410004], [77.64448108190027, 12.98507007620026], [77.64447839890012, 12.98506988320032], [77.64447571550018, 12.98506969490031], [77.64447303180016, 12.98506951150013], [77.64447034770022, 12.98506933290024], [77.64446766330019, 12.98506915910026], [77.64446497860025, 12.98506899010017], [77.64446229360027, 12.98506882590027], [77.64445960830028, 12.98506866649994], [77.64445692270027, 12.98506851190005], [77.64445423680024, 12.98506836220008], [77.64445155060018, 12.98506821720018], [77.64444886410031, 12.98506807710013], [77.64444617740021, 12.9850679418002], [77.64444349050024, 12.98506781130015], [77.64444080330026, 12.98506768559998], [77.64443811590023, 12.98506756470029], [77.64443542830024, 12.98506744870024], [77.64443274040018, 12.98506733739991], [77.64395707760023, 12.98504807950032], [77.64395345580026, 12.98504793080026], [77.6439498342002, 12.98504777800013], [77.6439462128003, 12.98504762110024], [77.64394259150028, 12.9850474601003], [77.64393897050026, 12.98504729490021], [77.6439353497002, 12.98504712570024], [77.64393172900022, 12.9850469524003], [77.64392810860024, 12.98504677489997], [77.64392448840026, 12.98504659340015], [77.64392086840031, 12.98504640769998], [77.64391724860018, 12.98504621790016], [77.64391362910015, 12.98504602410019], [77.64391000970022, 12.98504582610021], [77.64390639070024, 12.98504562400011], [77.64390277180017, 12.9850454178003], [77.6438991532002, 12.98504520750028], [77.64389553490018, 12.98504499310018], [77.64389191680027, 12.98504477459992], [77.64388829890014, 12.98504455200026], [77.64388468140028, 12.98504432530017], [77.64388106410019, 12.98504409450027], [77.64387744700032, 12.98504385950033], [77.64387383030014, 12.98504362050023], [77.64387159931015, 12.98504347053375], [77.64387021380033, 12.98504337740009], [77.64386659770018, 12.98504313020015], [77.64386298180028, 12.98504287880021], [77.64385936620015, 12.98504262340018], [77.64385575090029, 12.9850423639002], [77.6438521360003, 12.98504210020026], [77.64384852130028, 12.98504183250024], [77.6438449070003, 12.98504156070006], [77.64384129300021, 12.98504128470023], [77.64383767930026, 12.98504100470017], [77.64383406590021, 12.98504072060011], [77.6438304529003, 12.98504043230024], [77.64382684030016, 12.98504014000026], [77.64382322790023, 12.98503984360019], [77.64381961600026, 12.98503954300025], [77.64381600430015, 12.98503923840018], [77.64381239310029, 12.98503892970028], [77.64380878220027, 12.98503861690017], [77.64380517170025, 12.98503830000027], [77.64380156160031, 12.98503797900032], [77.64379795180018, 12.98503765380017], [77.64379434240016, 12.98503732460023], [77.6437907334003, 12.98503699140008], [77.64378712490016, 12.98503665400029], [77.64378351670018, 12.9850363125003], [77.64377990890024, 12.98503596690011], [77.64377630150018, 12.98503561729996], [77.64377269460016, 12.98503526350014], [77.64376908800018, 12.98503490569995], [77.64376548190025, 12.98503454370028], [77.64376187620032, 12.98503417770025], [77.64375827100025, 12.98503380760017], [77.6437546662002, 12.98503343339994], [77.64375106180022, 12.98503305510023], [77.64374745790032, 12.9850326727], [77.64374385450026, 12.98503228620029], [77.64374025140025, 12.98503189560022], [77.64373664890026, 12.98503150100014], [77.64373304680028, 12.98503110220019], [77.64372944520018, 12.98503069940028], [77.64372584410013, 12.98503029250012], [77.64372224350011, 12.98502988150021], [77.64371864330018, 12.9850294665003], [77.64371504370031, 12.98502904730014], [77.64371144450025, 12.98502862400015], [77.64370784580024, 12.98502819669999], [77.64370424770026, 12.98502776530023], [77.6437006500002, 12.98502732980024], [77.64369705290018, 12.9850268903002], [77.64369345630028, 12.98502644660021], [77.64368986020018, 12.98502599890021], [77.64368626470029, 12.98502554710017], [77.64368266960027, 12.98502509120017], [77.6436790752003, 12.98502463120029], [77.64367548120032, 12.98502416720026], [77.64367188790025, 12.98502369910022], [77.64366829500028, 12.98502322690014], [77.64366470280011, 12.98502275060026], [77.6436611111002, 12.98502227030018], [77.64365751990015, 12.9850217858001], [77.64365392940017, 12.98502129730018], [77.6436503394002, 12.9850208048003], [77.64364675000017, 12.98502030810022], [77.64364316120016, 12.9850198074001], [77.64363957300019, 12.98501930270013], [77.64363598530025, 12.98501879380025], [77.64363239830027, 12.98501828090025], [77.64362881190026, 12.98501776390013], [77.64362522610016, 12.98501724280016], [77.64362164090029, 12.9850167177002], [77.64361805640016, 12.98501618850024], [77.64361447240019, 12.98501565530027], [77.64361088910017, 12.98501511799991], [77.64360730650031, 12.9850145766003], [77.64360372450021, 12.9850140311001], [77.64360014310027, 12.98501348160009], [77.6435965624003, 12.98501292800029], [77.64359298230016, 12.98501237040028], [77.6435894029003, 12.98501180870027], [77.64358582410028, 12.98501124290023], [77.64358224610015, 12.98501067310018], [77.6435786687003, 12.98501009920017], [77.64357509190029, 12.98500952130028], [77.6435715159003, 12.98500893930028], [77.64356794050025, 12.98500835330019], [77.64356436590027, 12.98500776320014], [77.64356079190014, 12.98500716900025], [77.64355721870028, 12.9850065708002], [77.64355364610027, 12.98500596860011], [77.64355007430021, 12.98500536220018], [77.64354650320031, 12.98500475190029], [77.64354293280019, 12.9850041375002], [77.64353936310029, 12.98500351900015], [77.64353579420028, 12.98500289650002], [77.64353222600029, 12.98500226990028], [77.6435286585002, 12.98500163930015], [77.64352509180019, 12.98500100460022], [77.64352152590028, 12.98500036590029], [77.64351803306052, 12.98499973624468], [77.64351796070024, 12.98499972320019], [77.64351439620026, 12.98499907640026], [77.64351083250017, 12.98499842560028], [77.64350726960015, 12.98499777070015], [77.64350370750022, 12.98499711180022], [77.64350014610028, 12.98499644880024], [77.6434965856003, 12.98499578180007], [77.64349302580025, 12.98499511080029], [77.64348946680019, 12.98499443570016], [77.64348590860021, 12.98499375660014], [77.64347879470019, 12.98499238630022], [77.64347523890025, 12.98499169500021], [77.64347168400025, 12.98499099980023], [77.64346812980027, 12.98499030050005], [77.64346457650021, 12.98498959720023], [77.64346102410023, 12.98498888980022], [77.64345747250019, 12.98498817850028], [77.64345392170013, 12.98498746310026], [77.64345037170024, 12.9849867436002], [77.64344682270018, 12.98498602020022], [77.64344327440021, 12.9849852927], [77.64343972700016, 12.98498456120018], [77.64343618050022, 12.98498382570016], [77.64343263490032, 12.98498308610018], [77.64342909010027, 12.98498234250031], [77.64342554630018, 12.98498159490025], [77.64342200330013, 12.98498084330019], [77.6434184612002, 12.98498008770021], [77.64341491990018, 12.98497932800018], [77.64341137960021, 12.98497856440032], [77.64340784020015, 12.9849777967001], [77.64340430170019, 12.98497702500027], [77.64340076410025, 12.98497624930001], [77.64339722740027, 12.98497546960014], [77.64339369170018, 12.98497468580028], [77.64339015690013, 12.98497389810025], [77.6433866230002, 12.98497310630023], [77.64338309000023, 12.9849723106002], [77.64337955800029, 12.98497151079994], [77.64337602690024, 12.98497070700023], [77.64337249680027, 12.98496989920024], [77.64336896760021, 12.98496908750018], [77.64336543940028, 12.98496827169991], [77.64336191220023, 12.9849674519002], [77.6433583859003, 12.98496662810021], [77.64335486060021, 12.98496580030014], [77.64335133630027, 12.98496496850028], [77.64334781300022, 12.98496413270021], [77.64334429060021, 12.98496329289998], [77.6433407693002, 12.98496244920011], [77.64333372950017, 12.98496074960021], [77.64333021120017, 12.98495989390018], [77.64332669390028, 12.9849590341001], [77.64332317750018, 12.98495817040019], [77.64331966220026, 12.9849573027002], [77.64331614800017, 12.98495643100013], [77.64331263470031, 12.98495555530025], [77.64324788220023, 12.98512211710001], [77.64325170380015, 12.98512309470021], [77.64325552670014, 12.98512406780021], [77.6432593507003, 12.98512503650017], [77.64326317590017, 12.98512600070029], [77.6432670023002, 12.98512696040017], [77.64327082980033, 12.98512791570001], [77.64327465850016, 12.98512886640013], [77.64327848830028, 12.9851298127002], [77.64328231930016, 12.98513075460016], [77.64328615140028, 12.98513169190016], [77.64329381910015, 12.98513355320008], [77.6432976546003, 12.98513447710031], [77.6433014913003, 12.98513539649999], [77.64330532900027, 12.9851363114003], [77.64330916790027, 12.98513722190022], [77.64331300780026, 12.98513812790013], [77.6433168489001, 12.98513902930017], [77.64332069110026, 12.98513992630016], [77.64332453430018, 12.98514081880028], [77.64332837860017, 12.98514170680015], [77.64333222400025, 12.98514259040018], [77.64333607050025, 12.98514346940022], [77.64333991810021, 12.98514434389993], [77.64334376670017, 12.9851452139002], [77.64334761630009, 12.98514607950007], [77.64335146700017, 12.98514694050022], [77.64335531880029, 12.98514779700013], [77.64335917160012, 12.98514864910029], [77.64336302540028, 12.98514949660028], [77.64336688020028, 12.98515033960022], [77.64337073610024, 12.98515117810017], [77.64337459300008, 12.98515201210024], [77.64337845090024, 12.98515284160027], [77.64338230980032, 12.98515366660006], [77.64338616970024, 12.98515448710021], [77.64339003060032, 12.98515530310027], [77.64339389240024, 12.9851561145003], [77.64339775530028, 12.98515692150029], [77.64340161920023, 12.9851577239], [77.64340548400024, 12.98515852180026], [77.6434093498002, 12.98515931520025], [77.6434209529002, 12.98516166830016], [77.64342482240012, 12.98516244360019], [77.64342869300032, 12.98516321440013], [77.64343256450024, 12.98516398070023], [77.64343643680024, 12.9851647424003], [77.64344031020016, 12.98516549970024], [77.64344418440017, 12.98516625240022], [77.6434480596002, 12.98516700050008], [77.64345193560017, 12.98516774420019], [77.64345581260021, 12.98516848330029], [77.64345969040016, 12.98516921790027], [77.64346356920021, 12.98516994790013], [77.64346744880017, 12.98517067340015], [77.64347132930017, 12.98517139440033], [77.64347521070022, 12.98517211080019], [77.64347909290025, 12.98517282270005], [77.6434829760001, 12.98517353010027], [77.6434868600003, 12.9851742329], [77.6434907448003, 12.9851749312001], [77.64349463050026, 12.9851756250002], [77.64349851700022, 12.98517631420014], [77.64350240430015, 12.98517699880023], [77.64350629250015, 12.98517767900017], [77.64351018150019, 12.98517835450014], [77.64351407130015, 12.98517902560032], [77.64351796190016, 12.98517969210025], [77.64352185330023, 12.98518035400031], [77.64352574550024, 12.98518101140028], [77.64352963860028, 12.98518166420026], [77.64353353240024, 12.98518231249995], [77.64353742700024, 12.98518295629997], [77.64354132240017, 12.98518359549998], [77.64354521850017, 12.98518423010023], [77.64354911540022, 12.98518486020016], [77.6435530131003, 12.98518548569998], [77.64355691160017, 12.98518610670011], [77.64356081080022, 12.9851867231002], [77.64356471070015, 12.98518733500025], [77.64356861140023, 12.98518794230022], [77.6435725128003, 12.98518854499999], [77.64357641500027, 12.9851891432002], [77.64358031780016, 12.98518973690021], [77.64358422140027, 12.98519032590002], [77.64358812570025, 12.98519091040014], [77.64359203070029, 12.98519149039999], [77.64359593640025, 12.98519206570016], [77.64359984290026, 12.98519263650029], [77.64360374990014, 12.98519320280017], [77.64360765770026, 12.98519376450018], [77.64361156620026, 12.98519432160015], [77.64361547530018, 12.98519487410027], [77.64361938510031, 12.98519542210012], [77.64362329560015, 12.98519596550028], [77.6436272067002, 12.98519650430025], [77.64363111850032, 12.98519703860029], [77.64363503090017, 12.98519756830014], [77.64363894400022, 12.9851980934003], [77.64364285770017, 12.98519861400018], [77.64364677200018, 12.98519912990026], [77.64365068700022, 12.98519964130003], [77.6436546026002, 12.98520014820015], [77.64365851880031, 12.98520065040003], [77.64366243560016, 12.98520114810027], [77.64366635300028, 12.98520164120019], [77.64367027100025, 12.98520212970027], [77.64367418950025, 12.98520261360011], [77.64367810870017, 12.98520309300011], [77.64368124242937, 12.98520347258448], [77.6436820285003, 12.98520356780023], [77.64368594880027, 12.98520403800027], [77.64368986970015, 12.98520450360031], [77.64369379110023, 12.98520496460027], [77.6436977131002, 12.98520542100015], [77.6437016357002, 12.98520587290018], [77.64370555880016, 12.98520632019994], [77.64370948250026, 12.98520676290026], [77.64371340670021, 12.98520720100009], [77.64371733140023, 12.98520763450029], [77.64372125660014, 12.98520806350025], [77.64372518240008, 12.98520848780008], [77.64372910860028, 12.98520890760011], [77.64373303540032, 12.98520932270027], [77.64373696270025, 12.98520973330018], [77.64374089050017, 12.98521013930018], [77.64374481870014, 12.98521054070017], [77.64374874750018, 12.98521093750024], [77.64375267670027, 12.98521132980015], [77.64375660640023, 12.98521171740015], [77.6437605366002, 12.9852121004003], [77.64376446720024, 12.98521247890017], [77.64376839830017, 12.9852128527002], [77.64377232990022, 12.98521322199995], [77.64377626190019, 12.98521358660026], [77.64378019430023, 12.98521394670029], [77.64378412720028, 12.98521430220028], [77.6437880605002, 12.98521465300019], [77.64379199420028, 12.98521499930026], [77.64379592830029, 12.98521534100025], [77.6437998629001, 12.98521567810019], [77.64380379780015, 12.98521601060026], [77.64380773320026, 12.98521633850009], [77.6438116689002, 12.98521666170024], [77.6438156051002, 12.98521698040014], [77.64381954160025, 12.98521729450017], [77.6438234785003, 12.98521760400019], [77.64382741580017, 12.98521790890026], [77.6438313534003, 12.98521820919996], [77.64383529140026, 12.98521850490015], [77.64383922980028, 12.98521879590025], [77.64384316850028, 12.98521908240012], [77.64384710760021, 12.98521936430018], [77.6438510470003, 12.98521964160012], [77.64385498670022, 12.98521991420019], [77.64385892680019, 12.98522018230021], [77.6438628672002, 12.98522044580023], [77.64386680790024, 12.98522070460029], [77.64387074890008, 12.98522095890019], [77.6438746902002, 12.98522120850013], [77.6438786318003, 12.98522145350027], [77.64388257370031, 12.98522169399997], [77.64388651600031, 12.98522192980015], [77.64389045840028, 12.98522216100025], [77.64389440120016, 12.98522238760019], [77.64389834430021, 12.98522260960021], [77.64390228760014, 12.98522282700015], [77.64390623110022, 12.98522303980024], [77.64391017500019, 12.9852232480003], [77.64391411900016, 12.98522345150024], [77.64391806340016, 12.98522365050017], [77.64392200790017, 12.98522384490023], [77.64392595270022, 12.98522403460021], [77.64392989770026, 12.98522421970018], [77.64393384300018, 12.98522440020004], [77.64393778840015, 12.98522457620005], [77.64394173410024, 12.98522474750019], [77.64394568000021, 12.98522491410004], [77.64394962600018, 12.98522507620025], [77.6442080550961, 12.98523553906902], [77.64442528920024, 12.98524433410025], [77.64442642370018, 12.98524438050009], [77.64442755810028, 12.98524442790006], [77.64442869250024, 12.9852444763003], [77.64442982680022, 12.98524452570022], [77.64443096110027, 12.98524457600023], [77.64443209530025, 12.98524462730023], [77.64443322950018, 12.9852446796002], [77.64443436370027, 12.9852447329002], [77.64443549780022, 12.98524478710021], [77.64443663180015, 12.98524484229993], [77.6444377658002, 12.98524489850017], [77.64443889980014, 12.9852449557003], [77.64444003370022, 12.9852450138003], [77.64444116750032, 12.98524507300023], [77.64444230130022, 12.98524513310023], [77.64444343500027, 12.98524519420016], [77.64444456870017, 12.9852452562002], [77.64444570240022, 12.98524531930009], [77.64444683590027, 12.98524538330009], [77.64444796940012, 12.98524544830018], [77.64444910290018, 12.98524551429999], [77.64445023630027, 12.98524558120027], [77.64445136960029, 12.98524564910024], [77.6444525029001, 12.9852457181002], [77.64445363610031, 12.98524578790017], [77.64445476920032, 12.98524585880029], [77.64445590230018, 12.98524593060022], [77.64445703530015, 12.98524600340015], [77.64445816830016, 12.98524607720015], [77.64445930120019, 12.98524615200024], [77.64446043400015, 12.98524622770021], [77.64446156670017, 12.98524630450025], [77.64446269940011, 12.98524638220026], [77.64446383200027, 12.9852464608001], [77.64446496450022, 12.98524654049991], [77.64446609700019, 12.9852466211002], [77.64446722940016, 12.98524670270012], [77.64446836170025, 12.98524678530021], [77.64446949400019, 12.98524686889998], [77.64447062610016, 12.98524695340022], [77.64447175820021, 12.98524703890019], [77.6444728902001, 12.98524712540024], [77.64447402220024, 12.98524721280017], [77.64447515400029, 12.98524730130025], [77.64447628580022, 12.98524739070018], [77.64447741750028, 12.98524748110027], [77.64447854910014, 12.98524757240016], [77.64447968070023, 12.98524766480024], [77.64448081210024, 12.98524775810017], [77.6444819435003, 12.98524785240022], [77.64448307480019, 12.98524794760015], [77.6444842060002, 12.9852480439002], [77.64448533710022, 12.98524814110008], [77.6444864681002, 12.98524823930017], [77.64448759900017, 12.98524833850026], [77.64448872990017, 12.98524843860031], [77.64448986060019, 12.98524853970004], [77.64449099130029, 12.98524864180024], [77.64449212190026, 12.98524874490017], [77.64449325230028, 12.98524884890014], [77.6444943827002, 12.98524895390027], [77.64449551300014, 12.98524905990028], [77.64449664320023, 12.98524916690021], [77.64449777330013, 12.98524927480018], [77.64449890330026, 12.98524938370031], [77.64450003320019, 12.98524949360027], [77.64450116300024, 12.9852496045002], [77.6445022927001, 12.98524971630017], [77.64450342230019, 12.98524982910026], [77.64450455180025, 12.98524994290027], [77.64450568120026, 12.98525005770016], [77.64450681050016, 12.98525017340013], [77.64450793970013, 12.98525029010022], [77.64450906880018, 12.98525040780019], [77.64451019780016, 12.98525052650028], [77.64451132670017, 12.98525064610025], [77.64451245540015, 12.9852507667001], [77.64451358410015, 12.98525088830031], [77.64451471260026, 12.98525101079996], [77.64451584110019, 12.98525113430033], [77.64451696940016, 12.98525125880018], [77.64451809760025, 12.98525138430015], [77.64451922570022, 12.9852515107002], [77.64452035370027, 12.98525163810013], [77.64452148160017, 12.98525176650018], [77.64452260930027, 12.98525189590015], [77.64452373700016, 12.9852520262002], [77.64452486450021, 12.98525215750018], [77.64452599190027, 12.98525228970015], [77.64452711920028, 12.98525242300032], [77.64452824640028, 12.98525255720017], [77.6445293734003, 12.98525269240026], [77.64453050030028, 12.98525282859991], [77.64454176270021, 12.98525424360031], [77.64454288820026, 12.9852543904002], [77.64454401360028, 12.98525453820021], [77.64454513890028, 12.9852546870003], [77.64454626400014, 12.98525483670028], [77.64454738900015, 12.98525498750017], [77.64454851390013, 12.98525513920022], [77.64454963860014, 12.98525529180008], [77.64455076320031, 12.98525544540025], [77.64455188760024, 12.9852556000003], [77.64455301200019, 12.98525575560027], [77.64455413610027, 12.98525591220017], [77.6445552602002, 12.98525606970014], [77.6445563840003, 12.98525622810019], [77.64455750780019, 12.98525638760013], [77.64455863140024, 12.98525654800018], [77.6445597548003, 12.98525670940019], [77.64456087820015, 12.98525687170021], [77.64456200130013, 12.98525703510018], [77.64456312430013, 12.98525719930019], [77.64456424720015, 12.98525736460017], [77.64456536990012, 12.98525753080014], [77.6445664925003, 12.98525769800028], [77.64456761490023, 12.98525786620013], [77.6445687372002, 12.98525803530026], [77.64456985930026, 12.98525820540028], [77.64457098130019, 12.98525837650021], [77.64457210310024, 12.98525854850022], [77.64457322480014, 12.98525872150016], [77.64457434630019, 12.98525889550017], [77.64457546760025, 12.98525907040027], [77.64457658880025, 12.98525924630008], [77.64457770980027, 12.98525942320022], [77.64457883070024, 12.98525960100015], [77.64457995140022, 12.98525977980029], [77.64458107200022, 12.9852599596003], [77.64458219240015, 12.98526014030016], [77.64458331260029, 12.98526032200017], [77.64458443260018, 12.98526050460019], [77.64458555250023, 12.98526068830024], [77.64458667230014, 12.9852608729001], [77.64458779190022, 12.98526105840007], [77.64458891130027, 12.98526124499993], [77.64459003050028, 12.98526143240026], [77.64459114960026, 12.98526162090012], [77.64459226840027, 12.98526181030029], [77.64459338720025, 12.98526200070019], [77.64459450570025, 12.98526219199993], [77.64459562410019, 12.98526238440018], [77.64459674230028, 12.98526257760012], [77.64459786040021, 12.98526277190017], [77.6445989782003, 12.98526296710031], [77.64460009590016, 12.98526316330013], [77.64460121340021, 12.98526336040026], [77.64460233070027, 12.98526355850008], [77.64460344790024, 12.98526375750022], [77.64460456490025, 12.98526395760023], [77.64460568170023, 12.98526415850017], [77.64460679830023, 12.98526436050019], [77.64460791470013, 12.98526456340028], [77.6446090310003, 12.9852647673003], [77.6446101470002, 12.9852649721002], [77.64461126290028, 12.98526517790021], [77.64461237860017, 12.98526538470007], [77.64461349410023, 12.98526559240025], [77.64461460950024, 12.98526580110019], [77.64461572460026, 12.98526601070016], [77.6446168396003, 12.98526622130022], [77.64461795430024, 12.98526643290016], [77.64461906890021, 12.98526664540026], [77.64462018330015, 12.98526685890003], [77.64462129750028, 12.98526707340009], [77.64462241150021, 12.98526728880027], [77.6446235253003, 12.98526750510029], [77.64462463890015, 12.98526772250026], [77.6446257523002, 12.98526794080016], [77.64462686550017, 12.98526816000026], [77.64462797850022, 12.98526838020028], [77.6446372413002, 12.98527038270016], [77.6446464271002, 12.9852727009], [77.64465552490019, 12.98527533210017], [77.6446645235003, 12.9852782730003], [77.64467341190023, 12.98528152010017], [77.64468217940016, 12.98528506950022], [77.64469081520015, 12.9852889168003], [77.64469930890026, 12.98529305720028], [77.64470765000023, 12.98529748590021], [77.64471582840018, 12.9853021973002], [77.64472383420029, 12.98530718570025], [77.64473165760018, 12.98531244520029], [77.64473928900024, 12.98531796910023], [77.64474671920014, 12.98532375090014], [77.64475393920021, 12.98532978340016], [77.64476094000015, 12.98533605940032], [77.64476771320028, 12.9853425712003], [77.64477425060022, 12.9853493107001], [77.64478054420022, 12.98535627000028], [77.64478658620017, 12.98536344040019], [77.64479236940021, 12.98537081320016], [77.64479788670026, 12.98537837940031], [77.64480313130021, 12.98538612980023], [77.64480357964202, 12.98538684535744], [77.64480809700022, 12.98539405510029], [77.64481277750014, 12.98540214539992], [77.64481716740018, 12.98541039100024], [77.64482126100027, 12.98541878190029], [77.64482505360031, 12.98542730770028], [77.64482854050027, 12.98543595810031], [77.64483171740027, 12.9854447226], [77.64483458040026, 12.98545359050017], [77.64483712620027, 12.98546255100028], [77.64483935150021, 12.98547159310015], [77.6448412536002, 12.98548070590026], [77.64484283030022, 12.98548987820014], [77.64484407960025, 12.98549909890026], [77.6448450000002, 12.98550835680015], [77.64484559030025, 12.98551764050016], [77.64484561239226, 12.9855184314822], [77.64484585000027, 12.98552693880025], [77.64484586330019, 12.98552979890013], [77.6448459791002, 12.9855380062002], [77.64484643700024, 12.98554777060017], [77.64484724210018, 12.98555751330014], [77.64484839340024, 12.98556722260019], [77.64484988960021, 12.98557688660027], [77.64485172880028, 12.98558649350006], [77.6448524879969, 12.98558981531245], [77.64485390870026, 12.98559603150017], [77.6448564267003, 12.98560548920023], [77.6448592798003, 12.98561485490005], [77.64486246450025, 12.98562411730018], [77.64486597680018, 12.98563326500017], [77.64486981260018, 12.98564228700024], [77.6448739670002, 12.98565117220018], [77.64487843520021, 12.98565990980018], [77.64488321160029, 12.98566848910009], [77.64488829040026, 12.98567689970031], [77.64489366540028, 12.98568513140027], [77.64489933010026, 12.98569317420025], [77.64490527750011, 12.98570101810018], [77.64491150050019, 12.98570865370026], [77.64491799140029, 12.98571607169999], [77.64492474240025, 12.98572326310019], [77.64493174520022, 12.98573021900024], [77.64493899120026, 12.98573693100024], [77.64494647170024, 12.98574339090005], [77.64495417760016, 12.98574959080021], [77.64496209940022, 12.98575552330022], [77.64497022740017, 12.98576118100009], [77.64497855190022, 12.98576655710001], [77.64498420016871, 12.98576993373059], [77.64498706270028, 12.98577164500027], [77.64499574930016, 12.98577643850023], [77.64500460120017, 12.98578093190024], [77.6450136076002, 12.98578511950019], [77.64502275760032, 12.98578899630023], [77.6450320400002, 12.98579255770028], [77.64504144340019, 12.98579579910011], [77.64505095650021, 12.98579871679999], [77.64506056760025, 12.98580130710025], [77.64507026510029, 12.98580356690024], [77.64508003700018, 12.98580549340027], [77.64508987160012, 12.98580708430029], [77.64509975680022, 12.98580833770019], [77.64510968050031, 12.98580925190027], [77.64511963080027, 12.98580982600015], [77.64512959540025, 12.98581005920029], [77.64513956230023, 12.98580995120028], [77.64514951930026, 12.98580950210009], [77.64515945420028, 12.9858087126001], [77.6451693549003, 12.98580758350029], [77.64517920950027, 12.98580611630025], [77.6451890058002, 12.9858043127003], [77.6451987319001, 12.98580217490028], [77.64520837610024, 12.98579970550016], [77.64522066460023, 12.98579655910022], [77.6452330576001, 12.98579383509995], [77.64524554000029, 12.98579153700012], [77.64525147107491, 12.98579065389997], [77.64525809660029, 12.98578966740017], [77.64527071210021, 12.9857882287002], [77.64528337110018, 12.98578722270032], [77.64529605820023, 12.98578665050023], [77.64530875790017, 12.98578651290022], [77.64532145480025, 12.98578681000021], [77.64533413330027, 12.98578754150019], [77.6453467781003, 12.98578870650021], [77.64535937380028, 12.98579030350026], [77.64537190490019, 12.98579233060019], [77.64538435630027, 12.98579478530023], [77.64539671270025, 12.98579766470027], [77.64540895910022, 12.98580096520022], [77.64542108060026, 12.98580468290017], [77.64543306240022, 12.98580881310015], [77.64544489000023, 12.98581335090017], [77.6454565488002, 12.98581829070018], [77.64546802480027, 12.9858236266003], [77.64547930380024, 12.98582935190013], [77.64549037230012, 12.98583545980028], [77.64550121660018, 12.98584194270001], [77.64551182360026, 12.98584879290026], [77.64552218040028, 12.98585600190022], [77.64553227430027, 12.9858635609002], [77.64554209310025, 12.98587146090018], [77.64554869610015, 12.98587710100032], [77.6455519529003, 12.98587994590024], [77.64555521490026, 12.98588278500024], [77.64555848220029, 12.98588561820019], [77.64556006483986, 12.98588698558819], [77.64556175480023, 12.98588844570018], [77.6455650327003, 12.98589126720026], [77.6455683157003, 12.98589408290009], [77.64557160400028, 12.98589689270012], [77.64557489750028, 12.9858996967002], [77.64557819630028, 12.98590249470003], [77.6455815002002, 12.98590528689994], [77.64558480930022, 12.98590807310001], [77.64558812350033, 12.98591085350028], [77.64559144300021, 12.98591362789999], [77.6455947675002, 12.9859163963003], [77.64559809730024, 12.98591915880017], [77.64560143210024, 12.98592191540031], [77.64560477210016, 12.98592466600026], [77.6456081171002, 12.98592741060013], [77.64561146730027, 12.98593014920028], [77.64561482260018, 12.98593288189998], [77.64561818290015, 12.98593560850009], [77.6456215483003, 12.98593832920023], [77.64562491870011, 12.98594104380014], [77.64562829420014, 12.98594375240024], [77.64563167470014, 12.98594645490015], [77.64563506020022, 12.98594915140025], [77.64563845070018, 12.98595184190015], [77.64564184620026, 12.98595452620022], [77.64564524680019, 12.98595720460032], [77.64564865220022, 12.98595987680018], [77.6456520627002, 12.98596254290028], [77.64565547800028, 12.9859652030001], [77.64565889840027, 12.98596785690016], [77.64566232360028, 12.98597050470018], [77.64566575380024, 12.9859731464], [77.64566918880024, 12.98597578200018], [77.64567262880017, 12.98597841140019], [77.64567607360014, 12.98598103460017], [77.64567952330026, 12.98598365170027], [77.6456829779002, 12.98598626260024], [77.64568643730031, 12.98598886740018], [77.64568990160025, 12.98599146600028], [77.64569337060026, 12.98599405830017], [77.64569684450022, 12.98599664450018], [77.64569854947042, 12.98599790895325], [77.64570032320019, 12.9859992244002], [77.64570380670024, 12.98600179820021], [77.6457072949002, 12.98600436570022], [77.64571078790021, 12.9860069269002], [77.64571428570031, 12.98600948189993], [77.64571778820027, 12.98601203070022], [77.64572129550017, 12.98601457320011], [77.64572480740026, 12.9860171094], [77.64572832410026, 12.98601963930021], [77.64573184540012, 12.98602216300022], [77.6457353715003, 12.98602468030019], [77.64573890220026, 12.98602719140031], [77.64574243760019, 12.9860296961002], [77.64574597760024, 12.98603219450029], [77.64574952230026, 12.98603468660014], [77.64575307160015, 12.98603717240014], [77.64575662550028, 12.9860396518003], [77.64576018400022, 12.98604212480023], [77.64576374710028, 12.98604459150015], [77.64576731480021, 12.9860470518002], [77.64577088700031, 12.98604950570024], [77.64577446380012, 12.9860519532002], [77.64577804510019, 12.98605439440017], [77.64578163100016, 12.98605682910021], [77.64578522140026, 12.98605925740033], [77.64578881630031, 12.98606167930013], [77.64579241570021, 12.98606409480009], [77.64579601960016, 12.98606650380005], [77.64579962790033, 12.98606890640029], [77.6458032407001, 12.98607130250013], [77.64580685790021, 12.98607369220032], [77.64581047960031, 12.98607607540028], [77.64581410570025, 12.9860784522], [77.64581773630023, 12.98608082240003], [77.64582137120028, 12.98608318610003], [77.64582501050027, 12.98608554340019], [77.64582865420022, 12.98608789410026], [77.64583230220019, 12.9860902384001], [77.64583595460017, 12.98609257610025], [77.64583961130016, 12.98609490730024], [77.64584327240023, 12.98609723189991], [77.64584693770028, 12.98609955000011], [77.64585060740019, 12.9861018615003], [77.64585428140033, 12.98610416650001], [77.64585795960028, 12.98610646490028], [77.64586164210027, 12.98610875670023], [77.64586532890029, 12.98611104190018], [77.64586901990016, 12.98611332060029], [77.64587271510023, 12.98611559260023], [77.64587641450017, 12.98611785810006], [77.64588011820024, 12.98612011690013], [77.64588382600014, 12.98612236909996], [77.6458875380003, 12.98612461470014], [77.64589125420024, 12.98612685360025], [77.64589497460027, 12.98612908590023], [77.64589869900021, 12.98613131150022], [77.6459024276002, 12.98613353049996], [77.64590616040027, 12.98613574280018], [77.6459098972003, 12.98613794840032], [77.64591363810013, 12.98614014740027], [77.6459173831002, 12.98614233960025], [77.64592113220027, 12.98614452520023], [77.6459248853003, 12.98614670410013], [77.64592864250017, 12.98614887620015], [77.64593240370029, 12.98615104160029], [77.64593616890012, 12.98615320030019], [77.64593993820023, 12.98615535230017], [77.64594371140026, 12.98615749750006], [77.64594748860013, 12.98615963600032], [77.6459512697002, 12.9861617678003], [77.64595505490028, 12.98616389270019], [77.64595884390032, 12.98616601090021], [77.64596263690022, 12.98616812230018], [77.64596643380027, 12.98617022700024], [77.64597023470026, 12.98617232480017], [77.64597403940029, 12.98617441590027], [77.64597784800033, 12.98617650020016], [77.64598166040032, 12.98617857760025], [77.64598547670028, 12.98618064820026], [77.64598929690027, 12.98618271200007], [77.64599312090023, 12.98618476899996], [77.64599694870014, 12.98618681910017], [77.64600078030027, 12.9861888624003], [77.64600461560019, 12.98619089890031], [77.64600845480027, 12.98619292840028], [77.64601229780025, 12.98619495120017], [77.6460161444001, 12.98619696700029], [77.6460199949003, 12.98619897600018], [77.6460238490003, 12.98620097810014], [77.64602770690026, 12.98620297320007], [77.64603156850018, 12.98620496150027], [77.64603543370026, 12.98620694290004], [77.64603930270026, 12.98620891740024], [77.64604317530029, 12.9862108850002], [77.64604705150013, 12.98621284560021], [77.6460509314003, 12.98621479930001], [77.64605481490018, 12.98621674610025], [77.64605870200022, 12.98621868590021], [77.64606259270026, 12.98622061880025], [77.64606648710027, 12.98622254470025], [77.64607038490023, 12.98622446360029], [77.64607428640015, 12.98622637560009], [77.64607819140019, 12.9862282806002], [77.64608209990024, 12.98623017870016], [77.64608601190021, 12.98623206970024], [77.64608992750028, 12.98623395370019], [77.64609384650014, 12.98623583080031], [77.64609776900018, 12.98623770080006], [77.64610169500014, 12.98623956380014], [77.64610562450027, 12.98624141980029], [77.64610955740011, 12.98624326880021], [77.64611349370028, 12.98624511070016], [77.64611743340025, 12.98624694570003], [77.64612137650018, 12.98624877350018], [77.64612532310018, 12.98625059430001], [77.64612927300014, 12.9862524081002], [77.6461332263002, 12.98625421480023], [77.64613718290025, 12.98625601440018], [77.6461411428002, 12.98625780689997], [77.64614510610029, 12.98625959240008], [77.64614907270014, 12.98626137080026], [77.64615304260032, 12.98626314210021], [77.6461570158002, 12.98626490630016], [77.64616099220018, 12.98626666340022], [77.64616497200018, 12.98626841340017], [77.64616895490019, 12.98627015620023], [77.6461729411002, 12.98627189199998], [77.64617693050029, 12.98627362060016], [77.6461809231003, 12.98627534209994], [77.64618491890032, 12.98627705640028], [77.6461889179002, 12.98627876360019], [77.64619292010018, 12.98628046370017], [77.64619692540026, 12.98628215660019], [77.64620093380029, 12.98628384229993], [77.64620494540021, 12.9862855209003], [77.64620896010022, 12.98628719230004], [77.64621765873352, 12.98629080452484], [77.64626582745693, 12.98631080723585], [77.6466679418844, 12.98647779066665], [77.6467326698773, 12.98650466983734], [77.64702628871197, 12.98662659901218], [77.64730478057174, 12.986742246507], [77.6473537764296, 12.98676259269677], [77.64735888887186, 12.98676471570734], [77.64743141510026, 12.98679483320024], [77.6474927968003, 12.98662794790018], [77.64747717670149, 12.98662146144237], [77.64747218896666, 12.98661939021774], [77.647416700346, 12.98659634781563], [77.64741230596906, 12.9865945229909], [77.64725614464523, 12.98652967488342], [77.6468007158087, 12.9863405518824], [77.64659091303315, 12.98625342843474], [77.64633053431392, 12.98614530264042], [77.64627939850025, 12.98612406780018], [77.64627453040022, 12.98612203950017], [77.64626966730022, 12.98611999980024], [77.64626480910017, 12.98611794869991], [77.64625995600021, 12.98611588620026], [77.64625510790013, 12.98611381240029], [77.64625026490016, 12.98611172710019], [77.64624542690028, 12.9861096306003], [77.6462405941002, 12.98610752270033], [77.64623576650017, 12.98610540350023], [77.64623094400008, 12.98610327290013], [77.64622612670028, 12.98610113110016], [77.64622131470024, 12.98609897800026], [77.64621650790029, 12.98609681360024], [77.64621170640014, 12.9860946380003], [77.6462069103003, 12.98609245110016], [77.64620211940014, 12.98609025290018], [77.64619733400018, 12.98608804360019], [77.64619255390026, 12.98608582300017], [77.64618777930019, 12.98608359120014], [77.64618301020023, 12.98608134830028], [77.64617824650024, 12.98607909410005], [77.64617348830016, 12.98607682880026], [77.64616873560026, 12.98607455240024], [77.64616398860026, 12.98607226480028], [77.64615924710027, 12.98606996609998], [77.64615451120028, 12.98606765630018], [77.64614978100025, 12.98606533540027], [77.64614505640013, 12.98606300340028], [77.64614033760023, 12.98606066030016], [77.64613562440023, 12.98605830620029], [77.64613091700028, 12.98605594100017], [77.64612621540026, 12.98605356490014], [77.64612151960023, 12.98605117770018], [77.64611682970023, 12.98604877950014], [77.64611214560017, 12.98604637030018], [77.6461074673003, 12.98604395010018], [77.64610279500027, 12.98604151900002], [77.6460981287002, 12.98603907690018], [77.64609346830031, 12.98603662390025], [77.64608881390023, 12.98603416000021], [77.64608416550017, 12.98603168520017], [77.64607952310031, 12.98602919940008], [77.64607488690024, 12.98602670280019], [77.64607025670018, 12.98602419540027], [77.6460656327002, 12.98602167710014], [77.64606101480014, 12.98601914800025], [77.64605640310032, 12.98601660800016], [77.64605179750014, 12.98601405720031], [77.6460471983002, 12.98601149570025], [77.64604260520025, 12.9860089234002], [77.64603801850019, 12.98600634030027], [77.64603343810029, 12.98600374650021], [77.64602886400023, 12.98600114190016], [77.64602429630025, 12.98599852659998], [77.64601973490028, 12.98599590070012], [77.64601518000018, 12.98599326400022], [77.64601063150032, 12.98599061670025], [77.6460060895003, 12.98598795870022], [77.64600155400029, 12.98598529010028], [77.6459970250002, 12.9859826108003], [77.6459925025003, 12.98597992100008], [77.64598798660029, 12.98597722049998], [77.64598347730015, 12.98597450950023], [77.64597897460025, 12.9859717879002], [77.64597447860025, 12.9859690557003], [77.64596998920028, 12.98596631300023], [77.64596550660026, 12.98596355980004], [77.64596103070022, 12.98596079620022], [77.64595656150028, 12.98595802200015], [77.6459520991002, 12.98595523730024], [77.64594764350022, 12.98595244220024], [77.64594319470018, 12.98594963670025], [77.64593875270013, 12.98594682070018], [77.64593431770021, 12.98594399440026], [77.64592988950024, 12.98594115760011], [77.64592546830028, 12.98593831050015], [77.64592105400023, 12.98593545300032], [77.6459166468003, 12.98593258520008], [77.64591224650026, 12.9859297070002], [77.64590785320028, 12.98592681860008], [77.64590346700025, 12.98592391980016], [77.64589908790016, 12.9859210108], [77.64589471590017, 12.9859180915002], [77.64589035100028, 12.98591516200016], [77.64588599320028, 12.98591222220027], [77.6458816427002, 12.98590927230003], [77.64587729930024, 12.98590631210014], [77.64587296320025, 12.98590334180022], [77.6458686343002, 12.98590036140029], [77.64586431270021, 12.98589737070016], [77.64585999840017, 12.9858943700002], [77.64585569140026, 12.98589135920027], [77.64585139180014, 12.98588833820025], [77.6458470996003, 12.98588530720025], [77.64584281470019, 12.98588226620027], [77.64583853730028, 12.9858792151003], [77.64583426740028, 12.98587615400009], [77.64583000490025, 12.98587308290031], [77.64582574990017, 12.98587000180014], [77.64582150240018, 12.98586691069992], [77.64581726250019, 12.98586380970015], [77.64581303010016, 12.98586069879997], [77.64580880540029, 12.98585757790015], [77.64580458830022, 12.98585444720021], [77.64580037880023, 12.98585130650027], [77.64579617690025, 12.98584815600009], [77.64579198280029, 12.98584499570019], [77.64578779640027, 12.98584182560028], [77.6457836177002, 12.98583864560014], [77.6457794468003, 12.98583545590016], [77.64577528370023, 12.98583225640029], [77.64577112840028, 12.98582904710027], [77.64576698090019, 12.98582582810024], [77.6457628413002, 12.98582259940025], [77.64575870950023, 12.98581936100014], [77.64575458570027, 12.9858161129002], [77.6457504698003, 12.98581285520017], [77.64574636190032, 12.98580958780029], [77.64574226190018, 12.9858063108003], [77.6457381699002, 12.98580302420015], [77.64573408600022, 12.9857997280002], [77.64573001010024, 12.98579642230008], [77.64572594220027, 12.98579310700029], [77.64572188250013, 12.98578978220029], [77.6457178309002, 12.9857864478003], [77.64571378740027, 12.98578310400022], [77.64570975210017, 12.98577975070018], [77.64570572500027, 12.98577638800019], [77.64570170600018, 12.98577301580027], [77.64569769530017, 12.98576963420023], [77.64569369290028, 12.98576624330019], [77.64568969870015, 12.98576284290022], [77.64568571290022, 12.98575943319998], [77.64568173540029, 12.98575601420014], [77.6456777662002, 12.98575258580017], [77.6456738053003, 12.98574914820029], [77.6456698529003, 12.98574570130029], [77.64566590890014, 12.98574224510016], [77.64566197330021, 12.98573877970027], [77.64565804620013, 12.98573530500026], [77.64565412760017, 12.98573182120021], [77.64565096025053, 12.98572899179187], [77.64565021740016, 12.98572832820012], [77.64564631580019, 12.98572482610023], [77.6456424227001, 12.98572131480018], [77.64563853830015, 12.98571779440021], [77.64563466240018, 12.98571426480008], [77.64563079510027, 12.98571072630011], [77.64562693640028, 12.98570717860025], [77.6456230864003, 12.9857036219002], [77.64561924510019, 12.9857000562003], [77.64561541250019, 12.98569648160013], [77.64561158860027, 12.98569289790003], [77.6456077735002, 12.98568930530026], [77.6456039672002, 12.98568570370032], [77.6456001696003, 12.98568209330018], [77.64559638080026, 12.98567847390028], [77.6455926009001, 12.98567484570014], [77.64558882980027, 12.98567120860008], [77.64558506760028, 12.98566756270013], [77.64558131430022, 12.98566390800015], [77.64557757000023, 12.98566024450025], [77.64557383450011, 12.98565657220022], [77.64557010800029, 12.98565289120024], [77.64556639060025, 12.98564920149993], [77.64556268210026, 12.98564550299995], [77.64555898260016, 12.98564179590028], [77.64555529220017, 12.98563808010017], [77.64555161090027, 12.98563435560014], [77.64554793860013, 12.98563062260031], [77.64554427550023, 12.98562688090017], [77.64554062150012, 12.98562313070022], [77.6455369766003, 12.98561937190014], [77.6455333409002, 12.98561560460031], [77.64552971440018, 12.9856118288002], [77.64552609710016, 12.98560804440017], [77.64552248910019, 12.98560425170017], [77.6455188903002, 12.9856004504003], [77.6455153008003, 12.98559664080018], [77.64551172060017, 12.98559282270018], [77.64550814970015, 12.98558899620019], [77.64547197470024, 12.98555013920025], [77.64546357660026, 12.98554079600024], [77.64545551600024, 12.98553117100028], [77.6454478029002, 12.98552127600026], [77.64544044660026, 12.98551112310002], [77.6454334561002, 12.98550072460016], [77.64542684000018, 12.98549009320028], [77.64542060620022, 12.9854792418003], [77.64541476240026, 12.98546818370026], [77.64540931570029, 12.98545693240009], [77.64540427270032, 12.98544550140031], [77.64539963960021, 12.98543390490023], [77.64539932830026, 12.98543308080032], [77.64539701460023, 12.9854271404003], [77.64539319140023, 12.98541811340016], [77.64538904920018, 12.9854092227003], [77.64538459320016, 12.9854004791003], [77.64537982870024, 12.98539189340015], [77.64537476150026, 12.98538347610021], [77.64536939790018, 12.98537523720017], [77.64536374440011, 12.98536718690018], [77.64535780780018, 12.98535933510025], [77.64535215850027, 12.98535186309999], [77.6453467785002, 12.9853442024002], [77.64534167450029, 12.98533636220027], [77.64533685250025, 12.98532835210029], [77.64533231860027, 12.98532018179993], [77.64532807820017, 12.98531186140024], [77.64532413640023, 12.98530340090026], [77.64532049820029, 12.98529481060023], [77.64531716790015, 12.98528610110027], [77.64531414950021, 12.98527728290022], [77.64531236130023, 12.98527151350014], [77.64531204430027, 12.98527052300018], [77.64531172980026, 12.98526953180017], [77.64531141780019, 12.98526853980029], [77.64531110830023, 12.98526754710029], [77.6453108013003, 12.98526655360029], [77.64531049680022, 12.98526555940017], [77.6453101949002, 12.9852645645002], [77.64530989540022, 12.98526356880012], [77.64530959850032, 12.9852625724002], [77.64530930410025, 12.98526157520019], [77.64530901220026, 12.98526057740031], [77.64530872280028, 12.98525957879995], [77.64530843590018, 12.98525857960015], [77.64530815160028, 12.98525757970026], [77.64530786980025, 12.9852565790003], [77.64530759050031, 12.9852555777003], [77.64530731370024, 12.98525457580018], [77.64530703950014, 12.98525357310025], [77.6453067678002, 12.98525256980021], [77.64530649870022, 12.98525156580029], [77.64530623210015, 12.98525056120012], [77.64530596800029, 12.98524955590012], [77.64530570640015, 12.98524855000004], [77.64530544740025, 12.98524754350027], [77.6453051910003, 12.98524653630027], [77.64530493700016, 12.98524552860023], [77.64530468570018, 12.9852445202003], [77.64530443680025, 12.9852435112003], [77.64530419060019, 12.98524250160022], [77.64530402030017, 12.98524179700032], [77.64533377945583, 12.98510214477913], [77.64537898744346, 12.98488999508292], [77.6454055191003, 12.98476548870032], [77.64546736250873, 12.98459769904575], [77.645534381252, 12.98441586799777], [77.64556611680024, 12.98432976510016], [77.64558914210026, 12.98421896690026], [77.64559723880014, 12.98418000570024], [77.64560513660022, 12.98414199240021], [77.64562431855389, 12.98404947123008], [77.64562892810024, 12.98402723780026], [77.64563975330013, 12.98397502410022], [77.64564871140023, 12.98393186350013], [77.64565106709291, 12.98392057786282], [77.64565486800022, 12.98390236850024], [77.64567271490019, 12.98381686880017], [77.64568860790018, 12.98374060080021], [77.64570173600022, 12.98367706890015], [77.6457192090001, 12.98359218060024], [77.64572874391361, 12.9835469290656], [77.64573706380027, 12.98350744390022], [77.64575586900031, 12.98341573700019], [77.6457763247002, 12.98331581830023], [77.64580821520025, 12.98316018910019], [77.64581057464409, 12.98314886437503], [77.64584508490026, 12.98298322400025], [77.64584996467308, 12.98293588347919], [77.64587353031959, 12.98270726423693], [77.6458987236003, 12.9824628547002], [77.64592897799484, 12.98189913371227], [77.64593747640022, 12.98185964959993], [77.64597241900032, 12.98170119080025], [77.64597635833485, 12.98168417288997], [77.64601521851661, 12.98151629704291], [77.64602854791548, 12.9814587140865], [77.64602865807575, 12.9814582381943], [77.64610802557193, 12.98111537089391], [77.64614394085339, 12.98096021700577], [77.64618916860023, 12.98076483330028], [77.64659601680016, 12.97935482070028], [77.64659724740018, 12.97934778550029], [77.64659840790027, 12.97934073880015], [77.64659949820025, 12.97933368140021], [77.64660051830033, 12.97932661379998], [77.64660146800021, 12.97931953690023], [77.64660234730025, 12.97931245120021], [77.64660315610018, 12.97930535740018], [77.64660389430024, 12.97929825619995], [77.64660456180026, 12.97929114829993], [77.64660515850024, 12.97928403440006], [77.64660568450023, 12.97927691500023], [77.6466061396002, 12.9792697910002], [77.6466065239003, 12.97926266300009], [77.64660683720025, 12.97925553160029], [77.64660707960032, 12.97924839760027], [77.64660725100025, 12.97924126160019], [77.64660735140029, 12.9792341243002], [77.64660738080022, 12.97922698630013], [77.64660733920026, 12.9792198485003], [77.64660722660024, 12.97921271130031], [77.64660704300023, 12.97920557560024], [77.64660678850016, 12.97919844200005], [77.64660646300018, 12.9791913112003], [77.64660606650027, 12.97918418380027], [77.64660559920031, 12.97917706050008], [77.64660506110026, 12.97916994210021], [77.6466044522003, 12.97916282910022], [77.64660377260027, 12.97915572230027], [77.64660302230021, 12.9791486223002], [77.64660220140023, 12.97914152990014], [77.64660131000024, 12.97913444560003], [77.64660034820015, 12.9791273702002], [77.64659931600023, 12.97912030440018], [77.64659821360026, 12.97911324870015], [77.64659704110028, 12.97910620400025], [77.6465957985003, 12.97909917080027], [77.64659448610018, 12.97909214980029], [77.64659310390023, 12.97908514170023], [77.64659165200027, 12.97907814720013], [77.64659013070023, 12.97907116680023], [77.64658853990022, 12.97906420140025], [77.64658688000024, 12.97905725150024], [77.64658515100018, 12.97905031790002], [77.64658335310027, 12.97904340110029], [77.64658148650024, 12.97903650180012], [77.64657955140031, 12.97902962070019], [77.64657754790015, 12.97902275850014], [77.64657547620021, 12.97901591570017], [77.64657333660024, 12.97900909310009], [77.64657112920014, 12.97900229130029], [77.64656885430018, 12.97899551090024], [77.64656651200015, 12.97898875260016], [77.64656410260015, 12.97898201710017], [77.64656162630031, 12.97897530490013], [77.64655908340018, 12.9789686167003], [77.64655647410024, 12.97896195320014], [77.64655379860022, 12.97895531490008], [77.64655105720023, 12.97894870260025], [77.64654825010024, 12.97894211680022], [77.64654537770012, 12.97893555810016], [77.64654244020016, 12.97892902730006], [77.64653943790023, 12.9789225249002], [77.64653637100025, 12.97891605150026], [77.64653323990024, 12.97890960770029], [77.64653004480022, 12.97890319420016], [77.64652678610027, 12.97889681160031], [77.64652346400015, 12.97889046050019], [77.64652007900014, 12.97888414140026], [77.64651663120019, 12.97887785500022], [77.64651312110026, 12.97887160190014], [77.64650954890016, 12.97886538270031], [77.64650591510018, 12.97885919800024], [77.64650221990019, 12.97885304830025], [77.6464984637002, 12.9788469343003], [77.64649464690017, 12.97884085640016], [77.64649076970028, 12.97883481539994], [77.64648683270019, 12.97882881180016], [77.64648283620018, 12.97882284610007], [77.6464787805002, 12.97881691890018], [77.64647466600019, 12.97881103090021], [77.64647049320028, 12.9788051824002], [77.64646626240021, 12.97879937420028], [77.64646197400022, 12.9787936067002], [77.64645762840026, 12.97878788050025], [77.6464532261002, 12.97878219610026], [77.64644876750032, 12.97877655420019], [77.64644425290027, 12.97877095510013], [77.64643968290021, 12.97876539950003], [77.6464350579003, 12.97875988790021], [77.64643037820008, 12.97875442080016], [77.6464256443003, 12.97874899880027], [77.64642085680025, 12.97874362220027], [77.64641601600017, 12.97873829180014], [77.64641112240012, 12.97873300790023], [77.64640617650024, 12.97872777100023], [77.64640117870022, 12.97872258180028], [77.64639612960025, 12.9787174406003], [77.64639102950014, 12.97871234790016], [77.64638587910024, 12.97870730430014], [77.64638067870008, 12.97870231020021], [77.64637542890021, 12.9786973660002], [77.64637013010025, 12.97869247240015], [77.64636478300025, 12.97868762960003], [77.64635938790025, 12.97868283820003], [77.64635394540026, 12.97867809870024], [77.64634845600021, 12.97867341150025], [77.64634292020031, 12.97866877700015], [77.64633733870029, 12.97866419570021], [77.64633171180027, 12.97865966800027], [77.64632604010016, 12.97865519430026], [77.64632032430025, 12.97865077520014], [77.64631456470016, 12.9786464109003], [77.64630876200017, 12.97864210190022], [77.64630291670028, 12.97863784860027], [77.6462970294002, 12.97863365150016], [77.64629110060015, 12.9786295109003], [77.64628513090025, 12.9786254272002], [77.64627912080027, 12.97862140080015], [77.64627307110017, 12.9786174320003], [77.64626698210027, 12.97861352140029], [77.64626085450016, 12.97860966920029], [77.64625468880017, 12.97860587580022], [77.6462484858003, 12.97860214150023], [77.64624224590018, 12.97859846680025], [77.6462359697001, 12.97859485200003], [77.64622965790018, 12.97859129730021], [77.64622331100026, 12.97858780320008], [77.6462169297002, 12.97858437000024], [77.64621051450024, 12.97858099800008], [77.64621004310203, 12.97858075599958], [77.64620406610022, 12.97857768760021], [77.64619758500028, 12.97857443900022], [77.64619107200018, 12.97857125250027], [77.64618452750028, 12.97856812850018], [77.64617795230022, 12.97856506730016], [77.64617134700023, 12.97856206910007], [77.64616471210032, 12.97855913420027], [77.64615804840032, 12.97855626300015], [77.6461513565003, 12.97855345560008], [77.64614463690013, 12.97855071240029], [77.64613789030022, 12.97854803360019], [77.64613111750013, 12.97854541950017], [77.64612431890026, 12.9785428703002], [77.64611749540025, 12.97854038630016], [77.64611064740025, 12.97853796760024], [77.64610377570024, 12.97853561460016], [77.6460968809003, 12.97853332740021], [77.64608996370013, 12.97853110630031], [77.64608302480019, 12.97852895150021], [77.64607606470014, 12.9785268632002], [77.64606908420024, 12.97852484150023], [77.64606208390018, 12.97852288680019], [77.64605506450016, 12.97852099900023], [77.64604802670014, 12.9785191786002], [77.64604097110008, 12.97851742550018], [77.64603389830017, 12.9785157400002], [77.64602680920018, 12.9785141223001], [77.64601970430023, 12.97851257250017], [77.64601258430021, 12.97851109070025], [77.64600545000029, 12.97850967710017], [77.64599830190018, 12.9785083318003], [77.64599114070023, 12.97850705500032], [77.6459839672002, 12.97850584670018], [77.6459767820002, 12.97850470710012], [77.64596958590016, 12.97850363630015], [77.6459623794002, 12.97850263440007], [77.64595516330029, 12.97850170150007], [77.64594793820017, 12.9785008377002], [77.64594070500017, 12.9785000430003], [77.64593346410021, 12.97849931760028], [77.64592621640013, 12.97849866140018], [77.64591896250029, 12.97849807470025], [77.64591170310025, 12.97849755730029], [77.64590443890017, 12.97849710940021], [77.64589717060029, 12.97849673110018], [77.64588989890025, 12.97849642230028], [77.64588262440024, 12.9784961831001], [77.6458753479002, 12.97849601350016], [77.64586807010028, 12.97849591349996], [77.64586079170016, 12.97849588310011], [77.64585351320024, 12.9784959224002], [77.64479855711846, 12.97849168268725], [77.64477785790028, 12.97849159950016], [77.64430892180025, 12.97847807800032], [77.6442054376895, 12.97847468979272], [77.64412810520668, 12.97847215782413], [77.6428821487629, 12.97843136355097], [77.64275020390022, 12.97842704350013], [77.64240985390028, 12.97841589870017], [77.64235488340016, 12.9784141075001], [77.64219002640027, 12.97840873560022], [77.64152880660016, 12.97838718840027], [77.64152320260017, 12.97838685880008], [77.64151760180023, 12.97838648140013], [77.64151200450017, 12.97838605620018], [77.64150641120027, 12.97838558330022], [77.64150082230024, 12.9783850626003], [77.64149523820014, 12.97838449420021], [77.6414896594002, 12.97838387809996], [77.6414840863003, 12.97838321449994], [77.64147851930028, 12.97838250320012], [77.64147295880029, 12.97838174450022], [77.64146740530028, 12.97838093839995], [77.64146185910018, 12.97838008480028], [77.64145632070016, 12.97837918390029], [77.64145079050026, 12.97837823580021], [77.64144526890016, 12.97837724050021], [77.64143975640019, 12.97837619810024], [77.64143425340016, 12.97837510870023], [77.64142876020031, 12.97837397230006], [77.64142327730013, 12.9783727890002], [77.6414178052002, 12.97837155899994], [77.64141551965973, 12.97837102472671], [77.64141234410023, 12.97837028240031], [77.64140689460014, 12.97836895910024], [77.64140145710029, 12.97836758940021], [77.64139603190029, 12.97836617330021], [77.64139061950016, 12.97836471090021], [77.64138522030011, 12.97836320240025], [77.64137983470022, 12.97836164780024], [77.64137446310018, 12.97836004730026], [77.64136910590021, 12.97835840110025], [77.64136376350025, 12.97835670910011], [77.64135843630021, 12.97835497160004], [77.64135312480018, 12.97835318870018], [77.64134782930029, 12.97835136040014], [77.64134255020014, 12.97834948710027], [77.64133728800022, 12.97834756870027], [77.64133204290022, 12.97834560549995], [77.64132681560024, 12.97834359759998], [77.64132160620017, 12.97834154510029], [77.64131641520021, 12.97833944830024], [77.6413112431003, 12.97833730720014], [77.64130609020032, 12.9783351220002], [77.6413009568003, 12.9783328928999], [77.6412958435003, 12.97833062000019], [77.64129075050016, 12.97832830360015], [77.64128567830022, 12.97832594380016], [77.64128062720029, 12.9783235408002], [77.64127559760023, 12.97832109470016], [77.64127059000022, 12.97831860580027], [77.6412656046002, 12.97831607420022], [77.64126064190027, 12.97831350020021], [77.64125570220023, 12.97831088390011], [77.64125078590014, 12.97830822550025], [77.64124589350025, 12.97830552530019], [77.64124102520013, 12.97830278330032], [77.64123618140029, 12.97829999989993], [77.6412313625002, 12.97829717530022], [77.64122656880016, 12.97829430960018], [77.64122180080018, 12.97829140310022], [77.64121705880031, 12.97828845600026], [77.64121234310028, 12.97828546860025], [77.64120765410013, 12.9782824410002], [77.64120299210033, 12.97827937339998], [77.64119835760023, 12.97827626620017], [77.64119375080013, 12.97827311950014], [77.64118917220027, 12.97826993360032], [77.64118462200018, 12.97826670879994], [77.64118010060024, 12.97826344520022], [77.64117560830014, 12.97826014310015], [77.64117114550027, 12.97825680290019], [77.64116671260017, 12.97825342460028], [77.6411623098003, 12.97825000859995], [77.64115793750021, 12.97824655510027], [77.64115359600025, 12.97824306450026], [77.64114928560025, 12.9782395369002], [77.64114500680017, 12.97823597270023], [77.64114075970026, 12.97823237200021], [77.64113654480019, 12.97822873530003], [77.64113236230033, 12.97822506260021], [77.64112821260022, 12.97822135440026], [77.64112409600017, 12.97821761100015], [77.64112001270023, 12.97821383250016], [77.64111596320014, 12.97821001930028], [77.64111194760017, 12.97820617160016], [77.64110796640027, 12.9782022899002], [77.64110401970026, 12.97819837430028], [77.6411001080001, 12.97819442510019], [77.6410962315003, 12.97819044270022], [77.64109239050026, 12.97818642730029], [77.64108858530018, 12.97818237930011], [77.64108481610032, 12.97817829899993], [77.64108108330028, 12.97817418660027], [77.64107738720014, 12.97817004260025], [77.64107372800028, 12.97816586710015], [77.6410701060003, 12.97816166050028], [77.64106652150012, 12.97815742320017], [77.64106297470015, 12.97815315540021], [77.64105946600013, 12.97814885760022], [77.64105599550017, 12.97814452990026], [77.64105256360024, 12.9781401727003], [77.6410491705002, 12.97813578650029], [77.64104581650012, 12.97813137140021], [77.64104250180033, 12.9781269278002], [77.6410392267003, 12.97812245610019], [77.64103599130027, 12.97811795670026], [77.64103279610025, 12.97811342970016], [77.64102964120026, 12.9781088757003], [77.64102652680033, 12.97810429490021], [77.64102345320028, 12.97809968770027], [77.64102042060019, 12.97809505440028], [77.64101742920029, 12.97809039540017], [77.64101447930028, 12.97808571100031], [77.64101157120017, 12.97808100160028], [77.64100870490029, 12.97807626760028], [77.64100588080022, 12.97807150930021], [77.64100309900014, 12.97806672700029], [77.6410003598002, 12.97806192120026], [77.6409976633003, 12.97805709219994], [77.64099500990028, 12.97805224030009], [77.64099239950026, 12.97804736600021], [77.64098983260028, 12.97804246959993], [77.64098730920011, 12.97803755140024], [77.64098482960031, 12.97803261190023], [77.64098239390019, 12.9780276514003], [77.64098000240016, 12.97802267020013], [77.64097765520023, 12.97801766890011], [77.64097535240013, 12.97801264770014], [77.64097309430014, 12.97800760700024], [77.6409708811002, 12.97800254730014], [77.6409687128003, 12.97799746880024], [77.64096658970028, 12.97799237200026], [77.64096451200027, 12.97798725730011], [77.64096247970026, 12.97798212510025], [77.64096049310025, 12.97797697570018], [77.64095855220017, 12.97797180949992], [77.64095665730026, 12.97796662690017], [77.64095480850023, 12.97796142840026], [77.6409530058002, 12.97795621430014], [77.6409512496002, 12.97795098490031], [77.64094953980027, 12.97794574080024], [77.64094787670017, 12.97794048230024], [77.6409462603002, 12.97793520980033], [77.64094469070027, 12.97792992370025], [77.64094316820031, 12.97792462440021], [77.64094169270022, 12.97791931220029], [77.64094026450026, 12.97791398770017], [77.64093888350027, 12.97790865120021], [77.6409375501002, 12.97790330310028], [77.64093626410029, 12.97789794390008], [77.64093502570027, 12.97789257379999], [77.64093383510017, 12.97788719340019], [77.64093269230015, 12.9778818030003], [77.64093159740014, 12.97787640310021], [77.64093055050017, 12.97787099400017], [77.64092955160021, 12.97786557620008], [77.64092860080025, 12.97786015010019], [77.6409276983003, 12.97785471600026], [77.64092684400019, 12.97784927450021], [77.64092603810029, 12.97784382590004], [77.6409252806003, 12.97783837050019], [77.64092457150032, 12.97783290900013], [77.64092391090018, 12.97782744160024], [77.6409232989003, 12.97782196870027], [77.64092273550017, 12.97781649090017], [77.64092222080025, 12.97781100840024], [77.64092175470017, 12.97780552170027], [77.64092133740017, 12.97780003130009], [77.6409209688003, 12.97779453750019], [77.64092064900028, 12.97778904080018], [77.64092037810018, 12.97778354160016], [77.64092015590016, 12.97777804019995], [77.64091998260022, 12.97777253719993], [77.64091985820018, 12.9777670329002], [77.64091978260016, 12.97776152770014], [77.64091975590013, 12.97775602210025], [77.64091977800028, 12.97775051649999], [77.64091984910021, 12.97774501130018], [77.64091996900022, 12.9777395069002], [77.64092013780015, 12.97773400369998], [77.6409203554003, 12.97772850220029], [77.6409206219002, 12.97772300270027], [77.64095626860019, 12.97723696479999], [77.64098061760016, 12.97690497120009], [77.6409827151003, 12.97686933000022], [77.64098547018602, 12.97682238904194], [77.64099101200014, 12.97672796800008], [77.64099852680016, 12.97659486800029], [77.64100419310027, 12.97649159490014], [77.64100963780025, 12.97639236040029], [77.64101279210018, 12.97633487040033], [77.64101570444524, 12.97627862747617], [77.64102359900028, 12.97612616860028], [77.64103415180016, 12.97590001850024], [77.64105562210017, 12.97540297400024], [77.6410668725003, 12.97515844460031], [77.64107325200024, 12.9750293102003], [77.64108383510028, 12.97481563390016], [77.64109132228663, 12.97466410164942], [77.64109343290015, 12.9746213852002], [77.64110550040027, 12.97439369440006], [77.6411167073414, 12.97419659909575], [77.64111747510026, 12.97418309660026], [77.64112218330028, 12.97410243710022], [77.64114181710028, 12.9737596724002], [77.64114599470025, 12.97368361870014], [77.6411495487002, 12.97361789000018], [77.64115310670029, 12.97354887030019], [77.6411588241002, 12.97343843290032], [77.6411718735002, 12.97319630320019], [77.64117752550027, 12.97309360419997], [77.6411846152003, 12.97296495640019], [77.64119152490031, 12.97283985570028], [77.64119689490023, 12.97274255320014], [77.64119995540017, 12.97268709720015], [77.64120291730025, 12.97262867270031], [77.64121013340029, 12.9724838809002], [77.64121643400017, 12.97236473180021], [77.6412202531972, 12.97229471005181], [77.64122121740029, 12.97227703220027], [77.64123126940028, 12.97208384430031], [77.64123684400026, 12.97197624440024], [77.64124281060027, 12.97185979890024], [77.64124674220024, 12.9717783870001], [77.64125713076949, 12.97159108929407], [77.6412641740002, 12.97146410540023], [77.64126881420027, 12.9713432085003], [77.64127422510023, 12.97122938080032], [77.64128072010017, 12.97108660450021], [77.64128761460023, 12.97094071030017], [77.64129212910028, 12.97084708780022], [77.64129754730021, 12.97073212630018], [77.6413026522002, 12.97063063570022], [77.64130370282737, 12.97061083889498], [77.64131368420023, 12.97042276140024], [77.64133072332781, 12.97017055107314], [77.6413318472002, 12.97015391570022], [77.6413360870002, 12.9700799852003], [77.64134183960023, 12.96998429600022], [77.64134359595654, 12.96995725910257], [77.6413488142003, 12.96987693080013], [77.64135216340033, 12.96982443190018], [77.64135510470014, 12.96977295560016], [77.64135565900023, 12.96976325340023], [77.64135675041342, 12.969744151661], [77.64135813570687, 12.96971990647522], [77.64135927010028, 12.96970005250024], [77.64136309700028, 12.96963296140028], [77.64136909700629, 12.96952524124857], [77.64137032958956, 12.96950311226116], [77.64137213270014, 12.96947074040025], [77.6413741953213, 12.96943295556667], [77.64137497671193, 12.96941864139534], [77.64137683470017, 12.96938460520012], [77.64138145781997, 12.96929776477623], [77.6413814747002, 12.96929744770006], [77.64138696610026, 12.9691942352002], [77.64138761052129, 12.96918187258063], [77.64139279750013, 12.96908236520017], [77.6413971316648, 12.96899985625829], [77.64139993280033, 12.96894653140016], [77.64140168809276, 12.96891347786266], [77.64140565160017, 12.96883884190017], [77.64141077830027, 12.96874230380013], [77.64141290126626, 12.96869814060279], [77.64141550416797, 12.96864399349799], [77.6414223701003, 12.96850116430016], [77.64142580619135, 12.96842973740125], [77.6414286400003, 12.96837083030021], [77.64143496540822, 12.96824209497453], [77.64143542020018, 12.96823283900022], [77.641439319199, 12.9681527681402], [77.64144284250028, 12.9680804127002], [77.64145040460022, 12.96794585640022], [77.64145324427875, 12.96789381848792], [77.64145573380942, 12.96784819713143], [77.64145622630015, 12.96783917210023], [77.64146329880022, 12.96770595690015], [77.64147016200018, 12.96757498190023], [77.64147117410026, 12.96755571210023], [77.64147456350175, 12.96751768946383], [77.64147776630209, 12.96748176013636], [77.64150173204028, 12.96721291015077], [77.64151297641955, 12.96708676960952], [77.64152516523806, 12.96695003425567], [77.64154046576407, 12.96677839146306], [77.6415521279098, 12.96664756437845], [77.64156237212883, 12.96653264373033], [77.6415629538489, 12.96652611793867], [77.64157057347204, 12.96644064026361], [77.64157217758104, 12.96642264521152], [77.64157417419939, 12.96640024695159], [77.64159128711424, 12.96620827260601], [77.64159207740028, 12.9661994071002], [77.64159508132678, 12.96613800808097], [77.64159623970026, 12.96611433140008], [77.64159806517735, 12.96607499156169], [77.64159828553012, 12.96607024286457], [77.64160258660019, 12.96597755290007], [77.64160497368748, 12.96592524823411], [77.64160730870026, 12.96587408460022], [77.6416122612002, 12.96576977170019], [77.64161663910015, 12.96567908047821], [77.64161751850018, 12.96566086310001], [77.64162344100015, 12.96555311790025], [77.64162988050016, 12.96543334500025], [77.64163696030015, 12.96529761740021], [77.6416422837002, 12.96519919080022], [77.64164677480012, 12.96511672260027], [77.6416523984002, 12.96501228110018], [77.64165747360022, 12.96491638740032], [77.64166234910022, 12.96482426670025], [77.64166253852413, 12.96482065750211], [77.64166816750021, 12.96471340550023], [77.64166962166352, 12.96468564734854], [77.64167343560457, 12.9646128440015], [77.64167450590018, 12.96459241340009], [77.64167989220014, 12.9644895932003], [77.64168364880014, 12.9644178848002], [77.6416882885032, 12.96429994487925], [77.6416966822003, 12.96408657950021], [77.64171389200028, 12.96374368920021], [77.641723061445, 12.9635835072545], [77.64172965560014, 12.96346831330021], [77.64173921808195, 12.96325893068904], [77.64175747459741, 12.96285918123998], [77.64176020529572, 12.96279938915162], [77.6417648907003, 12.96269679630024], [77.64179873401902, 12.96222089082498], [77.64181574890029, 12.96198162720026], [77.64181660920195, 12.96196732979292], [77.64181661349396, 12.96196725846294], [77.641830810548, 12.9617313167232], [77.64183979575687, 12.96158199096963], [77.64184283738246, 12.96153144199843], [77.64185006780104, 12.96141127921794], [77.64185325348036, 12.9613583362106], [77.64185710380018, 12.96129434750007], [77.64186042896564, 12.96120504932218], [77.6418668818593, 12.96103175518738], [77.6418702252002, 12.96094196890021], [77.64186669975054, 12.96088920527582], [77.64186270690028, 12.96082944630026], [77.64185586470016, 12.96073073200024], [77.64184890850015, 12.96065654250014], [77.64184803439967, 12.96064985169603], [77.64183986910011, 12.96058735040013], [77.64180747380003, 12.96030869720005], [77.64174254650005, 12.95975658229993], [77.64173665040005, 12.95972156970004], [77.6417218885001, 12.9596150879001], [77.64170341390013, 12.95941416620002], [77.64170180505744, 12.95939683544027], [77.64168627152621, 12.9592295052678], [77.64161881587927, 12.95850286013121]]]]}, "properties": {"name": "Old Madras Road to Central Silk Board Elevated Corridor", "source": "https://data.opencity.in/dataset/elevated-corridor-from-old-madras-road-to-central-silk-board-documents"}}]}